"region_id","2015","2016","2017","2018","2019","2020","2021","2022","2023","2024"
"BE10","37.1","37.1","36.4","36.3","36.0","35.6","35.1","35.1","34.6","34.8"
"BE21","36.8","36.7","36.4","36.2","36.2","35.4","35.0","34.6","34.6","34.5"
"BE22","36.2","36.4","35.8","35.7","35.7","35.1","33.6","33.3","33.2","33.1"
"BE23","37.2","37.1","36.6","36.7","36.5","35.9","35.6","35.1","35.3","34.6"
"BE24","38.0","37.9","37.4","37.1","37.3","36.4","35.8","35.9","35.7","34.8"
"BE25","37.9","37.8","37.7","37.7","37.6","36.6","35.9","36.1","35.4","35.3"
"BE31","38.0","37.3","36.3","36.8","36.5","35.8","34.8","34.9","35.1","34.4"
"BE32","36.6","37.5","36.0","36.3","35.8","35.3","33.4","34.6","34.4","34.2"
"BE33","36.3","36.1","35.5","35.4","35.9","34.6","34.2","34.3","35.0","34.5"
"BE34","36.1","35.7","35.7","35.8","35.9","35.6","35.5","34.8","35.6","35.5"
"BE35","37.1","36.5","36.8","37.1","36.9","35.8","35.4","35.0","35.4","34.3"
"BG31","39.7","39.8","39.8","40.1","39.7","39.5","39.5","39.3","39.1","38.9"
"BG32","39.6","39.6","39.3","39.2","39.0","38.8","38.6","38.6","38.6","38.4"
"BG33","41.1","40.9","40.6","40.3","40.0","39.8","39.7","39.5","39.2","39.2"
"BG34","40.2","40.2","40.2","40.4","40.5","40.4","40.4","40.1","39.9","39.7"
"BG41","39.6","39.9","39.4","39.3","39.2","38.8","39.0","38.6","38.4","38.6"
"BG42","41.2","41.1","41.0","40.6","40.1","39.8","40.3","39.8","39.5","39.5"
"CZ01","38.8","38.7","38.8","38.9","38.5","36.6","37.5","36.2","37.1","36.9"
"CZ02","40.2","40.6","40.0","39.5","39.6","38.4","38.3","38.0","38.2","38.2"
"CZ03","39.0","39.3","38.9","38.9","38.8","37.9","38.2","37.9","37.9","37.9"
"CZ04","39.9","40.5","40.1","40.1","40.0","39.0","39.4","38.8","38.7","38.8"
"CZ05","39.4","39.8","39.5","39.4","39.4","38.6","38.7","38.3","37.9","38.1"
"CZ06","39.0","39.3","38.9","38.9","38.9","38.1","38.5","38.1","37.8","37.8"
"CZ07","39.2","39.1","38.8","38.6","38.9","37.9","38.3","38.1","37.7","38.1"
"CZ08","38.4","38.6","38.4","37.9","37.6","37.1","37.3","36.6","36.8","36.9"
"DK01","35.5","35.0","34.8","34.5","34.2","34.4","35.0","34.1","34.0","33.8"
"DK02","36.3","36.3","36.3","35.9","35.0","35.5","35.6","35.5","35.3","34.7"
"DK03","36.2","35.6","35.9","35.5","35.0","35.3","35.4","35.1","34.5","33.9"
"DK04","35.5","34.9","35.2","34.9","34.7","34.5","34.8","34.2","33.6","33.5"
"DK05","36.3","35.9","35.4","35.4","35.2","35.3","35.4","35.3","35.0","33.9"
"DE11","35.4","35.5","35.3","35.1","35.3","34.1","34.3","34.3","33.9","33.7"
"DE12","35.2","35.4","35.0","35.1","35.1","33.6","34.5","34.4","33.9","33.8"
"DE13","35.1","35.2","34.7","34.8","35.1","34.1","34.1","34.1","33.6","33.4"
"DE14","34.8","35.1","34.7","34.6","34.8","33.7","34.1","33.7","33.5","33.5"
"DE21","36.4","36.3","36.1","36.1","36.0","35.0","34.9","35.1","34.4","34.4"
"DE22","34.9","34.9","34.4","34.3","34.5","33.7","34.1","33.9","33.6","33.7"
"DE23","35.3","35.2","34.5","34.8","34.6","33.3","33.9","33.8","33.4","33.1"
"DE24","34.7","35.3","34.5","34.6","34.4","33.7","34.5","34.2","34.1","33.8"
"DE25","35.4","35.6","35.2","35.5","35.2","34.7","34.8","34.4","33.5","33.9"
"DE26","34.8","34.4","34.5","34.6","34.3","33.2","33.7","33.5","33.4","33.4"
"DE27","35.6","35.4","35.3","35.3","35.0","33.9","34.7","34.5","33.7","33.7"
"DE30","35.9","36.1","35.9","36.0","35.8","34.9","34.9","34.9","33.9","34.1"
"DE40","37.2","37.5","37.1","37.4","37.1","36.5","36.6","36.0","35.6","35.4"
"DE50","34.3","34.6","34.1","34.0","34.2","33.3","33.4","33.4","32.5","33.2"
"DE60","36.3","36.7","36.5","36.4","36.0","34.4","35.2","35.5","35.0","34.6"
"DE71","35.8","35.9","35.5","35.5","35.6","34.3","34.6","34.4","34.4","34.2"
"DE72","34.6","34.5","34.0","34.2","34.5","33.7","33.6","34.2","33.5","33.4"
"DE73","34.6","34.7","34.4","34.7","34.4","34.1","34.1","34.5","33.2","33.3"
"DE80","37.5","37.5","37.0","36.8","36.7","36.6","36.7","36.1","35.4","35.2"
"DE91","34.6","34.6","34.6","34.5","34.3","34.0","33.9","33.4","32.9","33.4"
"DE92","35.1","35.3","35.2","34.7","34.6","33.8","34.0","34.2","33.5","33.4"
"DE93","35.9","35.4","35.5","35.2","35.0","34.3","34.3","34.4","34.6","33.9"
"DE94","34.8","35.2","34.8","35.0","34.8","33.6","33.8","33.7","33.5","33.6"
"DEA1","35.4","35.7","35.6","35.3","35.3","34.5","34.5","34.6","34.2","34.1"
"DEA2","35.6","35.4","35.3","35.2","35.0","33.7","34.3","34.5","34.1","33.8"
"DEA3","34.7","34.6","34.3","34.2","34.2","33.6","33.6","33.6","33.1","33.3"
"DEA4","34.8","34.9","34.7","34.3","34.1","33.8","33.7","34.1","34.1","33.4"
"DEA5","34.7","34.8","34.4","34.5","34.3","33.7","33.9","33.8","33.6","33.7"
"DEB1","35.3","35.1","34.8","35.0","34.9","34.2","34.4","34.5","33.5","33.7"
"DEB2","34.5","34.9","34.8","35.4","34.8","34.2","33.5","34.1","33.7","33.3"
"DEB3","35.1","35.0","34.2","34.6","34.5","34.3","34.2","34.1","33.5","33.3"
"DEC0","34.9","34.7","34.5","34.6","34.7","34.1","34.8","34.0","33.0","33.6"
"DED2","36.7","37.0","37.0","36.8","36.3","36.2","36.6","36.4","35.1","34.6"
"DED4","37.5","37.6","37.4","37.1","37.1","36.8","36.8","36.4","35.4","34.9"
"DED5","37.1","37.2","37.0","36.5","36.5","35.5","36.0","35.9","35.2","34.6"
"DEE0","37.1","37.4","37.1","37.2","36.9","36.5","37.0","36.7","35.7","35.6"
"DEF0","35.4","35.6","35.4","35.3","35.3","34.5","34.5","34.6","33.9","33.7"
"DEG0","37.4","37.6","36.9","36.9","36.9","36.0","36.6","36.1","35.7","35.5"
"EE00","38.1","38.5","38.6","37.9","37.9","37.1","36.9","36.8","36.4","36.5"
"IE04","35.6","36.0","36.4","36.4","36.4","36.7","36.6","35.9","35.2","34.6"
"IE05","35.6","36.1","36.3","37.0","36.7","36.6","36.2","36.2","35.5","35.2"
"IE06","35.6","35.8","36.3","36.7","36.8","36.5","36.3","36.0","35.6","35.3"
"EL30","39.7","40.2","39.9","39.9","39.7","39.3","39.2","38.8","39.5","38.9"
"EL41","43.8","43.6","42.6","41.8","41.3","39.2","39.7","40.0","39.6","39.7"
"EL42","44.6","45.0","44.6","45.3","45.6","43.6","42.2","44.3","43.5","43.2"
"EL43","42.3","41.5","41.7","41.4","41.2","40.9","40.6","40.4","40.9","41.8"
"EL51","43.9","43.4","43.2","42.0","40.6","39.5","38.9","38.2","38.8","38.7"
"EL52","39.4","40.1","40.2","39.3","39.1","39.8","40.1","39.5","39.5","39.5"
"EL53","40.4","41.6","42.4","42.2","41.2","39.4","39.7","39.2","37.9","37.2"
"EL54","41.5","41.7","41.1","41.9","41.5","40.9","39.4","39.6","40.0","40.4"
"EL61","38.5","39.2","38.7","39.3","38.5","38.2","39.3","38.1","37.8","39.5"
"EL62","47.3","45.0","43.0","44.4","45.6","44.0","45.2","44.8","44.0","42.2"
"EL63","41.5","40.2","40.0","40.6","41.4","41.0","39.2","40.9","38.7","39.0"
"EL64","41.9","42.5","41.5","41.3","41.1","42.1","43.4","41.9","40.8","41.9"
"EL65","40.1","40.2","41.4","41.4","41.6","42.0","43.6","41.7","42.3","43.4"
"ES11","37.9","38.1","37.9","37.8","37.4","37.1","36.9","37.1","36.8","37.1"
"ES12","37.3","37.7","37.4","37.4","37.3","36.6","37.0","37.0","36.7","37.0"
"ES13","36.9","37.1","36.7","36.5","36.1","35.7","36.3","37.4","36.5","36.4"
"ES21","35.4","35.3","35.3","35.6","35.3","35.0","35.1","35.1","34.9","35.1"
"ES22","35.6","35.8","35.9","35.8","35.2","35.9","35.1","35.4","35.7","36.4"
"ES23","36.7","37.3","36.9","36.9","36.9","36.4","35.8","35.8","36.4","36.6"
"ES24","37.5","37.4","37.4","37.2","37.1","36.9","36.3","36.4","36.8","37.0"
"ES30","37.7","37.8","37.3","37.5","37.3","36.6","36.4","36.9","36.5","36.7"
"ES41","37.7","37.6","37.3","37.3","37.1","36.7","36.3","36.7","36.6","36.6"
"ES42","38.0","38.1","38.1","37.8","37.3","37.2","36.8","36.8","36.9","36.6"
"ES43","36.9","36.4","36.2","36.5","36.8","36.5","36.3","36.1","36.2","36.5"
"ES51","37.1","37.0","36.7","37.2","36.8","36.4","36.2","36.7","36.6","36.4"
"ES52","36.8","36.5","36.4","37.2","37.0","36.2","36.1","36.3","35.8","35.8"
"ES53","37.4","37.3","37.1","37.8","37.5","36.0","36.1","36.8","36.9","37.1"
"ES61","36.4","36.6","36.5","36.8","36.7","36.4","36.1","36.2","36.1","36.2"
"ES62","37.0","37.2","37.4","37.3","37.2","36.7","36.2","36.4","36.2","36.4"
"ES63","38.4","36.4","35.4","36.8","36.1","36.8","36.5","36.5","35.4","36.1"
"ES64","36.9","36.1","37.2","37.5","37.0","36.6","36.2","35.6","35.7","35.7"
"ES70","37.3","37.0","37.0","37.3","36.9","36.7","36.2","36.8","36.9","37.0"
"FR10","36.5","37.0","36.8","36.7","36.9","36.3","36.5","36.7","36.4","36.3"
"FRB0","36.0","36.9","36.4","36.7","36.1","35.8","36.0","36.5","36.7","36.3"
"FRC1","36.2","36.0","36.0","36.6","36.1","35.9","35.9","36.1","35.9","36.1"
"FRC2","35.5","36.8","37.2","35.9","36.3","35.6","36.9","36.6","37.4","35.9"
"FRD1","36.0","36.4","36.8","36.6","37.1","36.8","36.7","37.0","36.3","36.7"
"FRD2","35.4","35.8","35.9","35.9","36.1","36.2","36.5","36.6","35.8","35.7"
"FRE1","35.0","35.2","35.1","35.3","35.0","34.9","35.7","35.7","35.3","34.6"
"FRE2","35.8","36.1","36.0","36.4","36.2","35.4","35.8","35.9","35.7","36.1"
"FRF1","35.3","35.2","34.8","34.8","35.0","34.6","34.6","35.2","35.4","35.5"
"FRF2","35.2","35.9","36.1","36.1","35.8","35.3","36.4","36.2","36.3","36.7"
"FRF3","35.3","35.5","35.4","35.1","35.2","34.8","35.3","35.6","34.8","35.1"
"FRG0","36.0","36.2","36.1","36.1","36.3","35.4","36.1","36.4","36.5","35.9"
"FRH0","36.5","36.7","36.9","37.0","36.5","35.9","36.4","36.4","36.1","36.0"
"FRI1","36.2","36.1","35.9","35.8","36.1","35.5","35.7","36.5","36.0","35.5"
"FRI2","37.5","36.8","36.9","37.0","36.8","36.9","37.3","36.6","36.9","36.7"
"FRI3","36.2","36.1","35.9","35.5","36.2","35.8","35.5","36.4","36.1","36.2"
"FRJ1","35.4","34.8","35.1","35.3","34.8","35.1","35.5","35.0","35.4","35.0"
"FRJ2","35.9","36.1","35.9","36.5","36.1","34.9","35.9","36.6","36.4","36.1"
"FRK1","36.5","36.0","36.2","36.8","36.7","37.1","36.1","35.4","35.4","35.5"
"FRK2","35.9","36.2","35.9","36.3","35.9","35.3","35.9","36.0","35.9","35.4"
"FRL0","35.4","35.9","35.7","35.9","36.0","36.0","35.3","36.0","35.4","35.6"
"FRM0","34.6","34.0","35.6","33.3","36.0","35.5","35.6","36.6","35.5","35.7"
"FRY1","32.8","32.7","32.4","32.9","33.4","32.9","33.6","34.4","34.2","34.2"
"FRY2","32.2","32.9","33.1","33.2","33.7","33.7","33.1","34.3","34.3","34.0"
"FRY3","33.8","33.8","33.7","33.3","33.7","34.8","33.5","34.4","35.2","35.2"
"FRY4","33.4","33.0","33.3","33.3","33.2","33.9","33.5","33.3","33.7","34.3"
"HR03","39.1","38.9","39.1","38.6","38.7","38.1","37.6","37.8","38.0","37.8"
"ITC1","37.1","37.2","37.2","37.3","36.9","36.0","36.7","37.0","36.8","36.8"
"ITC2","37.2","37.0","37.1","37.2","37.3","36.5","36.7","37.1","37.2","36.8"
"ITC3","35.9","36.0","35.9","36.2","36.7","36.1","36.1","36.2","36.0","35.8"
"ITC4","36.7","36.9","36.9","37.1","37.2","36.2","36.4","36.4","36.5","36.5"
"ITF1","36.1","36.8","37.0","36.9","36.8","35.5","35.3","35.4","35.6","35.9"
"ITF2","37.0","37.5","36.7","37.7","37.5","36.2","35.9","36.0","35.7","36.4"
"ITF3","36.2","36.3","36.7","36.5","36.4","35.6","35.5","35.4","35.0","35.6"
"ITF4","36.7","36.5","36.8","36.9","36.8","35.8","35.9","36.3","36.4","36.4"
"ITF5","37.1","36.9","36.9","37.2","37.2","35.8","35.3","36.0","36.0","36.2"
"ITF6","36.0","35.7","35.9","36.4","36.1","35.3","34.8","35.7","35.8","35.8"
"ITG1","35.2","35.7","35.5","35.8","35.6","34.7","34.8","35.2","35.0","34.7"
"ITG2","35.5","35.3","35.4","36.2","36.1","35.3","35.0","35.1","35.4","35.7"
"ITH1","37.2","37.2","37.1","37.3","37.4","37.3","37.0","37.2","36.3","36.3"
"ITH2","35.6","35.8","35.9","36.1","36.0","35.5","35.5","35.9","35.7","35.6"
"ITH3","36.5","36.6","36.8","37.2","37.1","36.1","36.5","36.8","36.5","36.3"
"ITH4","36.5","36.7","36.6","36.8","37.0","36.4","36.2","36.4","36.2","36.3"
"ITH5","36.9","37.0","37.1","37.1","37.1","36.0","36.6","36.8","36.4","36.5"
"ITI1","36.2","36.3","36.3","36.6","36.4","35.5","36.0","35.8","36.0","35.8"
"ITI2","35.8","35.9","36.0","36.4","36.6","35.8","36.0","36.2","35.8","35.5"
"ITI3","35.9","35.7","36.1","36.3","36.5","35.0","35.4","35.8","35.6","34.9"
"ITI4","35.6","36.0","36.0","36.2","36.3","35.5","35.5","35.9","35.6","35.8"
"CY00","37.8","38.1","38.2","38.1","37.9","37.7","37.6","37.7","38.4","38.0"
"LV00","38.5","38.7","38.5","38.6","38.2","37.8","38.3","38.6","38.4","38.3"
"LT01","38.6","38.9","38.5","38.5","38.4","37.8","38.5","38.2","38.2","38.0"
"LT02","38.1","38.3","37.7","38.1","38.4","38.0","38.4","38.3","38.4","38.4"
"LU00","38.1","37.7","37.4","37.5","37.9","37.0","35.9","35.5","35.3","35.7"
"HU11","38.8","39.0","38.8","38.0","38.5","37.8","38.0","38.5","37.8","37.5"
"HU12","38.6","40.1","39.7","38.8","39.1","38.4","38.5","38.7","38.0","37.8"
"HU21","38.5","38.8","38.5","38.0","38.2","38.1","38.2","38.8","38.4","37.9"
"HU22","38.3","38.8","38.5","38.1","38.2","38.0","38.2","38.5","37.7","37.0"
"HU23","37.7","38.6","38.0","38.0","37.4","38.0","38.0","38.4","37.5","36.7"
"HU31","38.2","38.7","38.2","37.9","38.5","38.2","38.2","38.9","38.3","37.9"
"HU32","38.4","38.6","38.2","38.0","38.0","38.0","38.2","38.3","37.6","37.4"
"HU33","38.1","38.8","38.3","37.9","38.4","38.3","38.3","38.2","37.6","37.0"
"MT00","37.8","38.3","37.8","38.1","39.2","38.0","37.6","37.3","37.3","37.5"
"NL11","31.3","32.1","31.4","31.7","31.5","31.5","30.4","30.4","30.8","30.7"
"NL12","32.7","31.9","33.0","33.0","32.8","32.0","32.5","32.0","31.7","30.9"
"NL13","33.2","32.9","32.7","33.5","33.3","31.9","32.1","32.4","31.9","31.7"
"NL21","32.6","32.7","32.9","32.7","32.5","32.5","31.4","31.6","31.7","31.7"
"NL22","32.9","33.2","32.9","32.5","33.0","32.4","31.9","31.8","31.5","31.5"
"NL23","33.3","34.0","33.7","33.8","33.4","32.6","32.5","33.1","32.2","33.0"
"NL32","33.0","33.6","33.6","33.6","33.6","32.7","32.6","33.1","32.5","32.5"
"NL34","32.9","34.0","34.4","33.7","34.0","32.9","31.9","32.6","32.9","32.3"
"NL41","33.3","33.6","33.6","33.5","33.8","33.0","32.5","32.8","32.6","32.5"
"NL42","33.2","33.2","33.3","33.1","33.5","32.6","32.4","32.0","32.0","32.1"
"AT11","35.9","36.1","35.8","36.1","36.2","34.1","33.9","34.4","34.1","34.7"
"AT12","36.3","35.8","35.9","36.1","36.1","34.6","34.6","34.2","34.2","34.1"
"AT13","34.7","34.8","35.0","35.5","35.5","33.7","33.1","33.4","33.1","33.6"
"AT21","35.7","36.0","35.6","35.8","36.0","34.7","34.1","34.3","33.8","34.7"
"AT22","35.4","35.6","34.9","35.4","35.2","34.2","33.9","33.8","33.7","33.9"
"AT31","35.1","35.3","35.0","35.1","35.3","33.5","33.6","33.3","33.3","33.4"
"AT32","35.7","35.9","35.9","35.7","35.6","33.9","33.6","34.0","33.9","34.7"
"AT33","35.6","35.4","35.2","35.2","35.5","33.6","32.9","33.4","33.6","33.8"
"AT34","35.4","35.3","35.1","35.3","35.5","33.4","33.5","33.7","33.2","34.0"
"PL21","39.4","39.1","38.5","38.6","38.4","38.1","39.6","39.2","38.9","38.8"
"PL22","40.1","40.2","40.0","39.1","38.8","38.4","39.5","39.1","38.9","38.4"
"PL41","40.6","40.7","40.2","39.5","39.6","39.1","40.3","40.4","40.1","39.5"
"PL42","40.4","40.6","40.0","39.3","39.1","38.8","39.7","38.9","39.3","39.2"
"PL43","39.5","39.9","39.4","38.7","38.5","38.4","39.7","39.8","39.3","39.1"
"PL51","40.2","40.1","40.0","39.1","39.3","38.4","39.4","39.1","39.2","38.7"
"PL52","38.6","38.6","38.5","38.3","38.6","38.3","39.1","38.9","38.3","38.0"
"PL61","40.1","39.9","39.2","39.3","39.4","39.2","39.7","39.8","39.6","38.6"
"PL62","41.0","41.1","40.5","39.2","39.6","39.2","40.9","40.5","40.3","39.8"
"PL63","40.8","40.7","40.0","39.8","39.3","39.3","40.0","40.1","39.9","39.5"
"PL71","39.0","39.1","38.9","39.0","38.9","38.6","39.3","39.1","38.7","38.6"
"PL72","39.2","39.6","39.3","39.0","38.6","38.4","40.1","39.6","39.2","39.5"
"PL81","38.5","38.9","38.8","37.9","37.6","37.3","38.6","38.7","38.9","38.0"
"PL82","37.3","37.8","37.6","37.5","37.7","37.5","38.7","38.7","38.2","38.4"
"PL84","41.2","41.2","40.5","40.5","40.2","39.9","40.6","40.0","40.1","39.7"
"PL91","39.4","40.0","39.8","38.6","38.5","38.3","39.8","39.3","39.0","38.4"
"PL92","41.2","41.2","40.9","40.2","40.3","39.8","40.7","40.5","40.3","39.9"
"PT11","38.9","38.4","38.7","38.7","38.3","37.8","38.3","38.1","37.8","37.4"
"PT15","39.4","39.3","39.0","39.3","38.8","37.2","38.0","38.2","38.0","37.6"
"PT20","38.1","37.7","37.2","37.6","37.6","36.9","36.9","36.7","36.7","36.3"
"PT30","36.0","35.4","36.1","36.0","36.1","35.1","36.4","37.0","36.7","36.6"
"RO11","39.6","39.7","39.5","39.5","39.5","39.3","39.9","39.7","39.5","38.5"
"RO12","39.8","40.0","39.9","39.9","40.1","39.9","39.9","39.9","39.6","38.7"
"RO21","37.5","37.8","38.0","37.6","37.8","37.1","39.8","39.5","39.2","38.9"
"RO22","39.0","39.3","39.5","39.6","39.7","39.5","39.6","39.5","39.3","38.4"
"RO31","37.9","38.9","38.8","38.7","39.0","38.6","40.0","39.9","39.6","39.0"
"RO32","40.1","40.2","40.2","40.3","40.3","39.6","39.6","39.6","39.3","38.9"
"RO41","38.4","39.0","38.9","38.8","39.2","38.6","39.6","39.9","39.9","39.0"
"RO42","39.9","39.7","39.8","39.9","40.2","39.4","40.1","39.9","39.6","38.7"
"SI03","39.2","39.0","38.3","38.5","38.6","39.0","38.8","38.6","38.1","38.1"
"SI04","38.8","38.6","37.8","38.3","38.4","38.8","38.5","38.3","38.1","37.9"
"SK01","41.1","41.0","40.0","40.0","40.2","39.8","38.6","38.9","38.9","39.1"
"SK02","39.6","39.4","38.8","38.9","39.0","38.2","37.8","37.6","37.4","37.8"
"SK03","38.5","38.6","38.5","39.0","39.1","38.6","38.2","38.2","37.6","37.9"
"SK04","37.3","37.2","37.3","37.7","37.9","37.6","37.6","37.2","37.3","37.3"
"FI19","36.4","36.6","36.5","36.1","36.3","35.9","35.3","35.0","35.0","35.1"
"FI1B","36.0","36.3","36.2","36.1","35.9","35.6","34.9","34.5","34.4","34.4"
"FI1C","36.4","36.7","36.8","36.2","36.2","36.3","35.7","35.1","34.8","35.0"
"FI1D","36.7","36.4","36.3","36.5","36.3","36.5","35.9","35.3","35.3","35.2"
"FI20","37.7","36.5","36.8","35.9","36.4","36.3","36.2","35.6","34.9","34.9"
"SE11","35.9","36.4","36.3","36.2","36.0","34.9","35.9","36.2","36.0","36.0"
"SE12","35.8","36.1","35.9","35.9","35.7","35.1","35.6","35.6","35.4","35.3"
"SE21","35.7","36.1","36.0","36.2","36.3","35.3","36.0","35.8","35.8","35.8"
"SE22","35.9","36.1","35.9","36.2","35.8","35.2","35.6","35.6","35.5","35.7"
"SE23","35.8","36.3","36.1","36.0","35.7","34.7","35.6","35.9","35.8","35.5"
"SE31","36.0","36.4","36.1","36.2","35.9","34.8","35.5","36.1","35.6","36.0"
"SE32","36.1","36.6","36.4","36.3","35.5","34.8","35.4","35.6","35.6","35.3"
"SE33","35.7","36.1","36.2","35.9","36.2","35.8","36.3","35.9","35.1","35.8"
"IS00","40.1","39.9","39.7","39.6","39.4","37.8","36.7","36.3","36.2","36.3"
"NO02","33.6","34.2","34.2","33.6","33.9","33.6","34.1","33.8","33.7","33.2"
"NO06","34.5","34.1","34.1","33.9","33.8","33.4","33.8","33.9","34.0","34.0"
"NO07","35.0","35.2","34.6","34.7","34.3","34.1","34.3","34.9","34.7","34.3"
"CH01","37.0","37.0","36.9","36.9","36.8","35.9","35.8","36.1","36.0","36.0"
"CH02","36.6","36.7","36.5","36.3","35.9","35.4","35.8","35.8","36.1","35.7"
"CH03","36.8","36.5","36.6","36.8","36.4","35.4","35.7","36.5","36.1","36.1"
"CH04","37.0","37.5","37.1","36.7","36.8","36.2","36.4","36.8","36.5","36.3"
"CH05","37.0","37.3","37.1","37.0","36.9","35.8","36.0","36.5","36.2","36.0"
"CH06","37.3","37.5","37.5","37.0","36.7","35.9","36.1","36.5","36.5","36.3"
"CH07","36.1","36.2","35.7","36.2","35.6","34.9","34.7","35.3","35.4","35.1"
"RS11","42.0","41.9","41.4","41.8","41.9","40.8","41.3","41.2","41.0","40.2"
"RS12","41.8","42.1","41.7","41.7","41.5","41.4","42.0","41.5","41.0","40.7"
"RS21","43.3","43.1","42.7","42.9","43.3","43.3","43.5","43.4","43.1","43.0"
"RS22","41.9","41.6","41.6","41.6","41.6","41.4","42.8","42.5","41.8","41.4"
"TR10","48.3","47.8","47.2","46.4","46.0","43.5","45.3","45.6","44.9","43.4"
"TR21","44.0","44.4","43.7","43.6","43.6","42.4","43.3","42.6","43.1","43.2"
"TR22","46.1","45.6","45.9","45.3","45.8","43.7","44.4","44.3","43.7","42.5"
"TR31","46.2","45.2","44.7","43.7","44.1","43.0","43.6","44.0","43.9","43.3"
"TR32","45.5","45.9","45.6","45.1","44.6","42.1","43.4","44.6","44.6","42.8"
"TR33","46.4","46.6","46.7","44.9","43.9","42.1","43.2","43.3","44.2","41.8"
"TR41","47.7","47.4","46.0","45.2","44.8","42.3","44.1","44.3","44.3","43.0"
"TR42","45.9","45.9","45.3","45.1","45.3","43.5","42.9","43.1","43.7","42.8"
"TR51","46.1","45.4","44.5","44.2","43.3","42.1","41.2","43.1","43.1","42.4"
"TR52","45.9","46.3","44.7","43.3","43.0","41.8","44.3","44.7","45.0","43.8"
"TR61","46.9","47.2","47.1","46.8","46.7","42.8","43.6","44.7","43.8","42.5"
"TR62","45.4","44.9","45.9","43.9","42.9","41.5","42.3","43.1","43.4","42.4"
"TR63","48.8","46.8","47.4","46.2","45.6","43.1","44.2","43.4","44.1","44.0"
"TR71","45.8","44.4","44.4","43.4","43.6","42.0","42.0","43.3","44.0","42.6"
"TR72","45.7","45.5","44.4","43.6","43.7","41.8","42.3","43.2","42.8","42.2"
"TR81","43.3","44.1","44.9","44.7","44.6","41.5","42.0","42.8","42.8","41.8"
"TR82","47.9","48.8","45.7","46.7","44.9","43.3","43.7","44.8","43.5","46.3"
"TR83","43.0","43.8","44.8","42.7","40.8","40.4","42.3","42.5","42.3","41.8"
"TR90","42.6","43.3","43.9","44.7","43.2","40.9","42.4","41.2","41.6","40.7"
"TRA1","46.2","45.5","46.2","46.5","45.9","44.7","44.6","44.7","46.1","44.5"
"TRA2","40.3","39.9","36.1","34.3","35.6","39.2","42.5","42.2","41.2","42.3"
"TRB1","43.6","42.3","41.7","42.9","41.1","42.6","38.4","42.3","43.4","42.6"
"TRB2","44.2","45.2","45.0","47.2","45.8","44.0","44.8","45.4","45.7","44.2"
"TRC1","49.1","48.8","48.0","47.4","46.1","43.9","45.5","45.5","45.4","44.0"
"TRC2","52.8","51.8","49.7","47.9","50.1","50.3","51.3","48.3","48.2","48.0"
"TRC3","55.1","53.6","52.1","50.8","51.6","49.3","49.6","46.7","46.7","45.3"
