"region_id","2014","2015","2016","2017","2018","2019","2020","2021","2022","2023"
"BE10","0.6","1.1","-0.8","1.1","1.1","2.6","-3.8","4.1","1.7","0.5"
"BE21","2.1","3.4","1.3","1.2","1.7","2.5","-3.2","5.2","6.1","0.8"
"BE22","3.3","0.6","1.4","2.1","1.7","1.1","-4.6","6.2","4.0","0.7"
"BE23","2.1","4.1","1.4","2.4","0.8","1.9","-3.2","8.2","4.8","0.3"
"BE24","1.4","3.0","1.8","1.5","2.2","2.3","-5.8","11.0","8.4","2.9"
"BE25","2.5","1.9","1.4","1.6","1.3","2.1","-4.2","6.5","3.3","1.9"
"BE31","4.8","1.6","4.1","3.2","8.5","9.6","-3.8","-6.1","8.0","3.7"
"BE32","1.3","1.4","0.4","1.0","2.3","0.2","-4.5","5.0","2.8","0.0"
"BE33","0.0","1.3","0.5","1.8","1.4","1.6","-2.2","5.2","3.1","0.8"
"BE34","0.6","2.4","0.3","2.0","1.3","1.9","-2.3","6.8","3.7","-0.1"
"BE35","1.5","1.2","1.4","1.2","1.5","1.3","-3.3","6.2","4.3","2.4"
"BEZZ","1.3","-2.9","-31.0","3.1","29.6","9.2","-38.2","1.4","2.1","1.2"
"BG31","3.2","-3.2","1.9","5.2","10.6","-3.9","0.9","5.9","-0.7","2.9"
"BG32","2.3","-2.0","1.3","2.8","3.0","0.5","-4.4","6.2","7.5","5.1"
"BG33","1.7","-0.1","0.6","2.7","4.0","0.7","-6.3","4.8","6.5","3.2"
"BG34","2.4","3.8","8.4","2.1","0.8","-3.9","-9.7","10.0","-2.4","-4.9"
"BG41","0.5","4.1","2.1","3.8","2.5","7.7","-1.8","9.5","5.9","3.0"
"BG42","-1.1","6.6","1.6","2.5","4.5","2.5","-1.7","6.2","11.9","-2.8"
"CZ01","4.5","5.0","2.8","4.6","4.9","3.7","-4.6","6.3","3.9","-1.8"
"CZ02","2.7","5.1","5.4","7.3","2.6","8.0","-8.2","3.2","5.9","2.0"
"CZ03","2.1","3.4","1.9","6.3","2.4","2.5","-4.8","3.1","1.9","1.4"
"CZ04","0.7","4.9","-0.4","2.2","-0.5","3.9","-7.2","2.0","2.2","-0.8"
"CZ05","2.6","4.6","3.3","7.5","2.6","3.1","-3.6","0.6","3.1","3.2"
"CZ06","1.1","4.3","1.0","4.5","3.3","3.6","-2.4","4.3","0.9","1.4"
"CZ07","3.8","3.9","2.7","5.8","1.7","3.9","-4.6","2.8","1.3","1.6"
"CZ08","3.1","2.4","2.8","3.1","2.7","-0.9","-7.3","5.2","2.4","-0.8"
"DK01","2.1","3.5","3.9","3.9","2.7","1.3","-2.8","7.2","5.3","5.5"
"DK02","0.8","4.5","-1.3","4.0","1.1","3.2","-3.1","6.5","2.1","0.6"
"DK03","0.6","1.3","1.3","2.4","0.8","1.4","-2.2","7.8","2.1","3.0"
"DK04","1.4","-0.5","6.1","3.1","1.2","2.9","-0.2","7.6","-2.0","-0.1"
"DK05","0.0","2.7","0.6","3.6","0.6","0.8","-2.3","6.7","-1.0","-0.6"
"DKZZ","-6.1","-12.5","2.3","-17.9","-9.4","-6.8","-26.3","6.1","7.1","-3.4"
"DE11","2.0","3.7","0.1","4.5","2.6","-2.8","-5.5","4.8","2.3","0.1"
"DE12","2.2","1.4","1.0","3.5","1.3","0.6","-5.6","4.0","2.9","0.1"
"DE13","3.0","0.6","1.4","2.8","1.8","1.2","-4.9","3.9","1.5","0.3"
"DE14","2.0","1.6","3.4","3.0","1.9","1.6","-4.3","4.5","1.2","0.3"
"DE21","2.2","2.3","2.7","4.0","-0.1","2.6","-5.0","5.8","3.0","1.0"
"DE22","4.5","0.2","2.2","4.2","-1.0","1.0","-2.5","4.0","3.0","0.3"
"DE23","4.3","0.4","1.7","4.9","0.2","0.5","-3.4","4.7","1.9","1.1"
"DE24","1.4","2.3","2.2","3.8","0.1","0.0","-4.0","4.2","0.0","1.0"
"DE25","2.2","0.9","2.8","3.7","1.5","0.9","-4.5","3.9","0.9","1.0"
"DE26","1.6","0.1","2.5","3.0","0.2","0.1","-5.0","3.4","0.9","1.0"
"DE27","2.7","1.3","2.5","2.6","1.4","0.8","-3.9","1.6","1.0","1.0"
"DE30","2.7","3.3","5.2","4.4","3.8","3.0","-3.2","4.4","4.7","2.1"
"DE40","3.8","0.6","2.1","2.7","0.6","1.6","-2.6","2.0","2.4","2.8"
"DE50","1.2","0.1","1.9","1.5","-0.3","-1.6","-5.3","5.4","2.2","-0.1"
"DE60","-0.3","1.7","2.2","1.9","0.0","3.0","-5.2","2.8","5.0","-0.6"
"DE71","1.8","0.1","2.6","2.3","0.5","1.2","-5.2","5.0","0.5","1.8"
"DE72","2.5","-0.2","2.5","3.4","1.3","1.3","-4.2","4.7","-0.5","1.5"
"DE73","0.9","1.0","3.4","1.2","-0.1","1.7","-7.0","4.1","4.6","1.6"
"DE80","3.1","0.0","1.4","4.4","-1.9","4.2","-4.1","2.0","3.5","3.9"
"DE91","3.9","-5.5","15.9","-1.5","3.6","2.6","-9.3","-2.1","-0.1","1.3"
"DE92","2.3","0.1","4.0","1.0","0.8","1.4","-4.3","3.8","-0.8","0.8"
"DE93","3.3","0.8","0.8","2.0","1.1","2.2","-1.5","3.1","1.6","0.6"
"DE94","2.6","1.3","3.1","2.7","-0.5","1.6","-2.0","3.1","3.0","0.7"
"DEA1","1.8","0.5","0.9","2.9","1.3","-0.7","-3.7","2.9","-0.1","-0.5"
"DEA2","2.3","3.0","1.0","2.8","1.6","-1.1","-4.6","3.1","1.1","-0.2"
"DEA3","0.9","1.2","2.3","3.0","0.2","1.2","-1.8","2.3","0.8","-0.3"
"DEA4","3.0","0.0","2.2","1.5","1.2","1.2","-2.1","1.4","0.2","-0.4"
"DEA5","2.2","0.4","0.9","2.2","1.3","0.0","-4.4","3.7","0.8","-0.5"
"DEB1","2.9","1.1","0.9","3.3","0.5","0.9","-3.2","2.7","1.9","-1.7"
"DEB2","1.2","1.7","2.1","0.3","0.5","0.4","-3.2","0.6","2.6","-1.6"
"DEB3","1.8","3.0","1.1","0.6","-0.1","0.0","-5.0","19.0","-1.1","-6.7"
"DEC0","3.2","0.0","-0.5","2.0","-0.6","-2.2","-5.4","3.3","0.7","0.1"
"DED2","2.9","3.5","1.2","2.2","1.3","1.1","-3.8","2.2","3.0","-0.1"
"DED4","3.1","0.7","1.8","1.8","-0.1","0.2","-5.2","3.1","1.6","0.3"
"DED5","4.1","1.2","2.8","3.4","0.7","2.9","-3.1","3.4","1.6","0.2"
"DEE0","1.1","0.1","1.6","1.2","-0.3","1.5","-2.8","1.8","2.1","-0.8"
"DEF0","1.8","0.5","2.3","3.0","0.4","2.2","-2.2","0.1","2.2","-0.6"
"DEG0","3.7","0.5","1.2","2.1","-0.3","-0.2","-3.6","2.6","2.1","0.6"
"EE00","3.2","1.6","2.8","6.5","4.1","3.1","-2.7","6.5","0.6","-3.2"
"IE04","9.2","-0.9","2.3","0.9","5.5","2.8","13.9","13.0","7.4","2.8"
"IE05","8.5","69.5","-4.6","8.9","5.1","6.2","10.9","21.4","11.3","-11.0"
"IE06","8.6","6.4","4.9","8.0","12.6","5.2","5.2","13.5","9.1","-3.1"
"EL30","0.6","0.2","-0.3","2.7","1.6","2.8","-7.9","8.6","5.5","2.9"
"EL41","0.5","-1.4","-1.2","0.5","1.2","1.9","-10.8","5.7","4.9","2.3"
"EL42","-0.2","-1.7","-3.1","1.7","2.6","1.3","-23.1","13.3","8.3","3.8"
"EL43","2.7","0.1","-1.9","3.8","1.0","0.9","-15.0","10.9","9.2","1.5"
"EL51","-0.9","-0.9","1.6","0.1","1.7","-0.1","-8.1","7.9","2.4","1.6"
"EL52","-0.7","1.9","0.8","1.5","2.6","1.4","-7.8","6.6","7.6","0.7"
"EL53","-4.6","-8.8","-6.3","0.5","-0.7","-6.9","-14.3","3.9","-2.1","3.1"
"EL54","0.0","-0.5","0.6","0.3","2.0","0.5","-8.8","6.6","3.9","2.7"
"EL61","1.2","1.2","-1.4","1.0","3.2","2.6","-7.3","10.4","0.8","-0.1"
"EL62","1.9","-1.7","-0.6","1.4","1.7","0.6","-21.4","12.4","9.2","2.8"
"EL63","0.6","-0.6","-1.6","1.4","-0.4","1.4","-8.6","6.3","6.6","0.6"
"EL64","-2.8","-0.9","2.2","4.3","3.6","0.6","-3.9","6.0","-0.7","4.0"
"EL65","-0.6","1.5","1.1","3.3","0.6","1.1","-9.0","5.3","5.5","1.3"
"ES11","0.4","4.3","2.3","2.6","2.1","1.6","-8.8","5.6","5.5","2.6"
"ES12","-0.6","2.2","1.2","2.2","1.7","1.4","-10.2","5.0","4.6","3.2"
"ES13","1.1","1.9","2.1","3.2","2.3","1.4","-9.8","6.7","5.2","3.0"
"ES21","1.3","3.4","2.3","2.5","2.2","1.6","-10.1","6.0","7.1","2.6"
"ES22","1.5","3.0","2.2","3.7","1.9","2.5","-10.0","6.5","5.6","2.4"
"ES23","0.7","3.2","1.4","0.9","2.0","1.5","-8.6","4.7","5.6","4.6"
"ES24","0.7","1.4","2.3","2.6","2.7","1.2","-8.4","5.1","3.5","3.0"
"ES30","1.3","4.0","3.7","3.9","3.0","3.0","-10.1","6.0","8.8","2.7"
"ES41","-0.1","2.3","2.0","1.4","2.9","0.8","-8.5","4.6","4.0","3.3"
"ES42","-1.7","3.6","3.0","2.1","2.9","1.2","-7.8","5.3","2.6","3.6"
"ES43","-0.2","2.6","1.2","3.9","1.6","2.0","-9.2","4.0","1.6","3.0"
"ES51","1.5","4.0","2.9","2.9","2.3","2.3","-11.8","6.8","7.2","2.7"
"ES52","1.8","3.3","2.1","3.5","2.3","2.1","-10.4","7.2","6.1","2.5"
"ES53","2.8","3.8","4.0","3.1","3.1","2.0","-22.6","11.1","16.6","5.8"
"ES61","1.3","3.2","2.1","2.7","2.5","2.0","-10.7","6.1","5.4","2.6"
"ES62","2.0","7.1","3.4","3.2","-0.1","2.5","-8.9","6.8","4.2","2.3"
"ES63","-0.5","2.5","1.6","2.4","2.2","1.1","-8.8","3.4","3.2","1.8"
"ES64","1.3","2.7","2.2","2.4","2.4","1.6","-8.9","3.2","3.1","1.9"
"ES70","0.4","2.5","2.3","3.8","2.4","1.7","-18.7","8.4","11.8","4.5"
"ESZZ","-2.6","3.9","-6.6","-0.8","1.4","-0.2","0.3","0.3","0.6","-0.6"
"FR10","0.7","0.8","1.1","1.7","1.9","2.8","-10.3","4.7","3.9","2.6"
"FRB0","0.5","0.6","-0.3","1.8","0.9","1.6","-5.6","7.4","-0.3","5.1"
"FRC1","1.8","-0.6","-1.7","3.5","1.6","0.4","-5.2","8.5","1.5","-0.8"
"FRC2","1.4","0.7","0.9","0.8","-0.8","2.0","-5.7","6.3","-0.7","0.4"
"FRD1","-0.2","0.4","0.0","-0.9","1.4","1.8","-5.2","8.8","2.9","4.2"
"FRD2","0.6","1.1","-1.8","1.0","0.0","1.1","-6.4","9.4","7.8","-4.4"
"FRE1","1.4","0.9","0.6","2.3","1.4","1.3","-5.1","5.3","4.0","1.4"
"FRE2","-0.2","1.7","-2.1","3.2","-0.4","1.7","-6.2","4.4","5.6","-4.0"
"FRF1","1.6","0.4","1.6","2.4","2.4","1.6","-6.6","8.2","-0.1","-0.1"
"FRF2","0.5","0.2","-1.4","3.8","2.4","1.0","-6.2","9.5","8.6","0.4"
"FRF3","1.5","0.0","-0.7","2.0","0.5","1.0","-5.8","6.0","0.1","0.9"
"FRG0","2.1","1.8","1.3","2.5","1.9","3.0","-3.8","6.5","0.3","2.7"
"FRH0","2.7","1.8","2.0","3.5","1.2","3.0","-4.0","7.4","0.5","1.8"
"FRI1","2.2","1.4","1.9","2.0","2.5","2.5","-5.7","8.7","1.2","1.5"
"FRI2","1.7","0.7","-1.3","2.2","0.3","3.9","-4.7","6.9","-3.3","1.9"
"FRI3","2.4","0.3","0.4","2.6","2.3","2.7","-4.7","7.8","0.3","4.1"
"FRJ1","1.5","0.7","1.1","1.8","1.5","2.5","-4.6","8.9","3.3","3.1"
"FRJ2","2.9","1.6","1.5","1.6","2.8","2.2","-9.0","7.9","2.2","2.8"
"FRK1","1.2","0.9","0.0","4.5","1.2","1.8","-5.8","4.8","-0.5","-0.7"
"FRK2","1.4","1.0","1.7","2.2","2.7","1.9","-6.1","6.3","0.8","4.2"
"FRL0","1.4","0.8","0.7","2.3","1.7","1.8","-6.5","9.0","7.8","-6.1"
"FRM0","2.8","3.4","2.0","4.5","4.1","3.2","-6.9","14.3","2.9","-7.0"
"FRY1","-22.5","-24.3","-23.4","-24.5","-23.8","-23.4","-33.0","1.1","3.8","-0.2"
"FRY2","3.2","0.1","-1.9","-0.2","-1.4","0.1","-8.8","3.3","3.8","-0.3"
"FRY3","2.7","-0.3","1.6","-1.6","3.6","-0.7","-16.8","3.0","0.2","-2.8"
"FRY4","0.3","-0.1","0.7","1.0","-0.9","0.2","-6.1","6.8","2.7","1.7"
"FRY5","9.1","10.5","4.7","8.5","0.5","8.0","7.3","13.1","7.6","3.7"
"FRZZ","-2.3","4.0","0.7","1.9","-1.2","-0.3","-2.3","4.6","-3.1","-5.1"
"HR02","-3.6","2.3","2.5","0.1","1.3","3.2","-3.9","10.2","5.8","3.1"
"HR03","0.8","1.9","3.9","3.3","1.2","1.6","-12.8","16.1","12.5","2.8"
"HR05","-0.1","2.5","3.3","3.1","3.6","4.1","-6.1","9.6","5.8","5.1"
"HR06","-1.2","2.4","4.4","4.2","4.0","4.8","-2.4","9.8","8.8","2.0"
"ITC1","-1.1","1.3","1.3","2.9","1.0","-0.5","-9.0","8.1","3.9","0.3"
"ITC2","-1.7","-1.2","-1.9","2.3","1.0","-0.3","-9.2","4.9","5.6","1.5"
"ITC3","0.8","-0.2","0.6","1.2","-0.6","0.3","-10.9","7.1","4.2","1.8"
"ITC4","0.8","1.0","2.0","2.1","1.7","0.2","-6.9","9.6","4.4","0.7"
"ITF1","-1.4","0.0","0.4","0.6","-0.1","0.6","-8.5","7.6","6.0","2.2"
"ITF2","-1.2","1.8","0.6","1.7","1.1","1.4","-7.7","6.1","3.5","1.3"
"ITF3","0.0","1.8","0.5","1.0","0.4","0.7","-8.7","7.3","6.5","1.3"
"ITF4","-0.1","1.1","0.8","0.6","1.0","0.0","-6.7","7.9","5.8","1.2"
"ITF5","-1.4","8.9","2.4","0.4","2.7","-1.4","-9.0","10.1","0.5","0.4"
"ITF6","-1.0","1.8","-0.6","0.4","-1.0","-0.1","-8.1","7.0","4.1","1.4"
"ITG1","-2.3","0.5","0.2","0.5","-1.0","0.0","-7.6","7.8","8.3","2.2"
"ITG2","-0.7","2.5","-2.1","0.6","0.1","1.3","-8.9","7.5","6.7","1.3"
"ITH1","0.8","1.9","1.0","1.8","3.5","1.5","-8.2","5.5","6.9","1.2"
"ITH2","0.4","-0.7","1.6","1.2","3.2","1.5","-7.0","5.6","6.0","0.1"
"ITH3","0.5","1.2","1.9","2.1","0.7","0.9","-9.3","8.5","5.2","1.0"
"ITH4","-0.2","2.0","-0.1","1.8","1.6","0.9","-7.8","8.4","2.1","-0.5"
"ITH5","1.1","0.6","1.8","2.3","1.4","0.1","-7.7","9.1","4.0","0.0"
"ITI1","0.9","0.0","0.9","1.3","1.3","2.6","-12.6","8.3","6.8","-0.1"
"ITI2","-2.8","2.9","-0.7","1.5","2.1","-0.4","-9.3","7.6","4.2","0.0"
"ITI3","1.4","-0.5","0.7","1.7","0.6","0.5","-8.5","7.5","4.6","0.3"
"ITI4","-0.6","-0.3","2.8","0.8","0.3","0.8","-8.3","5.3","5.9","0.5"
"ITZZ","-1.7","-7.8","35.2","13.8","0.9","-15.5","3.5","67.6","-64.0","-4.7"
"CY00","-1.8","3.3","6.6","5.8","6.4","6.1","-3.1","11.4","7.4","2.6"
"LV00","1.9","3.7","2.2","3.5","3.8","0.8","-3.4","7.5","1.7","2.6"
"LT01","5.2","3.8","3.4","4.6","7.5","6.8","0.2","7.9","3.9","4.4"
"LT02","2.9","2.2","2.2","4.6","3.1","3.2","-0.1","5.3","1.5","-2.8"
"LU00","2.0","4.6","5.1","0.9","1.0","3.1","-1.1","7.5","1.1","-1.4"
"HU11","6.2","1.3","2.1","5.2","6.4","8.4","-4.6","7.7","5.9","1.6"
"HU12","4.0","6.3","0.0","3.9","6.8","7.0","-1.3","12.3","10.6","-2.3"
"HU21","3.7","7.0","6.1","1.4","5.1","4.4","-7.5","11.6","4.5","-4.3"
"HU22","6.5","5.7","2.9","2.0","2.8","1.4","-7.6","4.2","5.3","-1.0"
"HU23","0.0","1.7","3.8","4.5","5.8","1.2","-5.0","5.5","2.1","-2.5"
"HU31","3.2","6.9","3.2","5.9","4.7","0.0","-3.4","6.2","-1.1","-3.7"
"HU32","4.1","1.7","1.6","4.5","6.5","3.3","-3.6","5.3","1.3","2.1"
"HU33","2.5","4.6","2.8","2.4","7.7","1.9","-3.8","5.1","0.7","-0.2"
"MT00","9.1","9.2","4.2","13.2","7.5","4.2","-0.2","13.0","6.0","5.2"
"MTZZ","-2.7","-2.3","-0.8","3.4","6.5","5.6","-27.5","58.6","1.6","41.9"
"AT11","1.8","2.8","1.0","3.0","1.4","0.9","-5.7","4.9","4.6","-1.4"
"AT12","1.4","0.9","2.5","3.2","2.4","3.0","-7.5","4.0","3.9","-1.6"
"AT13","-0.9","0.2","2.7","0.1","3.2","0.8","-5.6","5.0","4.4","2.2"
"AT21","2.3","-0.4","0.2","3.5","3.4","1.3","-4.9","4.6","6.3","-1.5"
"AT22","1.5","0.3","2.4","4.0","1.5","2.2","-6.9","5.0","5.7","-1.4"
"AT31","1.2","1.6","1.6","2.9","3.5","1.7","-4.9","6.2","4.9","-1.9"
"AT32","0.1","2.2","2.6","2.6","2.4","2.1","-5.2","3.3","12.0","-0.2"
"AT33","0.1","2.9","1.7","2.7","3.1","1.9","-8.4","-1.3","12.5","-1.0"
"AT34","3.2","2.3","1.2","3.2","1.9","2.3","-5.4","4.9","7.3","-14.2"
"ATZZ","-1.7","2.6","0.0","-0.8","1.6","-1.6","-2.3","1.6","2.3","0.0"
"PL21","4.0","5.9","3.0","6.1","6.7","4.1","-0.5","7.5","3.5","2.1"
"PL22","3.6","4.9","3.2","4.4","5.8","3.1","-2.6","9.1","5.4","-0.2"
"PL41","4.4","5.5","3.4","5.3","5.1","4.9","-0.1","6.2","5.7","-0.2"
"PL42","4.2","4.0","2.0","5.1","5.5","2.8","-0.6","6.5","3.9","0.6"
"PL43","4.7","2.9","2.3","4.0","4.2","3.2","-0.3","6.9","5.2","0.1"
"PL51","4.0","3.9","2.0","4.7","5.1","4.2","-1.0","8.0","5.0","-0.2"
"PL52","4.7","2.6","0.6","4.6","4.9","3.5","-2.1","7.3","2.6","-0.3"
"PL61","2.9","4.0","1.9","4.2","5.9","2.3","0.5","7.0","5.4","-1.7"
"PL62","4.6","2.6","1.7","4.0","3.6","3.0","0.4","6.9","4.2","0.9"
"PL63","3.3","6.1","4.1","4.7","6.4","4.8","-2.6","7.7","5.8","3.6"
"PL71","4.2","3.6","1.4","4.5","4.7","4.9","0.9","5.3","4.1","-0.8"
"PL72","3.6","2.8","1.0","3.8","6.1","2.0","0.4","6.8","2.7","1.1"
"PL81","2.8","1.7","2.7","4.1","3.3","3.9","-0.2","6.3","6.0","0.8"
"PL82","3.0","4.0","2.7","4.7","7.0","3.9","-3.5","8.2","4.8","1.5"
"PL84","3.5","1.9","1.3","5.5","5.2","4.6","2.2","4.6","5.7","3.9"
"PL91","3.0","5.5","3.9","6.7","8.9","6.1","-1.5","4.7","7.9","2.8"
"PL92","4.8","4.8","3.4","3.4","3.0","6.0","2.0","4.2","6.3","3.7"
"RO11","7.8","2.0","5.4","13.6","5.1","5.5","-2.7","6.6","5.3","2.1"
"RO12","3.3","1.1","2.6","7.2","7.1","1.2","-4.3","4.9","1.0","1.8"
"RO21","-0.5","-3.9","-2.7","5.2","1.5","0.2","-6.3","0.9","-0.4","2.7"
"RO22","4.5","1.7","0.8","5.9","4.1","0.8","-6.4","3.8","-6.7","2.0"
"RO31","8.3","-1.8","-1.5","0.2","2.7","-2.7","-6.7","-0.3","-3.8","1.7"
"RO32","4.4","8.3","6.8","13.2","8.3","10.0","2.0","10.4","11.7","2.5"
"RO41","-3.4","-1.6","-2.0","6.7","4.8","-0.2","-8.6","-2.3","-3.9","1.6"
"RO42","5.6","7.5","6.1","7.7","8.7","6.0","-5.5","7.3","5.5","1.9"
"ROZZ","-5.4","24.0","-10.1","-3.0","-7.1","-6.5","-5.5","-14.7","24.9","0.8"
"SI03","3.2","2.2","2.5","5.2","3.8","4.1","-3.3","6.6","2.7","1.1"
"SI04","3.7","2.5","3.7","5.7","4.8","3.3","-2.9","8.4","2.6","3.6"
"SK01","0.3","6.1","3.2","1.8","3.0","0.6","-2.2","5.3","-0.1","1.4"
"SK02","3.8","1.9","2.7","0.8","3.5","4.2","-2.7","3.8","-1.0","5.0"
"SK03","3.0","6.0","1.1","1.9","4.6","3.0","-4.2","8.1","1.3","1.4"
"SK04","4.0","6.7","0.6","5.3","5.5","-0.9","-0.5","4.2","0.8","5.8"
"FI19","-0.7","0.1","0.8","3.4","0.5","0.6","-1.7","3.9","3.3","2.3"
"FI1B","-0.9","1.7","2.5","3.8","1.7","3.0","-3.2","3.5","0.7","-2.0"
"FI1C","0.2","-0.8","2.2","4.9","-0.1","0.6","-2.4","2.0","1.3","-0.5"
"FI1D","0.1","-1.0","4.0","3.1","0.4","0.9","-1.5","0.5","4.2","-1.1"
"FI20","0.0","-4.7","-2.0","1.0","-7.9","3.4","-13.8","12.4","6.8","4.1"
"FIZZ","-0.5","-9.3","-3.2","5.8","21.5","27.7","-13.5","1.9","6.2","2.9"
"SE11","4.1","5.6","2.1","0.8","4.2","4.2","-2.2","5.7","1.4","0.3"
"SE12","0.8","3.3","2.8","3.0","1.3","0.8","-1.4","6.9","3.2","0.5"
"SE21","1.8","3.5","3.0","3.7","-0.5","0.9","-2.7","8.4","0.3","-0.9"
"SE22","3.2","3.5","0.1","2.9","2.1","3.5","-0.7","4.9","0.6","2.9"
"SE23","2.2","5.9","2.6","1.6","1.2","2.4","-4.6","7.6","1.9","0.7"
"SE31","0.3","1.7","2.4","1.4","0.5","2.1","-2.7","3.0","2.3","-7.6"
"SE32","0.8","1.1","0.0","2.1","-0.2","2.2","-2.7","5.3","4.7","0.0"
"SE33","-0.9","1.9","0.9","3.3","0.0","2.4","0.0","6.4","0.5","-3.3"
"SEZZ","-2.5","-3.0","-2.7","0.2","-1.4","0.8","-6.6","-1.9","11.4","-2.0"
"ME00","1.9","3.8","2.4","4.6","6.0","4.2","-14.4","13.2","6.3","5.7"
"MK00","5.0","4.4","2.0","0.9","2.9","3.8","-4.3","4.0","2.9","2.3"
"RS11","-5.8","3.2","4.0","3.2","7.2","6.3","-1.0","4.1","1.3","11.3"
"RS12","-0.5","-1.0","3.2","1.9","2.7","3.8","-0.1","7.7","3.5","1.5"
"RS21","4.7","2.2","0.5","1.4","1.4","3.9","-1.0","9.1","3.5","-2.0"
"RS22","-1.3","1.1","1.6","4.2","7.5","3.2","1.1","18.7","3.1","1.2"
"RSZZ","0.2","19.4","-2.8","-0.4","-19.4","-9.2","-9.1","0.3","-3.1","-6.9"
