"region_id","2018","2020","2022","2024"
"BE10","87.78","89.52","95.76","96.11"
"BE21","89.42","90.75","96.79","95.79"
"BE22","89.46","91.83","96.34","96.95"
"BE23","88.24","93.22","94.27","97.18"
"BE24","89.99","94.21","94.48","95.04"
"BE25","88","90.63","94.54","94.13"
"BE31","88.92","95.91","97.68","95.1"
"BE32","82.15","87.1","91.74","91.45"
"BE33","85.59","92.01","92.91","92.13"
"BE34","86.15","86.66","90.48","89.76"
"BE35","80.94","85.61","90.58","91.74"
"BG31","65.22","66.150000000000006","83.07","89.17"
"BG32","68.53","74.760000000000005","85.63","92.85"
"BG33","73.89","77.7","85.39","89.88"
"BG34","69.97","77.239999999999995","84.92","88.62"
"BG41","75.27","85.86","90.48","95.53"
"BG42","73.7","79.19","88.61","91.67"
"CZ01","93.17","94.74","96.3","96.77"
"CZ02","86.66","87.79","92.38","94.77"
"CZ03","86.17","87.68","92.32","95.61"
"CZ04","81.66","82.28","87.57","95.82"
"CZ05","83.68","86.88","90.27","94.95"
"CZ06","86.83","90.08","89.84","91.97"
"CZ07","83.38","88.11","87.91","92.61"
"CZ08","88.43","85.67","94.82","94.69"
"DK01","92.69","95.67","95.95","96.92"
"DK02","91.13","94.48","95.49","97.15"
"DK03","91.79","95.63","94.54","95.56"
"DK04","93.9","95.83","94.43","97.94"
"DK05","93.95","93.18","95.11","97.1"
"EE00","90.47","89.98","92.41","92.89"
"ES11","82.56","92.4","93.35","95.12"
"ES12","85.86","93.37","94.26","93.85"
"ES13","83","93.87","94.68","95.97"
"ES21","89.11","95.46","96.35","96.17"
"ES22","87.19","96.49","96.43","96.96"
"ES23","82.5","93.63","94.33","96.14"
"ES24","88.68","96.28","98.15","97.41"
"ES30","91.48","97.07","97.78","97.95"
"ES41","82.27","93.89","94.85","95.45"
"ES42","80.930000000000007","93.23","95.02","96.01"
"ES43","78.58","94.2","94.61","94.97"
"ES51","87.66","96.66","97.4","97.7"
"ES52","86.8","95.81","96.25","97.78"
"ES53","90.75","95.61","97.51","97.74"
"ES61","83.69","94.74","94.5","96.31"
"ES62","87.36","94.38","96.94","97.19"
"ES63","91.69","96.01","97.27","98.8"
"ES64","88.86","98.86","100","96.73"
"ES70","87.35","96.18","96.94","96.83"
"HR03","83.76","88.28","85.32","88.79"
"ITC1","85.66","88.39","92.09","94.03"
"ITC2","82.03","87.49","88.87","92.97"
"ITC3","86.24","89.6","93.69","96.37"
"ITC4","87.84","90.1","94.26","94.66"
"ITF1","82.8","86.67","89.37","92.05"
"ITF2","75.239999999999995","81.25","91.13","88.95"
"ITF3","78.25","84.94","89.27","90.34"
"ITF4","78.44","81.819999999999993","87.84","89.91"
"ITF5","78.599999999999994","80.790000000000006","86.43","89.61"
"ITF6","74.739999999999995","77.38","83.22","84.74"
"ITG1","75.78","79.87","88.55","90.24"
"ITG2","86.8","86.45","89.51","93.27"
"ITH1","87.4","92.24","92.98","95.89"
"ITH2","88.94","93.42","97.16","95.34"
"ITH3","86.77","91.45","93.19","95.82"
"ITH4","84.76","93.23","92.66","95.66"
"ITH5","89.87","92.07","92.37","96.03"
"ITI1","87.11","91.8","93.42","95.7"
"ITI2","84.55","87.04","91.94","92.88"
"ITI3","88.23","90.64","92.83","93.84"
"ITI4","86.51","92.09","91.4","94.69"
"CY00","86.17","92.78","94","94.92"
"LV00","81.58","89.73","91.39","94.33"
"LT01","81.75","86.59","89.49","93.53"
"LT02","77.06","80.34","86.96","89.01"
"LU00","92.99","93.57","97.64","98.84"
"HU11","89.75","94.21","95.62","98.45"
"HU12","87.96","87.21","94.52","95.86"
"HU21","86.59","91.27","94.68","95.2"
"HU22","84.52","85.84","91.99","95.87"
"HU23","81.34","86.68","90.3","92.55"
"HU31","77.97","83.76","86.91","92.46"
"HU32","77.099999999999994","85.49","88.17","93.22"
"HU33","78.34","82.92","87.11","92.07"
"MT00","84.14","90.36","93.39","95.58"
"NL11","99.06","96.04","98.62","100"
"NL12","95.78","96.4","96.42","98.66"
"NL13","96.89","97.85","100","98.56"
"NL21","98.33","97.48","99.16","98.84"
"NL22","99.08","97.22","98.18","99.15"
"NL23","93.01","98.74","94.89","100"
"NL32","98.48","97.88","98.93","98.88"
"NL34","97.11","94.62","97.79","100"
"NL41","98.39","96.93","98.26","99.04"
"NL42","96.87","96.07","97.11","98.62"
"AT11","89.85","87.19","90.47","93.19"
"AT12","85.99","91.65","91.25","93.95"
"AT13","90.95","92.95","96.31","95.44"
"AT21","85.21","87.37","91.25","95"
"AT22","87.99","85.97","92.64","94"
"AT31","89.64","90.44","92.25","96.04"
"AT32","89.98","88.08","92.52","95.5"
"AT33","88.69","91.54","94.7","95.28"
"AT34","90.77","93.4","91.71","95.42"
"PT11","76.67","81.790000000000006","85.29","88.82"
"PT15","76.53","85.75","89.62","90.67"
"PT20","86.48","87.81","93.52","93.67"
"PT30","82.71","87.97","90.84","92.58"
"RO11","87.39","89.78","91.23","95.18"
"RO12","77.92","85.33","90.87","95.27"
"RO21","74.099999999999994","81.819999999999993","85.15","93.59"
"RO22","72.69","80.53","87.15","92.13"
"RO31","75.94","82.91","86.92","93.71"
"RO32","95.59","95.89","96.71","97.77"
"RO41","81.099999999999994","84.89","87.02","92.51"
"RO42","85.96","91.22","91.35","96.74"
"SI03","84.13","89.44","90.45","93.35"
"SI04","89.88","90.61","95.03","95.02"
"SK01","88.94","90.13","95.74","94.27"
"SK02","81.430000000000007","85.03","89.48","89.62"
"SK03","78.260000000000005","85.94","89.15","90.3"
"SK04","78.47","84.46","91.05","89.79"
"FI19","94.52","97.12","96.96","96.32"
"FI1B","96.91","97.86","98.23","97.57"
"FI1C","92.01","95.99","98.11","97.15"
"FI1D","92.88","92.45","96.91","98.34"
"SE11","95.25","96.6","97.65","96.93"
"SE12","93.57","94.59","92.23","95.07"
"SE21","92.84","94.75","95.67","96.14"
"SE22","94.84","94.68","95.21","95.42"
"SE23","93.67","93.95","94.55","93.82"
"SE31","91.19","85.56","95.55","95.04"
"SE32","87.43","94.39","81.489999999999995","98.51"
"SE33","90.47","89.71","89.4","93.65"
"NO02","99.38","81.63","100","99.48"
"NO06","94.26","100","96.9","97.38"
"NO07","90.9","100","98.57","99.16"
