"region_id","2021","2022","2023","2024"
"BE10","35.8","38.8","38.7","38.3"
"BE21","22.1","20.3","18.5","18.2"
"BE22","12.2","11.1","9.7","10.1"
"BE23","10.9","11.2","11.8","14.4"
"BE24","9.5","10.3","9.6","9.4"
"BE25","11.2","10.4","9.8","9.8"
"BE31","26.6","27.4","26.3","23.4"
"BE32","41.2","43.0","41.2","41.0"
"BE33","28.9","30.0","28.0","27.4"
"BE34","27.6","28.1","28.2","25.3"
"BE35","26.9","28.5","28.0","24.4"
"BG31","38.8","42.0","48.7","44.9"
"BG32","43.3","54.1","53.2","49.3"
"BG33","34.7","42.3","55.6","58.2"
"BG34","44.7","50.2","51.7","52.0"
"BG41","25.9","29.8","33.7","32.0"
"BG42","41.8","49.3","53.2","52.2"
"CZ01","14.4","13.7","14.0","14.5"
"CZ02","14.8","15.2","17.6","18.8"
"CZ03","14.0","15.0","16.9","18.4"
"CZ04","28.4","25.9","26.0","25.9"
"CZ05","19.4","17.1","25.0","22.5"
"CZ06","15.2","15.5","17.7","15.9"
"CZ07","19.5","20.0","17.2","15.2"
"CZ08","21.3","20.4","24.2","23.9"
"DK01","18.9","16.3","21.6","18.8"
"DK02","22.0","24.0","22.6","22.5"
"DK03","21.3","22.8","24.9","22.1"
"DK04","17.6","18.9","22.8","21.9"
"DK05","18.8","24.1","25.5","21.9"
"DE11","29.0","31.5","34.4","35.1"
"DE12","30.9","31.2","32.1","28.9"
"DE13","28.2","33.4","35.8","35.0"
"DE14","31.0","31.6","32.1","30.1"
"DE21","22.4","22.5","22.4","18.9"
"DE22","24.0","24.1","20.5","24.0"
"DE23","24.9","20.5","15.2","10.6"
"DE24","27.3","24.6","23.6","22.0"
"DE25","26.9","25.7","29.2","25.4"
"DE26","29.5","27.2","27.9","21.7"
"DE27","23.4","24.2","24.1","18.4"
"DE30","32.4","29.5","33.6","29.1"
"DE40","31.5","32.2","33.3","31.3"
"DE50","48.4","51.7","52.3","52.4"
"DE60","29.9","36.0","39.6","30.6"
"DE71","38.3","38.3","34.2","31.8"
"DE72","32.1","37.2","36.3","37.1"
"DE73","40.6","43.7","42.3","38.7"
"DE80","39.3","42.8","42.8","34.3"
"DE91","41.0","41.8","42.8","39.3"
"DE92","36.1","40.6","40.9","35.3"
"DE93","32.7","35.0","34.1","35.1"
"DE94","35.1","39.7","41.3","36.4"
"DEA1","40.8","41.3","42.6","37.8"
"DEA2","34.1","35.2","39.4","34.4"
"DEA3","35.0","37.6","43.1","40.7"
"DEA4","36.5","34.4","35.6","35.2"
"DEA5","38.2","42.6","40.8","39.6"
"DEB1","35.9","36.6","38.7","38.7"
"DEB2","22.5","23.8","22.5","32.9"
"DEB3","35.2","35.0","36.0","35.1"
"DEC0","27.8","36.4","37.9","39.7"
"DED2","22.8","25.2","25.6","24.7"
"DED4","24.9","28.1","32.0","28.1"
"DED5","31.4","27.3","30.4","35.8"
"DEE0","29.3","32.6","32.5","32.3"
"DEF0","27.5","32.6","35.9","30.8"
"DEG0","37.2","42.5","42.3","38.2"
"IE04","29.1","32.5","33.7","27.7"
"IE05","31.2","39.7","36.5","34.4"
"IE06","27.8","29.1","33.4","31.0"
"EL30","40.3","38.4","40.5","39.2"
"EL41","40.1","38.6","46.9","42.4"
"EL42","41.9","46.3","40.3","37.1"
"EL43","50.0","40.0","53.7","47.1"
"EL51","51.0","43.0","52.5","53.1"
"EL52","46.5","47.3","40.8","45.7"
"EL53","44.4","45.4","39.4","47.6"
"EL54","48.3","38.6","35.7","33.9"
"EL61","56.1","45.9","40.8","46.9"
"EL62","37.1","48.5","59.0","63.6"
"EL63","62.0","56.4","53.4","44.3"
"EL64","51.3","47.0","44.8","44.4"
"EL65","49.2","53.3","60.4","54.6"
"ES11","24.7","29.4","29.2","26.8"
"ES12","25.9","24.0","27.5","28.6"
"ES13","25.8","23.9","25.8","26.1"
"ES21","18.4","18.7","20.6","22.5"
"ES22","20.9","21.5","27.1","26.2"
"ES23","22.5","19.6","27.4","25.0"
"ES24","26.9","27.2","30.5","29.9"
"ES30","30.6","31.3","34.1","33.0"
"ES41","24.1","27.2","26.3","27.8"
"ES42","35.6","36.7","37.4","37.7"
"ES43","39.4","42.3","40.7","37.9"
"ES51","32.9","34.8","36.1","35.3"
"ES52","32.4","34.6","38.8","38.8"
"ES53","30.9","36.4","36.5","30.9"
"ES61","42.5","44.8","46.5","44.5"
"ES62","43.0","44.8","46.4","42.1"
"ES63","54.9","47.0","56.0","50.0"
"ES64","48.5","45.3","47.0","36.2"
"ES70","49.8","57.2","53.3","48.9"
"HR02","48.3","49.1","49.1","41.7"
"HR03","45.6","45.2","39.6","36.0"
"HR05","47.8","39.5","33.5","23.2"
"HR06","44.3","44.0","42.0","36.2"
"ITC1","36.4","38.9","33.2","39.1"
"ITC2","32.6","22.4","8.2","25.4"
"ITC3","32.1","29.4","16.2","22.2"
"ITC4","24.8","24.7","21.3","16.9"
"ITF1","41.3","40.7","38.3","43.1"
"ITF2","35.1","38.9","36.2","36.2"
"ITF3","46.8","46.4","38.9","40.5"
"ITF4","40.7","34.8","37.8","49.3"
"ITF5","27.3","32.8","23.6","24.1"
"ITF6","42.6","51.5","61.2","60.6"
"ITG1","48.2","48.3","45.3","43.9"
"ITG2","51.8","59.9","52.9","52.0"
"ITH1","16.2","15.8","16.8","13.6"
"ITH2","18.4","31.2","20.1","11.2"
"ITH3","25.9","26.7","25.5","24.7"
"ITH4","23.8","28.0","21.0","18.3"
"ITH5","20.1","17.8","12.1","12.5"
"ITI1","20.0","23.1","16.8","20.9"
"ITI2","23.6","22.9","20.0","18.7"
"ITI3","33.9","24.5","22.6","26.8"
"ITI4","31.0","30.7","23.5","26.1"
"LT01","28.4","32.5","33.6","33.5"
"LT02","39.6","42.2","43.5","44.7"
"HU11","29.5","23.5","17.5","17.7"
"HU12","37.9","34.5","35.7","30.7"
"HU21","26.8","30.0","24.3","18.3"
"HU22","23.0","24.7","22.4","21.4"
"HU23","40.8","34.8","39.4","33.5"
"HU31","40.7","43.8","39.5","39.6"
"HU32","44.6","44.3","40.5","37.4"
"HU33","35.2","33.7","34.3","32.0"
"AT11","13.3","10.9","16.7","11.4"
"AT12","15.4","14.3","20.1","18.8"
"AT13","26.3","27.9","34.9","31.6"
"AT21","18.3","16.4","22.5","21.6"
"AT22","17.4","18.5","19.0","15.8"
"AT31","11.6","13.1","18.7","16.6"
"AT32","23.0","22.2","22.0","21.4"
"AT33","17.3","23.5","19.5","20.1"
"AT34","25.1","17.1","15.4","16.2"
"PL21","22.0","22.6","25.4","18.8"
"PL22","26.7","30.1","26.1","21.7"
"PL41","27.3","29.6","24.3","21.9"
"PL42","31.8","30.6","32.1","26.5"
"PL43","29.1","29.3","31.9","32.5"
"PL51","22.1","26.1","27.3","21.8"
"PL52","29.3","31.0","29.0","25.1"
"PL61","31.2","37.7","37.5","30.8"
"PL62","35.5","34.2","30.0","29.5"
"PL63","22.3","26.4","28.2","23.2"
"PL71","30.1","31.6","33.2","28.9"
"PL72","19.2","24.8","24.4","24.8"
"PL81","25.5","32.8","24.7","21.2"
"PL82","22.2","28.7","24.3","23.7"
"PL84","19.8","20.5","21.7","26.0"
"PL91","15.4","16.2","13.9","15.7"
"PL92","18.2","19.7","21.2","19.4"
"PT11","32.0","27.4","29.6","27.6"
"PT15","35.0","33.0","29.4","30.1"
"PT20","43.2","43.0","46.0","43.0"
"PT30","48.7","46.7","49.3","44.0"
"RO11","37.5","36.2","38.6","36.8"
"RO12","38.2","39.9","38.1","31.5"
"RO21","52.8","53.5","51.1","41.8"
"RO22","61.6","61.0","56.5","53.4"
"RO31","55.2","52.3","53.3","45.6"
"RO32","37.3","36.3","33.0","27.1"
"RO41","44.6","51.8","50.5","42.6"
"RO42","47.6","52.2","48.1","40.8"
"SI03","29.0","29.7","28.5","28.9"
"SI04","20.1","19.5","16.5","17.3"
"SK01","35.9","36.4","36.7","25.3"
"SK02","23.5","22.8","27.5","28.3"
"SK03","25.1","26.0","28.5","26.3"
"SK04","28.6","28.3","28.5","31.0"
"FI1B","23.5","23.1","27.2","28.2"
"FI1C","24.7","23.9","26.4","26.3"
"FI1D","22.8","22.9","23.3","26.7"
"SE11","17.3","20.1","19.8","22.2"
"SE12","21.7","24.1","25.8","23.7"
"SE21","18.6","22.7","21.3","24.4"
"SE22","18.9","23.1","27.4","25.5"
"SE23","17.4","20.2","19.4","20.6"
"SE31","18.0","21.0","22.9","24.7"
"SE32","19.3","20.0","17.4","20.6"
"SE33","14.0","13.2","13.6","13.1"
"NO02","22.9","24.5","26.7","33.1"
"NO06","22.2","20.6","23.1","22.4"
"NO07","21.6","23.3","22.0","22.8"
"NO08","24.2","22.7","25.2","24.1"
"NO09","23.5","22.7","25.0","21.6"
"NO0A","23.3","19.8","22.8","22.3"
"CH01","29.2","27.9","26.9","31.7"
"CH02","19.2","20.1","20.5","19.3"
"CH03","18.4","21.9","18.4","23.7"
"CH04","15.4","12.8","12.9","13.8"
"CH05","12.0","11.8","13.6","17.1"
"CH06","10.7","9.3","13.7","12.9"
"CH07","29.5","23.6","29.9","25.7"
"RS11","27.2","30.3","24.5","34.0"
"RS12","35.0","35.2","40.1","39.9"
"RS21","41.4","38.3","37.8","27.6"
"RS22","38.1","35.9","35.6","35.0"
