STRUCTURE,STRUCTURE_ID,freq,currency,estruct,ecase,geo,TIME_PERIOD,OBS_VALUE,OBS_FLAG,CONF_STATUS
dataflow,ESTAT:EARN_NT_NET(1.0),A,EUR,NET,P1_NCH_AW100,AT,2010,25770.16,,
dataflow,ESTAT:EARN_NT_NET(1.0),A,EUR,NET,P1_NCH_AW100,AT,2011,26375.67,,
dataflow,ESTAT:EARN_NT_NET(1.0),A,EUR,NET,P1_NCH_AW100,AT,2012,26893.06,,
dataflow,ESTAT:EARN_NT_NET(1.0),A,EUR,NET,P1_NCH_AW100,AT,2013,27520.54,,
dataflow,ESTAT:EARN_NT_NET(1.0),A,EUR,NET,P1_NCH_AW100,AT,2014,27965.34,,
dataflow,ESTAT:EARN_NT_NET(1.0),A,EUR,NET,P1_NCH_AW100,AT,2015,28524.14,,
dataflow,ESTAT:EARN_NT_NET(1.0),A,EUR,NET,P1_NCH_AW100,AT,2016,30601.53,,
dataflow,ESTAT:EARN_NT_NET(1.0),A,EUR,NET,P1_NCH_AW100,AT,2017,31083.14,,
dataflow,ESTAT:EARN_NT_NET(1.0),A,EUR,NET,P1_NCH_AW100,AT,2018,31640.93,,
dataflow,ESTAT:EARN_NT_NET(1.0),A,EUR,NET,P1_NCH_AW100,AT,2019,32325.12,,
dataflow,ESTAT:EARN_NT_NET(1.0),A,EUR,NET,P1_NCH_AW100,AT,2020,33032.37,,
dataflow,ESTAT:EARN_NT_NET(1.0),A,EUR,NET,P1_NCH_AW100,AT,2021,33712.2,,
dataflow,ESTAT:EARN_NT_NET(1.0),A,EUR,NET,P1_NCH_AW100,AT,2022,36075.61,,
dataflow,ESTAT:EARN_NT_NET(1.0),A,EUR,NET,P1_NCH_AW100,AT,2023,38375.91,,
dataflow,ESTAT:EARN_NT_NET(1.0),A,EUR,NET,P1_NCH_AW100,AT,2024,41747.41,,
dataflow,ESTAT:EARN_NT_NET(1.0),A,EUR,NET,P1_NCH_AW100,BE,2010,24873.45,,
dataflow,ESTAT:EARN_NT_NET(1.0),A,EUR,NET,P1_NCH_AW100,BE,2011,25519.86,,
dataflow,ESTAT:EARN_NT_NET(1.0),A,EUR,NET,P1_NCH_AW100,BE,2012,26287.51,,
dataflow,ESTAT:EARN_NT_NET(1.0),A,EUR,NET,P1_NCH_AW100,BE,2013,26609.37,,
dataflow,ESTAT:EARN_NT_NET(1.0),A,EUR,NET,P1_NCH_AW100,BE,2014,26775.94,,
dataflow,ESTAT:EARN_NT_NET(1.0),A,EUR,NET,P1_NCH_AW100,BE,2015,26953.59,,
dataflow,ESTAT:EARN_NT_NET(1.0),A,EUR,NET,P1_NCH_AW100,BE,2016,27574.37,,
dataflow,ESTAT:EARN_NT_NET(1.0),A,EUR,NET,P1_NCH_AW100,BE,2017,28238.77,,
dataflow,ESTAT:EARN_NT_NET(1.0),A,EUR,NET,P1_NCH_AW100,BE,2018,29240.96,,
dataflow,ESTAT:EARN_NT_NET(1.0),A,EUR,NET,P1_NCH_AW100,BE,2019,30188.71,,
dataflow,ESTAT:EARN_NT_NET(1.0),A,EUR,NET,P1_NCH_AW100,BE,2020,30539.81,,
dataflow,ESTAT:EARN_NT_NET(1.0),A,EUR,NET,P1_NCH_AW100,BE,2021,31063.95,,
dataflow,ESTAT:EARN_NT_NET(1.0),A,EUR,NET,P1_NCH_AW100,BE,2022,32889.21,,
dataflow,ESTAT:EARN_NT_NET(1.0),A,EUR,NET,P1_NCH_AW100,BE,2023,35438.98,,
dataflow,ESTAT:EARN_NT_NET(1.0),A,EUR,NET,P1_NCH_AW100,BE,2024,36672.38,,
dataflow,ESTAT:EARN_NT_NET(1.0),A,EUR,NET,P1_NCH_AW100,BG,2010,6263.14,,
dataflow,ESTAT:EARN_NT_NET(1.0),A,EUR,NET,P1_NCH_AW100,BG,2011,6642.77,,
dataflow,ESTAT:EARN_NT_NET(1.0),A,EUR,NET,P1_NCH_AW100,BG,2012,7037.85,,
dataflow,ESTAT:EARN_NT_NET(1.0),A,EUR,NET,P1_NCH_AW100,BG,2013,7428.24,,
dataflow,ESTAT:EARN_NT_NET(1.0),A,EUR,NET,P1_NCH_AW100,BG,2014,7889.17,,
dataflow,ESTAT:EARN_NT_NET(1.0),A,EUR,NET,P1_NCH_AW100,BG,2015,8486.5,,
dataflow,ESTAT:EARN_NT_NET(1.0),A,EUR,NET,P1_NCH_AW100,BG,2016,9170.85,,
dataflow,ESTAT:EARN_NT_NET(1.0),A,EUR,NET,P1_NCH_AW100,BG,2017,10038.61,,
dataflow,ESTAT:EARN_NT_NET(1.0),A,EUR,NET,P1_NCH_AW100,BG,2018,10653.43,,
dataflow,ESTAT:EARN_NT_NET(1.0),A,EUR,NET,P1_NCH_AW100,BG,2019,11916.72,,
dataflow,ESTAT:EARN_NT_NET(1.0),A,EUR,NET,P1_NCH_AW100,BG,2020,12933.26,,
dataflow,ESTAT:EARN_NT_NET(1.0),A,EUR,NET,P1_NCH_AW100,BG,2021,14583.77,,
dataflow,ESTAT:EARN_NT_NET(1.0),A,EUR,NET,P1_NCH_AW100,BG,2022,16759.62,,
dataflow,ESTAT:EARN_NT_NET(1.0),A,EUR,NET,P1_NCH_AW100,BG,2023,19343.63,,
dataflow,ESTAT:EARN_NT_NET(1.0),A,EUR,NET,P1_NCH_AW100,BG,2024,21658.33,,
dataflow,ESTAT:EARN_NT_NET(1.0),A,EUR,NET,P1_NCH_AW100,CH,2010,50916.25,,
dataflow,ESTAT:EARN_NT_NET(1.0),A,EUR,NET,P1_NCH_AW100,CH,2011,57462.6,,
dataflow,ESTAT:EARN_NT_NET(1.0),A,EUR,NET,P1_NCH_AW100,CH,2012,61358.26,,
dataflow,ESTAT:EARN_NT_NET(1.0),A,EUR,NET,P1_NCH_AW100,CH,2013,60707.22,,
dataflow,ESTAT:EARN_NT_NET(1.0),A,EUR,NET,P1_NCH_AW100,CH,2014,59338.83,,
dataflow,ESTAT:EARN_NT_NET(1.0),A,EUR,NET,P1_NCH_AW100,CH,2015,67296.39,,
dataflow,ESTAT:EARN_NT_NET(1.0),A,EUR,NET,P1_NCH_AW100,CH,2016,67704.82,,
dataflow,ESTAT:EARN_NT_NET(1.0),A,EUR,NET,P1_NCH_AW100,CH,2017,66629.09,,
dataflow,ESTAT:EARN_NT_NET(1.0),A,EUR,NET,P1_NCH_AW100,CH,2018,64808.97,,
dataflow,ESTAT:EARN_NT_NET(1.0),A,EUR,NET,P1_NCH_AW100,CH,2019,68324.09,,
dataflow,ESTAT:EARN_NT_NET(1.0),A,EUR,NET,P1_NCH_AW100,CH,2020,72035.35,,
dataflow,ESTAT:EARN_NT_NET(1.0),A,EUR,NET,P1_NCH_AW100,CH,2021,73724.38,,
dataflow,ESTAT:EARN_NT_NET(1.0),A,EUR,NET,P1_NCH_AW100,CH,2022,78452.97,,
dataflow,ESTAT:EARN_NT_NET(1.0),A,EUR,NET,P1_NCH_AW100,CH,2023,82060.07,,
dataflow,ESTAT:EARN_NT_NET(1.0),A,EUR,NET,P1_NCH_AW100,CH,2024,85631.07,,
dataflow,ESTAT:EARN_NT_NET(1.0),A,EUR,NET,P1_NCH_AW100,CY,2014,19096.46,,
dataflow,ESTAT:EARN_NT_NET(1.0),A,EUR,NET,P1_NCH_AW100,CY,2017,19531.22,,
dataflow,ESTAT:EARN_NT_NET(1.0),A,EUR,NET,P1_NCH_AW100,CY,2018,20026.89,,
dataflow,ESTAT:EARN_NT_NET(1.0),A,EUR,NET,P1_NCH_AW100,CY,2019,20282.76,,
dataflow,ESTAT:EARN_NT_NET(1.0),A,EUR,NET,P1_NCH_AW100,CY,2020,20056.8,,
dataflow,ESTAT:EARN_NT_NET(1.0),A,EUR,NET,P1_NCH_AW100,CY,2021,20459.03,,
dataflow,ESTAT:EARN_NT_NET(1.0),A,EUR,NET,P1_NCH_AW100,CY,2022,22006.36,,
dataflow,ESTAT:EARN_NT_NET(1.0),A,EUR,NET,P1_NCH_AW100,CY,2023,23476.75,,
dataflow,ESTAT:EARN_NT_NET(1.0),A,EUR,NET,P1_NCH_AW100,CY,2024,24230,,
dataflow,ESTAT:EARN_NT_NET(1.0),A,EUR,NET,P1_NCH_AW100,CZ,2010,8832.96,,
dataflow,ESTAT:EARN_NT_NET(1.0),A,EUR,NET,P1_NCH_AW100,CZ,2011,9257.22,,
dataflow,ESTAT:EARN_NT_NET(1.0),A,EUR,NET,P1_NCH_AW100,CZ,2012,9311.44,,
dataflow,ESTAT:EARN_NT_NET(1.0),A,EUR,NET,P1_NCH_AW100,CZ,2013,8973.79,,
dataflow,ESTAT:EARN_NT_NET(1.0),A,EUR,NET,P1_NCH_AW100,CZ,2014,8694.95,,
dataflow,ESTAT:EARN_NT_NET(1.0),A,EUR,NET,P1_NCH_AW100,CZ,2015,9017.25,,
dataflow,ESTAT:EARN_NT_NET(1.0),A,EUR,NET,P1_NCH_AW100,CZ,2016,9446.75,,
dataflow,ESTAT:EARN_NT_NET(1.0),A,EUR,NET,P1_NCH_AW100,CZ,2017,10263.3,,
dataflow,ESTAT:EARN_NT_NET(1.0),A,EUR,NET,P1_NCH_AW100,CZ,2018,11256.33,,
dataflow,ESTAT:EARN_NT_NET(1.0),A,EUR,NET,P1_NCH_AW100,CZ,2019,11992.68,,
dataflow,ESTAT:EARN_NT_NET(1.0),A,EUR,NET,P1_NCH_AW100,CZ,2020,11974.4,,
dataflow,ESTAT:EARN_NT_NET(1.0),A,EUR,NET,P1_NCH_AW100,CZ,2021,13969.74,,
dataflow,ESTAT:EARN_NT_NET(1.0),A,EUR,NET,P1_NCH_AW100,CZ,2022,15703.05,,
dataflow,ESTAT:EARN_NT_NET(1.0),A,EUR,NET,P1_NCH_AW100,CZ,2023,17265.6,,
dataflow,ESTAT:EARN_NT_NET(1.0),A,EUR,NET,P1_NCH_AW100,CZ,2024,17290.99,,
dataflow,ESTAT:EARN_NT_NET(1.0),A,EUR,NET,P1_NCH_AW100,DE,2010,25374.06,,
dataflow,ESTAT:EARN_NT_NET(1.0),A,EUR,NET,P1_NCH_AW100,DE,2011,26088.04,,
dataflow,ESTAT:EARN_NT_NET(1.0),A,EUR,NET,P1_NCH_AW100,DE,2012,26729.62,,
dataflow,ESTAT:EARN_NT_NET(1.0),A,EUR,NET,P1_NCH_AW100,DE,2013,27171.02,,
dataflow,ESTAT:EARN_NT_NET(1.0),A,EUR,NET,P1_NCH_AW100,DE,2014,27791.42,,
dataflow,ESTAT:EARN_NT_NET(1.0),A,EUR,NET,P1_NCH_AW100,DE,2015,28410.71,,
dataflow,ESTAT:EARN_NT_NET(1.0),A,EUR,NET,P1_NCH_AW100,DE,2016,28986.32,,
dataflow,ESTAT:EARN_NT_NET(1.0),A,EUR,NET,P1_NCH_AW100,DE,2017,29468.63,,
dataflow,ESTAT:EARN_NT_NET(1.0),A,EUR,NET,P1_NCH_AW100,DE,2018,30419.87,,
dataflow,ESTAT:EARN_NT_NET(1.0),A,EUR,NET,P1_NCH_AW100,DE,2019,31486.26,,
dataflow,ESTAT:EARN_NT_NET(1.0),A,EUR,NET,P1_NCH_AW100,DE,2020,31292.95,,
dataflow,ESTAT:EARN_NT_NET(1.0),A,EUR,NET,P1_NCH_AW100,DE,2021,32850.2,,
dataflow,ESTAT:EARN_NT_NET(1.0),A,EUR,NET,P1_NCH_AW100,DE,2022,35596.73,,
dataflow,ESTAT:EARN_NT_NET(1.0),A,EUR,NET,P1_NCH_AW100,DE,2023,37908.41,,
dataflow,ESTAT:EARN_NT_NET(1.0),A,EUR,NET,P1_NCH_AW100,DE,2024,39594.13,,
dataflow,ESTAT:EARN_NT_NET(1.0),A,EUR,NET,P1_NCH_AW100,DK,2010,32349.16,,
dataflow,ESTAT:EARN_NT_NET(1.0),A,EUR,NET,P1_NCH_AW100,DK,2011,33153.43,,
dataflow,ESTAT:EARN_NT_NET(1.0),A,EUR,NET,P1_NCH_AW100,DK,2012,33617.32,,
dataflow,ESTAT:EARN_NT_NET(1.0),A,EUR,NET,P1_NCH_AW100,DK,2013,33873.44,,
dataflow,ESTAT:EARN_NT_NET(1.0),A,EUR,NET,P1_NCH_AW100,DK,2014,34330.38,,
dataflow,ESTAT:EARN_NT_NET(1.0),A,EUR,NET,P1_NCH_AW100,DK,2015,34689.46,,
dataflow,ESTAT:EARN_NT_NET(1.0),A,EUR,NET,P1_NCH_AW100,DK,2016,35021.65,,
dataflow,ESTAT:EARN_NT_NET(1.0),A,EUR,NET,P1_NCH_AW100,DK,2017,35558.92,,
dataflow,ESTAT:EARN_NT_NET(1.0),A,EUR,NET,P1_NCH_AW100,DK,2018,36307.24,,
dataflow,ESTAT:EARN_NT_NET(1.0),A,EUR,NET,P1_NCH_AW100,DK,2019,37133.59,,
dataflow,ESTAT:EARN_NT_NET(1.0),A,EUR,NET,P1_NCH_AW100,DK,2020,37878.85,,
dataflow,ESTAT:EARN_NT_NET(1.0),A,EUR,NET,P1_NCH_AW100,DK,2021,39315.61,,
dataflow,ESTAT:EARN_NT_NET(1.0),A,EUR,NET,P1_NCH_AW100,DK,2022,40710.04,,
dataflow,ESTAT:EARN_NT_NET(1.0),A,EUR,NET,P1_NCH_AW100,DK,2023,42357.77,,
dataflow,ESTAT:EARN_NT_NET(1.0),A,EUR,NET,P1_NCH_AW100,DK,2024,43912.73,,
dataflow,ESTAT:EARN_NT_NET(1.0),A,EUR,NET,P1_NCH_AW100,EE,2010,7820.19,,
dataflow,ESTAT:EARN_NT_NET(1.0),A,EUR,NET,P1_NCH_AW100,EE,2011,8324.26,,
dataflow,ESTAT:EARN_NT_NET(1.0),A,EUR,NET,P1_NCH_AW100,EE,2012,8812.65,,
dataflow,ESTAT:EARN_NT_NET(1.0),A,EUR,NET,P1_NCH_AW100,EE,2013,9445.7,,
dataflow,ESTAT:EARN_NT_NET(1.0),A,EUR,NET,P1_NCH_AW100,EE,2014,9914.95,,
dataflow,ESTAT:EARN_NT_NET(1.0),A,EUR,NET,P1_NCH_AW100,EE,2015,10638.42,,
dataflow,ESTAT:EARN_NT_NET(1.0),A,EUR,NET,P1_NCH_AW100,EE,2016,11454.71,,
dataflow,ESTAT:EARN_NT_NET(1.0),A,EUR,NET,P1_NCH_AW100,EE,2017,12233.44,,
dataflow,ESTAT:EARN_NT_NET(1.0),A,EUR,NET,P1_NCH_AW100,EE,2018,13437.69,,
dataflow,ESTAT:EARN_NT_NET(1.0),A,EUR,NET,P1_NCH_AW100,EE,2019,14169.6,,
dataflow,ESTAT:EARN_NT_NET(1.0),A,EUR,NET,P1_NCH_AW100,EE,2020,14444.62,,
dataflow,ESTAT:EARN_NT_NET(1.0),A,EUR,NET,P1_NCH_AW100,EE,2021,15300.44,,
dataflow,ESTAT:EARN_NT_NET(1.0),A,EUR,NET,P1_NCH_AW100,EE,2022,16472.09,,
dataflow,ESTAT:EARN_NT_NET(1.0),A,EUR,NET,P1_NCH_AW100,EE,2023,18141.98,,
dataflow,ESTAT:EARN_NT_NET(1.0),A,EUR,NET,P1_NCH_AW100,EE,2024,19022.58,,
dataflow,ESTAT:EARN_NT_NET(1.0),A,EUR,NET,P1_NCH_AW100,EL,2010,18567.44,,
dataflow,ESTAT:EARN_NT_NET(1.0),A,EUR,NET,P1_NCH_AW100,EL,2011,17545.08,,
dataflow,ESTAT:EARN_NT_NET(1.0),A,EUR,NET,P1_NCH_AW100,EL,2012,17117.04,,
dataflow,ESTAT:EARN_NT_NET(1.0),A,EUR,NET,P1_NCH_AW100,EL,2013,15810.81,,
dataflow,ESTAT:EARN_NT_NET(1.0),A,EUR,NET,P1_NCH_AW100,EL,2014,16070.17,,
dataflow,ESTAT:EARN_NT_NET(1.0),A,EUR,NET,P1_NCH_AW100,EL,2015,15601.94,,
dataflow,ESTAT:EARN_NT_NET(1.0),A,EUR,NET,P1_NCH_AW100,EL,2016,14979.79,,
dataflow,ESTAT:EARN_NT_NET(1.0),A,EUR,NET,P1_NCH_AW100,EL,2017,14863.67,,
dataflow,ESTAT:EARN_NT_NET(1.0),A,EUR,NET,P1_NCH_AW100,EL,2018,14850.01,,
dataflow,ESTAT:EARN_NT_NET(1.0),A,EUR,NET,P1_NCH_AW100,EL,2019,15112.49,,
dataflow,ESTAT:EARN_NT_NET(1.0),A,EUR,NET,P1_NCH_AW100,EL,2020,14247.43,,
dataflow,ESTAT:EARN_NT_NET(1.0),A,EUR,NET,P1_NCH_AW100,EL,2021,15407.96,,
dataflow,ESTAT:EARN_NT_NET(1.0),A,EUR,NET,P1_NCH_AW100,EL,2022,16819.51,,
dataflow,ESTAT:EARN_NT_NET(1.0),A,EUR,NET,P1_NCH_AW100,EL,2023,18022.41,,
dataflow,ESTAT:EARN_NT_NET(1.0),A,EUR,NET,P1_NCH_AW100,EL,2024,18709.02,,
dataflow,ESTAT:EARN_NT_NET(1.0),A,EUR,NET,P1_NCH_AW100,ES,2010,19399.72,,
dataflow,ESTAT:EARN_NT_NET(1.0),A,EUR,NET,P1_NCH_AW100,ES,2011,19891.57,,
dataflow,ESTAT:EARN_NT_NET(1.0),A,EUR,NET,P1_NCH_AW100,ES,2012,19975.06,,
dataflow,ESTAT:EARN_NT_NET(1.0),A,EUR,NET,P1_NCH_AW100,ES,2013,20061.89,,
dataflow,ESTAT:EARN_NT_NET(1.0),A,EUR,NET,P1_NCH_AW100,ES,2014,20169.47,,
dataflow,ESTAT:EARN_NT_NET(1.0),A,EUR,NET,P1_NCH_AW100,ES,2015,20844.88,,
dataflow,ESTAT:EARN_NT_NET(1.0),A,EUR,NET,P1_NCH_AW100,ES,2016,20827.52,,
dataflow,ESTAT:EARN_NT_NET(1.0),A,EUR,NET,P1_NCH_AW100,ES,2017,20948.65,,
dataflow,ESTAT:EARN_NT_NET(1.0),A,EUR,NET,P1_NCH_AW100,ES,2018,21198.42,,
dataflow,ESTAT:EARN_NT_NET(1.0),A,EUR,NET,P1_NCH_AW100,ES,2019,21481.84,,
dataflow,ESTAT:EARN_NT_NET(1.0),A,EUR,NET,P1_NCH_AW100,ES,2020,20632.83,,
dataflow,ESTAT:EARN_NT_NET(1.0),A,EUR,NET,P1_NCH_AW100,ES,2021,21668.52,,
dataflow,ESTAT:EARN_NT_NET(1.0),A,EUR,NET,P1_NCH_AW100,ES,2022,22577.6,,
dataflow,ESTAT:EARN_NT_NET(1.0),A,EUR,NET,P1_NCH_AW100,ES,2023,23597.08,,
dataflow,ESTAT:EARN_NT_NET(1.0),A,EUR,NET,P1_NCH_AW100,ES,2024,24570.88,,
dataflow,ESTAT:EARN_NT_NET(1.0),A,EUR,NET,P1_NCH_AW100,FI,2010,27803.54,,
dataflow,ESTAT:EARN_NT_NET(1.0),A,EUR,NET,P1_NCH_AW100,FI,2011,28421.92,,
dataflow,ESTAT:EARN_NT_NET(1.0),A,EUR,NET,P1_NCH_AW100,FI,2012,29246.92,,
dataflow,ESTAT:EARN_NT_NET(1.0),A,EUR,NET,P1_NCH_AW100,FI,2013,29654.15,,
dataflow,ESTAT:EARN_NT_NET(1.0),A,EUR,NET,P1_NCH_AW100,FI,2014,29641.38,,
dataflow,ESTAT:EARN_NT_NET(1.0),A,EUR,NET,P1_NCH_AW100,FI,2015,29918.29,,
dataflow,ESTAT:EARN_NT_NET(1.0),A,EUR,NET,P1_NCH_AW100,FI,2016,30306.38,,
dataflow,ESTAT:EARN_NT_NET(1.0),A,EUR,NET,P1_NCH_AW100,FI,2017,30805.85,,
dataflow,ESTAT:EARN_NT_NET(1.0),A,EUR,NET,P1_NCH_AW100,FI,2018,31400.22,,
dataflow,ESTAT:EARN_NT_NET(1.0),A,EUR,NET,P1_NCH_AW100,FI,2019,32135.14,,
dataflow,ESTAT:EARN_NT_NET(1.0),A,EUR,NET,P1_NCH_AW100,FI,2020,33191.98,,
dataflow,ESTAT:EARN_NT_NET(1.0),A,EUR,NET,P1_NCH_AW100,FI,2021,33906.14,,
dataflow,ESTAT:EARN_NT_NET(1.0),A,EUR,NET,P1_NCH_AW100,FI,2022,35001.16,,
dataflow,ESTAT:EARN_NT_NET(1.0),A,EUR,NET,P1_NCH_AW100,FI,2023,36266.13,,
dataflow,ESTAT:EARN_NT_NET(1.0),A,EUR,NET,P1_NCH_AW100,FI,2024,36876.61,,
dataflow,ESTAT:EARN_NT_NET(1.0),A,EUR,NET,P1_NCH_AW100,FR,2010,25031.8,,
dataflow,ESTAT:EARN_NT_NET(1.0),A,EUR,NET,P1_NCH_AW100,FR,2011,25576.25,,
dataflow,ESTAT:EARN_NT_NET(1.0),A,EUR,NET,P1_NCH_AW100,FR,2012,25978.92,,
dataflow,ESTAT:EARN_NT_NET(1.0),A,EUR,NET,P1_NCH_AW100,FR,2013,26269.14,,
dataflow,ESTAT:EARN_NT_NET(1.0),A,EUR,NET,P1_NCH_AW100,FR,2014,26578.46,,
dataflow,ESTAT:EARN_NT_NET(1.0),A,EUR,NET,P1_NCH_AW100,FR,2015,26958.75,,
dataflow,ESTAT:EARN_NT_NET(1.0),A,EUR,NET,P1_NCH_AW100,FR,2016,26880.7,,
dataflow,ESTAT:EARN_NT_NET(1.0),A,EUR,NET,P1_NCH_AW100,FR,2017,27022.48,,
dataflow,ESTAT:EARN_NT_NET(1.0),A,EUR,NET,P1_NCH_AW100,FR,2018,27662.94,,
dataflow,ESTAT:EARN_NT_NET(1.0),A,EUR,NET,P1_NCH_AW100,FR,2019,28153.78,,
dataflow,ESTAT:EARN_NT_NET(1.0),A,EUR,NET,P1_NCH_AW100,FR,2020,27472.33,,
dataflow,ESTAT:EARN_NT_NET(1.0),A,EUR,NET,P1_NCH_AW100,FR,2021,28649.83,,
dataflow,ESTAT:EARN_NT_NET(1.0),A,EUR,NET,P1_NCH_AW100,FR,2022,30241.44,,
dataflow,ESTAT:EARN_NT_NET(1.0),A,EUR,NET,P1_NCH_AW100,FR,2023,31573.51,,
dataflow,ESTAT:EARN_NT_NET(1.0),A,EUR,NET,P1_NCH_AW100,FR,2024,32353.63,,
dataflow,ESTAT:EARN_NT_NET(1.0),A,EUR,NET,P1_NCH_AW100,HR,2013,7937.17,,
dataflow,ESTAT:EARN_NT_NET(1.0),A,EUR,NET,P1_NCH_AW100,HR,2014,7970.4,,
dataflow,ESTAT:EARN_NT_NET(1.0),A,EUR,NET,P1_NCH_AW100,HR,2015,8296.67,,
dataflow,ESTAT:EARN_NT_NET(1.0),A,EUR,NET,P1_NCH_AW100,HR,2016,8443.99,,
dataflow,ESTAT:EARN_NT_NET(1.0),A,EUR,NET,P1_NCH_AW100,HR,2017,8788.64,,
dataflow,ESTAT:EARN_NT_NET(1.0),A,EUR,NET,P1_NCH_AW100,HR,2018,9168.35,,
dataflow,ESTAT:EARN_NT_NET(1.0),A,EUR,NET,P1_NCH_AW100,HR,2019,9428.49,,
dataflow,ESTAT:EARN_NT_NET(1.0),A,EUR,NET,P1_NCH_AW100,HR,2020,9815.98,,
dataflow,ESTAT:EARN_NT_NET(1.0),A,EUR,NET,P1_NCH_AW100,HR,2021,10382.66,,
dataflow,ESTAT:EARN_NT_NET(1.0),A,EUR,NET,P1_NCH_AW100,HR,2022,11224.52,,
dataflow,ESTAT:EARN_NT_NET(1.0),A,EUR,NET,P1_NCH_AW100,HR,2023,12601.07,,
dataflow,ESTAT:EARN_NT_NET(1.0),A,EUR,NET,P1_NCH_AW100,HR,2024,13809.88,,
dataflow,ESTAT:EARN_NT_NET(1.0),A,EUR,NET,P1_NCH_AW100,HU,2010,6256.57,,
dataflow,ESTAT:EARN_NT_NET(1.0),A,EUR,NET,P1_NCH_AW100,HU,2011,6146.32,,
dataflow,ESTAT:EARN_NT_NET(1.0),A,EUR,NET,P1_NCH_AW100,HU,2012,6369.22,,
dataflow,ESTAT:EARN_NT_NET(1.0),A,EUR,NET,P1_NCH_AW100,HU,2013,6475.08,,
dataflow,ESTAT:EARN_NT_NET(1.0),A,EUR,NET,P1_NCH_AW100,HU,2014,6478.42,,
dataflow,ESTAT:EARN_NT_NET(1.0),A,EUR,NET,P1_NCH_AW100,HU,2015,6703.57,,
dataflow,ESTAT:EARN_NT_NET(1.0),A,EUR,NET,P1_NCH_AW100,HU,2016,7138.72,,
dataflow,ESTAT:EARN_NT_NET(1.0),A,EUR,NET,P1_NCH_AW100,HU,2017,8023.72,,
dataflow,ESTAT:EARN_NT_NET(1.0),A,EUR,NET,P1_NCH_AW100,HU,2018,8586.94,,
dataflow,ESTAT:EARN_NT_NET(1.0),A,EUR,NET,P1_NCH_AW100,HU,2019,9390.54,,
dataflow,ESTAT:EARN_NT_NET(1.0),A,EUR,NET,P1_NCH_AW100,HU,2020,9549.21,,
dataflow,ESTAT:EARN_NT_NET(1.0),A,EUR,NET,P1_NCH_AW100,HU,2021,10074.96,,
dataflow,ESTAT:EARN_NT_NET(1.0),A,EUR,NET,P1_NCH_AW100,HU,2022,10667.45,,
dataflow,ESTAT:EARN_NT_NET(1.0),A,EUR,NET,P1_NCH_AW100,HU,2023,12719.75,,
dataflow,ESTAT:EARN_NT_NET(1.0),A,EUR,NET,P1_NCH_AW100,HU,2024,13883.04,,
dataflow,ESTAT:EARN_NT_NET(1.0),A,EUR,NET,P1_NCH_AW100,IE,2010,32138.69,,
dataflow,ESTAT:EARN_NT_NET(1.0),A,EUR,NET,P1_NCH_AW100,IE,2011,31159.23,,
dataflow,ESTAT:EARN_NT_NET(1.0),A,EUR,NET,P1_NCH_AW100,IE,2012,31541.73,,
dataflow,ESTAT:EARN_NT_NET(1.0),A,EUR,NET,P1_NCH_AW100,IE,2013,31531.28,,
dataflow,ESTAT:EARN_NT_NET(1.0),A,EUR,NET,P1_NCH_AW100,IE,2014,31687.39,,
dataflow,ESTAT:EARN_NT_NET(1.0),A,EUR,NET,P1_NCH_AW100,IE,2015,32344.52,,
dataflow,ESTAT:EARN_NT_NET(1.0),A,EUR,NET,P1_NCH_AW100,IE,2016,33346.95,,
dataflow,ESTAT:EARN_NT_NET(1.0),A,EUR,NET,P1_NCH_AW100,IE,2017,33976.58,,
dataflow,ESTAT:EARN_NT_NET(1.0),A,EUR,NET,P1_NCH_AW100,IE,2018,35126.52,,
dataflow,ESTAT:EARN_NT_NET(1.0),A,EUR,NET,P1_NCH_AW100,IE,2019,38252.2,,
dataflow,ESTAT:EARN_NT_NET(1.0),A,EUR,NET,P1_NCH_AW100,IE,2020,38842.71,,
dataflow,ESTAT:EARN_NT_NET(1.0),A,EUR,NET,P1_NCH_AW100,IE,2021,39930.32,,
dataflow,ESTAT:EARN_NT_NET(1.0),A,EUR,NET,P1_NCH_AW100,IE,2022,41062.91,,
dataflow,ESTAT:EARN_NT_NET(1.0),A,EUR,NET,P1_NCH_AW100,IE,2023,43896.82,,
dataflow,ESTAT:EARN_NT_NET(1.0),A,EUR,NET,P1_NCH_AW100,IE,2024,46207.8,,
dataflow,ESTAT:EARN_NT_NET(1.0),A,EUR,NET,P1_NCH_AW100,IS,2010,23506.13,,
dataflow,ESTAT:EARN_NT_NET(1.0),A,EUR,NET,P1_NCH_AW100,IS,2011,24971.24,,
dataflow,ESTAT:EARN_NT_NET(1.0),A,EUR,NET,P1_NCH_AW100,IS,2012,27158.87,,
dataflow,ESTAT:EARN_NT_NET(1.0),A,EUR,NET,P1_NCH_AW100,IS,2013,29098.7,,
dataflow,ESTAT:EARN_NT_NET(1.0),A,EUR,NET,P1_NCH_AW100,IS,2014,32941.08,,
dataflow,ESTAT:EARN_NT_NET(1.0),A,EUR,NET,P1_NCH_AW100,IS,2015,37027.37,,
dataflow,ESTAT:EARN_NT_NET(1.0),A,EUR,NET,P1_NCH_AW100,IS,2016,44042.96,,
dataflow,ESTAT:EARN_NT_NET(1.0),A,EUR,NET,P1_NCH_AW100,IS,2017,50456.07,,
dataflow,ESTAT:EARN_NT_NET(1.0),A,EUR,NET,P1_NCH_AW100,IS,2018,48794.28,,
dataflow,ESTAT:EARN_NT_NET(1.0),A,EUR,NET,P1_NCH_AW100,IS,2019,47254.37,,
dataflow,ESTAT:EARN_NT_NET(1.0),A,EUR,NET,P1_NCH_AW100,IS,2020,44185.83,,
dataflow,ESTAT:EARN_NT_NET(1.0),A,EUR,NET,P1_NCH_AW100,IS,2021,47374.82,,
dataflow,ESTAT:EARN_NT_NET(1.0),A,EUR,NET,P1_NCH_AW100,IS,2022,53001.86,,
dataflow,ESTAT:EARN_NT_NET(1.0),A,EUR,NET,P1_NCH_AW100,IS,2023,54539.33,,
dataflow,ESTAT:EARN_NT_NET(1.0),A,EUR,NET,P1_NCH_AW100,IS,2024,57573.09,,
dataflow,ESTAT:EARN_NT_NET(1.0),A,EUR,NET,P1_NCH_AW100,IT,2010,19705.17,,
dataflow,ESTAT:EARN_NT_NET(1.0),A,EUR,NET,P1_NCH_AW100,IT,2011,19983.62,,
dataflow,ESTAT:EARN_NT_NET(1.0),A,EUR,NET,P1_NCH_AW100,IT,2012,20327.68,,
dataflow,ESTAT:EARN_NT_NET(1.0),A,EUR,NET,P1_NCH_AW100,IT,2013,20656.6,,
dataflow,ESTAT:EARN_NT_NET(1.0),A,EUR,NET,P1_NCH_AW100,IT,2014,20930.61,,
dataflow,ESTAT:EARN_NT_NET(1.0),A,EUR,NET,P1_NCH_AW100,IT,2015,21051.62,,
dataflow,ESTAT:EARN_NT_NET(1.0),A,EUR,NET,P1_NCH_AW100,IT,2016,21092.75,,
dataflow,ESTAT:EARN_NT_NET(1.0),A,EUR,NET,P1_NCH_AW100,IT,2017,21138.65,,
dataflow,ESTAT:EARN_NT_NET(1.0),A,EUR,NET,P1_NCH_AW100,IT,2018,21294.82,,
dataflow,ESTAT:EARN_NT_NET(1.0),A,EUR,NET,P1_NCH_AW100,IT,2019,21500.18,,
dataflow,ESTAT:EARN_NT_NET(1.0),A,EUR,NET,P1_NCH_AW100,IT,2020,22507.69,,
dataflow,ESTAT:EARN_NT_NET(1.0),A,EUR,NET,P1_NCH_AW100,IT,2021,23511.64,,
dataflow,ESTAT:EARN_NT_NET(1.0),A,EUR,NET,P1_NCH_AW100,IT,2022,23839.29,,
dataflow,ESTAT:EARN_NT_NET(1.0),A,EUR,NET,P1_NCH_AW100,IT,2023,24592.51,,
dataflow,ESTAT:EARN_NT_NET(1.0),A,EUR,NET,P1_NCH_AW100,IT,2024,24797.02,,
dataflow,ESTAT:EARN_NT_NET(1.0),A,EUR,NET,P1_NCH_AW100,JP,2010,32591.39,,
dataflow,ESTAT:EARN_NT_NET(1.0),A,EUR,NET,P1_NCH_AW100,JP,2011,34313.42,,
dataflow,ESTAT:EARN_NT_NET(1.0),A,EUR,NET,P1_NCH_AW100,JP,2012,37554.86,,
dataflow,ESTAT:EARN_NT_NET(1.0),A,EUR,NET,P1_NCH_AW100,JP,2013,29267.53,,
dataflow,ESTAT:EARN_NT_NET(1.0),A,EUR,NET,P1_NCH_AW100,JP,2014,27698.05,,
dataflow,ESTAT:EARN_NT_NET(1.0),A,EUR,NET,P1_NCH_AW100,JP,2015,29484.1,,
dataflow,ESTAT:EARN_NT_NET(1.0),A,EUR,NET,P1_NCH_AW100,JP,2016,33249.13,,
dataflow,ESTAT:EARN_NT_NET(1.0),A,EUR,NET,P1_NCH_AW100,JP,2017,31566.35,,
dataflow,ESTAT:EARN_NT_NET(1.0),A,EUR,NET,P1_NCH_AW100,JP,2018,31002.4,,
dataflow,ESTAT:EARN_NT_NET(1.0),A,EUR,NET,P1_NCH_AW100,JP,2019,33222.15,,
dataflow,ESTAT:EARN_NT_NET(1.0),A,EUR,NET,P1_NCH_AW100,JP,2020,32440.76,,
dataflow,ESTAT:EARN_NT_NET(1.0),A,EUR,NET,P1_NCH_AW100,JP,2021,30461.6,,
dataflow,ESTAT:EARN_NT_NET(1.0),A,EUR,NET,P1_NCH_AW100,JP,2022,29072.64,,
dataflow,ESTAT:EARN_NT_NET(1.0),A,EUR,NET,P1_NCH_AW100,JP,2023,26861.83,,
dataflow,ESTAT:EARN_NT_NET(1.0),A,EUR,NET,P1_NCH_AW100,JP,2024,25819.3,,
dataflow,ESTAT:EARN_NT_NET(1.0),A,EUR,NET,P1_NCH_AW100,LT,2010,5245.02,,
dataflow,ESTAT:EARN_NT_NET(1.0),A,EUR,NET,P1_NCH_AW100,LT,2011,5401.3,,
dataflow,ESTAT:EARN_NT_NET(1.0),A,EUR,NET,P1_NCH_AW100,LT,2012,5635.73,,
dataflow,ESTAT:EARN_NT_NET(1.0),A,EUR,NET,P1_NCH_AW100,LT,2013,5954.89,,
dataflow,ESTAT:EARN_NT_NET(1.0),A,EUR,NET,P1_NCH_AW100,LT,2014,6284.47,,
dataflow,ESTAT:EARN_NT_NET(1.0),A,EUR,NET,P1_NCH_AW100,LT,2015,6651.85,,
dataflow,ESTAT:EARN_NT_NET(1.0),A,EUR,NET,P1_NCH_AW100,LT,2016,7217.25,,
dataflow,ESTAT:EARN_NT_NET(1.0),A,EUR,NET,P1_NCH_AW100,LT,2017,7897.69,,
dataflow,ESTAT:EARN_NT_NET(1.0),A,EUR,NET,P1_NCH_AW100,LT,2018,8690.66,,
dataflow,ESTAT:EARN_NT_NET(1.0),A,EUR,NET,P1_NCH_AW100,LT,2019,9794.92,,
dataflow,ESTAT:EARN_NT_NET(1.0),A,EUR,NET,P1_NCH_AW100,LT,2020,10787.57,,
dataflow,ESTAT:EARN_NT_NET(1.0),A,EUR,NET,P1_NCH_AW100,LT,2021,11798.21,,
dataflow,ESTAT:EARN_NT_NET(1.0),A,EUR,NET,P1_NCH_AW100,LT,2022,13297.64,,
dataflow,ESTAT:EARN_NT_NET(1.0),A,EUR,NET,P1_NCH_AW100,LT,2023,14783.41,,
dataflow,ESTAT:EARN_NT_NET(1.0),A,EUR,NET,P1_NCH_AW100,LT,2024,15909.06,,
dataflow,ESTAT:EARN_NT_NET(1.0),A,EUR,NET,P1_NCH_AW100,LU,2010,36167.09,,
dataflow,ESTAT:EARN_NT_NET(1.0),A,EUR,NET,P1_NCH_AW100,LU,2011,36278.25,,
dataflow,ESTAT:EARN_NT_NET(1.0),A,EUR,NET,P1_NCH_AW100,LU,2012,37354.34,,
dataflow,ESTAT:EARN_NT_NET(1.0),A,EUR,NET,P1_NCH_AW100,LU,2013,37792.02,,
dataflow,ESTAT:EARN_NT_NET(1.0),A,EUR,NET,P1_NCH_AW100,LU,2014,38443.48,,
dataflow,ESTAT:EARN_NT_NET(1.0),A,EUR,NET,P1_NCH_AW100,LU,2015,38630.79,,
dataflow,ESTAT:EARN_NT_NET(1.0),A,EUR,NET,P1_NCH_AW100,LU,2016,38935.73,,
dataflow,ESTAT:EARN_NT_NET(1.0),A,EUR,NET,P1_NCH_AW100,LU,2017,41340.39,,
dataflow,ESTAT:EARN_NT_NET(1.0),A,EUR,NET,P1_NCH_AW100,LU,2018,42063.48,,
dataflow,ESTAT:EARN_NT_NET(1.0),A,EUR,NET,P1_NCH_AW100,LU,2019,42650.77,,
dataflow,ESTAT:EARN_NT_NET(1.0),A,EUR,NET,P1_NCH_AW100,LU,2020,44374.32,,
dataflow,ESTAT:EARN_NT_NET(1.0),A,EUR,NET,P1_NCH_AW100,LU,2021,44934.82,,
dataflow,ESTAT:EARN_NT_NET(1.0),A,EUR,NET,P1_NCH_AW100,LU,2022,46884.89,,
dataflow,ESTAT:EARN_NT_NET(1.0),A,EUR,NET,P1_NCH_AW100,LU,2023,48797.5,,
dataflow,ESTAT:EARN_NT_NET(1.0),A,EUR,NET,P1_NCH_AW100,LU,2024,50409.61,,
dataflow,ESTAT:EARN_NT_NET(1.0),A,EUR,NET,P1_NCH_AW100,LV,2010,5068.61,,
dataflow,ESTAT:EARN_NT_NET(1.0),A,EUR,NET,P1_NCH_AW100,LV,2011,5286.45,,
dataflow,ESTAT:EARN_NT_NET(1.0),A,EUR,NET,P1_NCH_AW100,LV,2012,5462.67,,
dataflow,ESTAT:EARN_NT_NET(1.0),A,EUR,NET,P1_NCH_AW100,LV,2013,5776.88,,
dataflow,ESTAT:EARN_NT_NET(1.0),A,EUR,NET,P1_NCH_AW100,LV,2014,6264.34,,
dataflow,ESTAT:EARN_NT_NET(1.0),A,EUR,NET,P1_NCH_AW100,LV,2015,6814.57,,
dataflow,ESTAT:EARN_NT_NET(1.0),A,EUR,NET,P1_NCH_AW100,LV,2016,7212.23,,
dataflow,ESTAT:EARN_NT_NET(1.0),A,EUR,NET,P1_NCH_AW100,LV,2017,7772.59,,
dataflow,ESTAT:EARN_NT_NET(1.0),A,EUR,NET,P1_NCH_AW100,LV,2018,8474.82,,
dataflow,ESTAT:EARN_NT_NET(1.0),A,EUR,NET,P1_NCH_AW100,LV,2019,9144.05,,
dataflow,ESTAT:EARN_NT_NET(1.0),A,EUR,NET,P1_NCH_AW100,LV,2020,9786.84,,
dataflow,ESTAT:EARN_NT_NET(1.0),A,EUR,NET,P1_NCH_AW100,LV,2021,11229.49,,
dataflow,ESTAT:EARN_NT_NET(1.0),A,EUR,NET,P1_NCH_AW100,LV,2022,12147.46,,
dataflow,ESTAT:EARN_NT_NET(1.0),A,EUR,NET,P1_NCH_AW100,LV,2023,13418,,
dataflow,ESTAT:EARN_NT_NET(1.0),A,EUR,NET,P1_NCH_AW100,LV,2024,14550.22,,
dataflow,ESTAT:EARN_NT_NET(1.0),A,EUR,NET,P1_NCH_AW100,MT,2010,14473.93,,
dataflow,ESTAT:EARN_NT_NET(1.0),A,EUR,NET,P1_NCH_AW100,MT,2011,15642.97,,
dataflow,ESTAT:EARN_NT_NET(1.0),A,EUR,NET,P1_NCH_AW100,MT,2012,15999.95,,
dataflow,ESTAT:EARN_NT_NET(1.0),A,EUR,NET,P1_NCH_AW100,MT,2013,16306,,
dataflow,ESTAT:EARN_NT_NET(1.0),A,EUR,NET,P1_NCH_AW100,MT,2014,16010,,
dataflow,ESTAT:EARN_NT_NET(1.0),A,EUR,NET,P1_NCH_AW100,MT,2015,16337.95,,
dataflow,ESTAT:EARN_NT_NET(1.0),A,EUR,NET,P1_NCH_AW100,MT,2016,16926.2,,
dataflow,ESTAT:EARN_NT_NET(1.0),A,EUR,NET,P1_NCH_AW100,MT,2017,17305.15,,
dataflow,ESTAT:EARN_NT_NET(1.0),A,EUR,NET,P1_NCH_AW100,MT,2018,17890.15,,
dataflow,ESTAT:EARN_NT_NET(1.0),A,EUR,NET,P1_NCH_AW100,MT,2019,19107.19,,
dataflow,ESTAT:EARN_NT_NET(1.0),A,EUR,NET,P1_NCH_AW100,MT,2020,19652.9,,
dataflow,ESTAT:EARN_NT_NET(1.0),A,EUR,NET,P1_NCH_AW100,MT,2021,18292.5,,
dataflow,ESTAT:EARN_NT_NET(1.0),A,EUR,NET,P1_NCH_AW100,MT,2022,19784.81,,
dataflow,ESTAT:EARN_NT_NET(1.0),A,EUR,NET,P1_NCH_AW100,MT,2023,20555.05,,
dataflow,ESTAT:EARN_NT_NET(1.0),A,EUR,NET,P1_NCH_AW100,MT,2024,22859.04,,
dataflow,ESTAT:EARN_NT_NET(1.0),A,EUR,NET,P1_NCH_AW100,NL,2010,30901.41,,
dataflow,ESTAT:EARN_NT_NET(1.0),A,EUR,NET,P1_NCH_AW100,NL,2011,31612.2,,
dataflow,ESTAT:EARN_NT_NET(1.0),A,EUR,NET,P1_NCH_AW100,NL,2012,31732.71,,
dataflow,ESTAT:EARN_NT_NET(1.0),A,EUR,NET,P1_NCH_AW100,NL,2013,32992.17,,
dataflow,ESTAT:EARN_NT_NET(1.0),A,EUR,NET,P1_NCH_AW100,NL,2014,33723.85,,
dataflow,ESTAT:EARN_NT_NET(1.0),A,EUR,NET,P1_NCH_AW100,NL,2015,34551.5,,
dataflow,ESTAT:EARN_NT_NET(1.0),A,EUR,NET,P1_NCH_AW100,NL,2016,34975.7,,
dataflow,ESTAT:EARN_NT_NET(1.0),A,EUR,NET,P1_NCH_AW100,NL,2017,35426.38,,
dataflow,ESTAT:EARN_NT_NET(1.0),A,EUR,NET,P1_NCH_AW100,NL,2018,35838.18,,
dataflow,ESTAT:EARN_NT_NET(1.0),A,EUR,NET,P1_NCH_AW100,NL,2019,37402.24,,
dataflow,ESTAT:EARN_NT_NET(1.0),A,EUR,NET,P1_NCH_AW100,NL,2020,39142.87,,
dataflow,ESTAT:EARN_NT_NET(1.0),A,EUR,NET,P1_NCH_AW100,NL,2021,40660.61,,
dataflow,ESTAT:EARN_NT_NET(1.0),A,EUR,NET,P1_NCH_AW100,NL,2022,42311.5,,
dataflow,ESTAT:EARN_NT_NET(1.0),A,EUR,NET,P1_NCH_AW100,NL,2023,45156.38,,
dataflow,ESTAT:EARN_NT_NET(1.0),A,EUR,NET,P1_NCH_AW100,NL,2024,47892.48,,
dataflow,ESTAT:EARN_NT_NET(1.0),A,EUR,NET,P1_NCH_AW100,NO,2010,41684.47,,
dataflow,ESTAT:EARN_NT_NET(1.0),A,EUR,NET,P1_NCH_AW100,NO,2011,44490.18,,
dataflow,ESTAT:EARN_NT_NET(1.0),A,EUR,NET,P1_NCH_AW100,NO,2012,47783.08,,
dataflow,ESTAT:EARN_NT_NET(1.0),A,EUR,NET,P1_NCH_AW100,NO,2013,47595.99,,
dataflow,ESTAT:EARN_NT_NET(1.0),A,EUR,NET,P1_NCH_AW100,NO,2014,45903.97,,
dataflow,ESTAT:EARN_NT_NET(1.0),A,EUR,NET,P1_NCH_AW100,NO,2015,44451.46,,
dataflow,ESTAT:EARN_NT_NET(1.0),A,EUR,NET,P1_NCH_AW100,NO,2016,43662.09,,
dataflow,ESTAT:EARN_NT_NET(1.0),A,EUR,NET,P1_NCH_AW100,NO,2017,44443.89,,
dataflow,ESTAT:EARN_NT_NET(1.0),A,EUR,NET,P1_NCH_AW100,NO,2018,44692.89,,
dataflow,ESTAT:EARN_NT_NET(1.0),A,EUR,NET,P1_NCH_AW100,NO,2019,45219.15,,
dataflow,ESTAT:EARN_NT_NET(1.0),A,EUR,NET,P1_NCH_AW100,NO,2020,42534.89,,
dataflow,ESTAT:EARN_NT_NET(1.0),A,EUR,NET,P1_NCH_AW100,NO,2021,46935.39,,
dataflow,ESTAT:EARN_NT_NET(1.0),A,EUR,NET,P1_NCH_AW100,NO,2022,49209.04,,
dataflow,ESTAT:EARN_NT_NET(1.0),A,EUR,NET,P1_NCH_AW100,NO,2023,45795.1,,
dataflow,ESTAT:EARN_NT_NET(1.0),A,EUR,NET,P1_NCH_AW100,NO,2024,47231.87,,
dataflow,ESTAT:EARN_NT_NET(1.0),A,EUR,NET,P1_NCH_AW100,PL,2010,6896.23,,
dataflow,ESTAT:EARN_NT_NET(1.0),A,EUR,NET,P1_NCH_AW100,PL,2011,7085.75,,
dataflow,ESTAT:EARN_NT_NET(1.0),A,EUR,NET,P1_NCH_AW100,PL,2012,7235.5,,
dataflow,ESTAT:EARN_NT_NET(1.0),A,EUR,NET,P1_NCH_AW100,PL,2013,7466.23,,
dataflow,ESTAT:EARN_NT_NET(1.0),A,EUR,NET,P1_NCH_AW100,PL,2014,7991.17,,
dataflow,ESTAT:EARN_NT_NET(1.0),A,EUR,NET,P1_NCH_AW100,PL,2015,8275.99,,
dataflow,ESTAT:EARN_NT_NET(1.0),A,EUR,NET,P1_NCH_AW100,PL,2016,8200.43,,
dataflow,ESTAT:EARN_NT_NET(1.0),A,EUR,NET,P1_NCH_AW100,PL,2017,8975.57,,
dataflow,ESTAT:EARN_NT_NET(1.0),A,EUR,NET,P1_NCH_AW100,PL,2018,9618.59,,
dataflow,ESTAT:EARN_NT_NET(1.0),A,EUR,NET,P1_NCH_AW100,PL,2019,10225.78,,
dataflow,ESTAT:EARN_NT_NET(1.0),A,EUR,NET,P1_NCH_AW100,PL,2020,11376.35,,
dataflow,ESTAT:EARN_NT_NET(1.0),A,EUR,NET,P1_NCH_AW100,PL,2021,11134.57,,
dataflow,ESTAT:EARN_NT_NET(1.0),A,EUR,NET,P1_NCH_AW100,PL,2022,12503.72,,
dataflow,ESTAT:EARN_NT_NET(1.0),A,EUR,NET,P1_NCH_AW100,PL,2023,14487.18,,
dataflow,ESTAT:EARN_NT_NET(1.0),A,EUR,NET,P1_NCH_AW100,PL,2024,17002.36,,
dataflow,ESTAT:EARN_NT_NET(1.0),A,EUR,NET,P1_NCH_AW100,PT,2010,12189.88,,
dataflow,ESTAT:EARN_NT_NET(1.0),A,EUR,NET,P1_NCH_AW100,PT,2011,12008.16,,
dataflow,ESTAT:EARN_NT_NET(1.0),A,EUR,NET,P1_NCH_AW100,PT,2012,12253.01,,
dataflow,ESTAT:EARN_NT_NET(1.0),A,EUR,NET,P1_NCH_AW100,PT,2013,11729.3,,
dataflow,ESTAT:EARN_NT_NET(1.0),A,EUR,NET,P1_NCH_AW100,PT,2014,11663.77,,
dataflow,ESTAT:EARN_NT_NET(1.0),A,EUR,NET,P1_NCH_AW100,PT,2015,11535.88,,
dataflow,ESTAT:EARN_NT_NET(1.0),A,EUR,NET,P1_NCH_AW100,PT,2016,11704.24,,
dataflow,ESTAT:EARN_NT_NET(1.0),A,EUR,NET,P1_NCH_AW100,PT,2017,11938.3,,
dataflow,ESTAT:EARN_NT_NET(1.0),A,EUR,NET,P1_NCH_AW100,PT,2018,12401.75,,
dataflow,ESTAT:EARN_NT_NET(1.0),A,EUR,NET,P1_NCH_AW100,PT,2019,12823.4,,
dataflow,ESTAT:EARN_NT_NET(1.0),A,EUR,NET,P1_NCH_AW100,PT,2020,12934.79,,
dataflow,ESTAT:EARN_NT_NET(1.0),A,EUR,NET,P1_NCH_AW100,PT,2021,13502.54,,
dataflow,ESTAT:EARN_NT_NET(1.0),A,EUR,NET,P1_NCH_AW100,PT,2022,14213.56,,
dataflow,ESTAT:EARN_NT_NET(1.0),A,EUR,NET,P1_NCH_AW100,PT,2023,15301.09,,
dataflow,ESTAT:EARN_NT_NET(1.0),A,EUR,NET,P1_NCH_AW100,PT,2024,16946.92,,
dataflow,ESTAT:EARN_NT_NET(1.0),A,EUR,NET,P1_NCH_AW100,RO,2010,3872.44,,
dataflow,ESTAT:EARN_NT_NET(1.0),A,EUR,NET,P1_NCH_AW100,RO,2011,4081.39,,
dataflow,ESTAT:EARN_NT_NET(1.0),A,EUR,NET,P1_NCH_AW100,RO,2012,4000.73,,
dataflow,ESTAT:EARN_NT_NET(1.0),A,EUR,NET,P1_NCH_AW100,RO,2013,4340.64,,
dataflow,ESTAT:EARN_NT_NET(1.0),A,EUR,NET,P1_NCH_AW100,RO,2014,4610.25,,
dataflow,ESTAT:EARN_NT_NET(1.0),A,EUR,NET,P1_NCH_AW100,RO,2015,5117.82,,
dataflow,ESTAT:EARN_NT_NET(1.0),A,EUR,NET,P1_NCH_AW100,RO,2016,5518.93,,
dataflow,ESTAT:EARN_NT_NET(1.0),A,EUR,NET,P1_NCH_AW100,RO,2017,6049.96,,
dataflow,ESTAT:EARN_NT_NET(1.0),A,EUR,NET,P1_NCH_AW100,RO,2018,6669.59,,
dataflow,ESTAT:EARN_NT_NET(1.0),A,EUR,NET,P1_NCH_AW100,RO,2019,7230.37,,
dataflow,ESTAT:EARN_NT_NET(1.0),A,EUR,NET,P1_NCH_AW100,RO,2020,7629.63,,
dataflow,ESTAT:EARN_NT_NET(1.0),A,EUR,NET,P1_NCH_AW100,RO,2021,8069.82,,
dataflow,ESTAT:EARN_NT_NET(1.0),A,EUR,NET,P1_NCH_AW100,RO,2022,9083.98,,
dataflow,ESTAT:EARN_NT_NET(1.0),A,EUR,NET,P1_NCH_AW100,RO,2023,10525.08,,
dataflow,ESTAT:EARN_NT_NET(1.0),A,EUR,NET,P1_NCH_AW100,RO,2024,12654.52,,
dataflow,ESTAT:EARN_NT_NET(1.0),A,EUR,NET,P1_NCH_AW100,SE,2010,29043.96,,
dataflow,ESTAT:EARN_NT_NET(1.0),A,EUR,NET,P1_NCH_AW100,SE,2011,31319.63,,
dataflow,ESTAT:EARN_NT_NET(1.0),A,EUR,NET,P1_NCH_AW100,SE,2012,33473.42,,
dataflow,ESTAT:EARN_NT_NET(1.0),A,EUR,NET,P1_NCH_AW100,SE,2013,34473.44,,
dataflow,ESTAT:EARN_NT_NET(1.0),A,EUR,NET,P1_NCH_AW100,SE,2014,33923.28,,
dataflow,ESTAT:EARN_NT_NET(1.0),A,EUR,NET,P1_NCH_AW100,SE,2015,33389.85,,
dataflow,ESTAT:EARN_NT_NET(1.0),A,EUR,NET,P1_NCH_AW100,SE,2016,33711.94,,
dataflow,ESTAT:EARN_NT_NET(1.0),A,EUR,NET,P1_NCH_AW100,SE,2017,33923.05,,
dataflow,ESTAT:EARN_NT_NET(1.0),A,EUR,NET,P1_NCH_AW100,SE,2018,32688.36,,
dataflow,ESTAT:EARN_NT_NET(1.0),A,EUR,NET,P1_NCH_AW100,SE,2019,32427.59,,
dataflow,ESTAT:EARN_NT_NET(1.0),A,EUR,NET,P1_NCH_AW100,SE,2020,33366.68,,
dataflow,ESTAT:EARN_NT_NET(1.0),A,EUR,NET,P1_NCH_AW100,SE,2021,35485.73,,
dataflow,ESTAT:EARN_NT_NET(1.0),A,EUR,NET,P1_NCH_AW100,SE,2022,35188.72,,
dataflow,ESTAT:EARN_NT_NET(1.0),A,EUR,NET,P1_NCH_AW100,SE,2023,34207.06,,
dataflow,ESTAT:EARN_NT_NET(1.0),A,EUR,NET,P1_NCH_AW100,SE,2024,36147.03,,
dataflow,ESTAT:EARN_NT_NET(1.0),A,EUR,NET,P1_NCH_AW100,SI,2010,11284.13,,
dataflow,ESTAT:EARN_NT_NET(1.0),A,EUR,NET,P1_NCH_AW100,SI,2011,11567.85,,
dataflow,ESTAT:EARN_NT_NET(1.0),A,EUR,NET,P1_NCH_AW100,SI,2012,11707.47,,
dataflow,ESTAT:EARN_NT_NET(1.0),A,EUR,NET,P1_NCH_AW100,SI,2013,11824.18,,
dataflow,ESTAT:EARN_NT_NET(1.0),A,EUR,NET,P1_NCH_AW100,SI,2014,11980.57,,
dataflow,ESTAT:EARN_NT_NET(1.0),A,EUR,NET,P1_NCH_AW100,SI,2015,12062.45,,
dataflow,ESTAT:EARN_NT_NET(1.0),A,EUR,NET,P1_NCH_AW100,SI,2016,12202.35,,
dataflow,ESTAT:EARN_NT_NET(1.0),A,EUR,NET,P1_NCH_AW100,SI,2017,12487.25,,
dataflow,ESTAT:EARN_NT_NET(1.0),A,EUR,NET,P1_NCH_AW100,SI,2018,12902.38,,
dataflow,ESTAT:EARN_NT_NET(1.0),A,EUR,NET,P1_NCH_AW100,SI,2019,13298.17,,
dataflow,ESTAT:EARN_NT_NET(1.0),A,EUR,NET,P1_NCH_AW100,SI,2020,13896.79,,
dataflow,ESTAT:EARN_NT_NET(1.0),A,EUR,NET,P1_NCH_AW100,SI,2021,14601.22,,
dataflow,ESTAT:EARN_NT_NET(1.0),A,EUR,NET,P1_NCH_AW100,SI,2022,15668.4,,
dataflow,ESTAT:EARN_NT_NET(1.0),A,EUR,NET,P1_NCH_AW100,SI,2023,17113.88,,
dataflow,ESTAT:EARN_NT_NET(1.0),A,EUR,NET,P1_NCH_AW100,SI,2024,17864.75,,
dataflow,ESTAT:EARN_NT_NET(1.0),A,EUR,NET,P1_NCH_AW100,SK,2010,7493.69,,
dataflow,ESTAT:EARN_NT_NET(1.0),A,EUR,NET,P1_NCH_AW100,SK,2011,7642.75,,
dataflow,ESTAT:EARN_NT_NET(1.0),A,EUR,NET,P1_NCH_AW100,SK,2012,7797.27,,
dataflow,ESTAT:EARN_NT_NET(1.0),A,EUR,NET,P1_NCH_AW100,SK,2013,7936.58,,
dataflow,ESTAT:EARN_NT_NET(1.0),A,EUR,NET,P1_NCH_AW100,SK,2014,8250.32,,
dataflow,ESTAT:EARN_NT_NET(1.0),A,EUR,NET,P1_NCH_AW100,SK,2015,8426.75,,
dataflow,ESTAT:EARN_NT_NET(1.0),A,EUR,NET,P1_NCH_AW100,SK,2016,8654.34,,
dataflow,ESTAT:EARN_NT_NET(1.0),A,EUR,NET,P1_NCH_AW100,SK,2017,8961.03,,
dataflow,ESTAT:EARN_NT_NET(1.0),A,EUR,NET,P1_NCH_AW100,SK,2018,9464.61,,
dataflow,ESTAT:EARN_NT_NET(1.0),A,EUR,NET,P1_NCH_AW100,SK,2019,9975.02,,
dataflow,ESTAT:EARN_NT_NET(1.0),A,EUR,NET,P1_NCH_AW100,SK,2020,10250.84,,
dataflow,ESTAT:EARN_NT_NET(1.0),A,EUR,NET,P1_NCH_AW100,SK,2021,10982.5,,
dataflow,ESTAT:EARN_NT_NET(1.0),A,EUR,NET,P1_NCH_AW100,SK,2022,11846.85,,
dataflow,ESTAT:EARN_NT_NET(1.0),A,EUR,NET,P1_NCH_AW100,SK,2023,13027.56,,
dataflow,ESTAT:EARN_NT_NET(1.0),A,EUR,NET,P1_NCH_AW100,SK,2024,14069.86,,
dataflow,ESTAT:EARN_NT_NET(1.0),A,EUR,NET,P1_NCH_AW100,TR,2010,6629.01,,
dataflow,ESTAT:EARN_NT_NET(1.0),A,EUR,NET,P1_NCH_AW100,TR,2011,6184.54,,
dataflow,ESTAT:EARN_NT_NET(1.0),A,EUR,NET,P1_NCH_AW100,TR,2012,6956.76,,
dataflow,ESTAT:EARN_NT_NET(1.0),A,EUR,NET,P1_NCH_AW100,TR,2013,7107.48,,
dataflow,ESTAT:EARN_NT_NET(1.0),A,EUR,NET,P1_NCH_AW100,TR,2014,6879.9,,
dataflow,ESTAT:EARN_NT_NET(1.0),A,EUR,NET,P1_NCH_AW100,TR,2015,7487.85,,
dataflow,ESTAT:EARN_NT_NET(1.0),A,EUR,NET,P1_NCH_AW100,TR,2016,8108.39,,
dataflow,ESTAT:EARN_NT_NET(1.0),A,EUR,NET,P1_NCH_AW100,TR,2017,7214.91,,
dataflow,ESTAT:EARN_NT_NET(1.0),A,EUR,NET,P1_NCH_AW100,TR,2018,6127.23,,
dataflow,ESTAT:EARN_NT_NET(1.0),A,EUR,NET,P1_NCH_AW100,TR,2019,6904.04,,
dataflow,ESTAT:EARN_NT_NET(1.0),A,EUR,NET,P1_NCH_AW100,TR,2020,6445.15,,
dataflow,ESTAT:EARN_NT_NET(1.0),A,EUR,NET,P1_NCH_AW100,TR,2021,5845.76,,
dataflow,ESTAT:EARN_NT_NET(1.0),A,EUR,NET,P1_NCH_AW100,TR,2022,6285.77,,
dataflow,ESTAT:EARN_NT_NET(1.0),A,EUR,NET,P1_NCH_AW100,TR,2023,8768.3,,
dataflow,ESTAT:EARN_NT_NET(1.0),A,EUR,NET,P1_NCH_AW100,TR,2024,11439.8,,
dataflow,ESTAT:EARN_NT_NET(1.0),A,EUR,NET,P1_NCH_AW100,UK,2010,29829.08,,
dataflow,ESTAT:EARN_NT_NET(1.0),A,EUR,NET,P1_NCH_AW100,UK,2011,29426.23,,
dataflow,ESTAT:EARN_NT_NET(1.0),A,EUR,NET,P1_NCH_AW100,UK,2012,32361.69,,
dataflow,ESTAT:EARN_NT_NET(1.0),A,EUR,NET,P1_NCH_AW100,UK,2013,31413.75,,
dataflow,ESTAT:EARN_NT_NET(1.0),A,EUR,NET,P1_NCH_AW100,UK,2014,33290.73,,
dataflow,ESTAT:EARN_NT_NET(1.0),A,EUR,NET,P1_NCH_AW100,UK,2015,37959.11,,
dataflow,ESTAT:EARN_NT_NET(1.0),A,EUR,NET,P1_NCH_AW100,UK,2016,34651.93,,
dataflow,ESTAT:EARN_NT_NET(1.0),A,EUR,NET,P1_NCH_AW100,UK,2017,33620.36,,
dataflow,ESTAT:EARN_NT_NET(1.0),A,EUR,NET,P1_NCH_AW100,UK,2018,34278.53,,
dataflow,ESTAT:EARN_NT_NET(1.0),A,EUR,NET,P1_NCH_AW100,UK,2019,35782.77,,
dataflow,ESTAT:EARN_NT_NET(1.0),A,EUR,NET,P1_NCH_AW100,US,2010,25970.44,,
dataflow,ESTAT:EARN_NT_NET(1.0),A,EUR,NET,P1_NCH_AW100,US,2011,25726.08,,
dataflow,ESTAT:EARN_NT_NET(1.0),A,EUR,NET,P1_NCH_AW100,US,2012,28377.81,,
dataflow,ESTAT:EARN_NT_NET(1.0),A,EUR,NET,P1_NCH_AW100,US,2013,27376.96,,
dataflow,ESTAT:EARN_NT_NET(1.0),A,EUR,NET,P1_NCH_AW100,US,2014,28056.9,,
dataflow,ESTAT:EARN_NT_NET(1.0),A,EUR,NET,P1_NCH_AW100,US,2015,34159.7,,
dataflow,ESTAT:EARN_NT_NET(1.0),A,EUR,NET,P1_NCH_AW100,US,2016,34810.07,,
dataflow,ESTAT:EARN_NT_NET(1.0),A,EUR,NET,P1_NCH_AW100,US,2017,34916.19,,
dataflow,ESTAT:EARN_NT_NET(1.0),A,EUR,NET,P1_NCH_AW100,US,2018,35528.34,,
dataflow,ESTAT:EARN_NT_NET(1.0),A,EUR,NET,P1_NCH_AW100,US,2019,38469.36,,
dataflow,ESTAT:EARN_NT_NET(1.0),A,EUR,NET,P1_NCH_AW100,US,2020,41031.88,,
dataflow,ESTAT:EARN_NT_NET(1.0),A,EUR,NET,P1_NCH_AW100,US,2021,40787.2,,
dataflow,ESTAT:EARN_NT_NET(1.0),A,EUR,NET,P1_NCH_AW100,US,2022,46310.59,,
dataflow,ESTAT:EARN_NT_NET(1.0),A,EUR,NET,P1_NCH_AW100,US,2023,47398.22,,
dataflow,ESTAT:EARN_NT_NET(1.0),A,EUR,NET,P1_NCH_AW100,US,2024,49335.49,,
