STRUCTURE,STRUCTURE_ID,freq,sex,age,unit,isced11,geo,TIME_PERIOD,OBS_VALUE,OBS_FLAG,CONF_STATUS
dataflow,ESTAT:EDAT_LFSE_03(1.0),A,T,Y18-24,PC,ED0-2,AT,2000,,u,
dataflow,ESTAT:EDAT_LFSE_03(1.0),A,T,Y18-24,PC,ED0-2,AT,2001,,u,
dataflow,ESTAT:EDAT_LFSE_03(1.0),A,T,Y18-24,PC,ED0-2,AT,2002,,u,
dataflow,ESTAT:EDAT_LFSE_03(1.0),A,T,Y18-24,PC,ED0-2,AT,2003,,u,
dataflow,ESTAT:EDAT_LFSE_03(1.0),A,T,Y18-24,PC,ED0-2,AT,2004,25.5,b,
dataflow,ESTAT:EDAT_LFSE_03(1.0),A,T,Y18-24,PC,ED0-2,AT,2005,25.6,,
dataflow,ESTAT:EDAT_LFSE_03(1.0),A,T,Y18-24,PC,ED0-2,AT,2006,26.3,b,
dataflow,ESTAT:EDAT_LFSE_03(1.0),A,T,Y18-24,PC,ED0-2,AT,2007,27.8,,
dataflow,ESTAT:EDAT_LFSE_03(1.0),A,T,Y18-24,PC,ED0-2,AT,2008,28.1,,
dataflow,ESTAT:EDAT_LFSE_03(1.0),A,T,Y18-24,PC,ED0-2,AT,2009,26.8,,
dataflow,ESTAT:EDAT_LFSE_03(1.0),A,T,Y18-24,PC,ED0-2,AT,2010,27.4,,
dataflow,ESTAT:EDAT_LFSE_03(1.0),A,T,Y18-24,PC,ED0-2,AT,2011,27.5,,
dataflow,ESTAT:EDAT_LFSE_03(1.0),A,T,Y18-24,PC,ED0-2,AT,2012,25.9,,
dataflow,ESTAT:EDAT_LFSE_03(1.0),A,T,Y18-24,PC,ED0-2,AT,2013,25.4,,
dataflow,ESTAT:EDAT_LFSE_03(1.0),A,T,Y18-24,PC,ED0-2,AT,2014,18.4,b,
dataflow,ESTAT:EDAT_LFSE_03(1.0),A,T,Y18-24,PC,ED0-2,AT,2015,19.2,,
dataflow,ESTAT:EDAT_LFSE_03(1.0),A,T,Y18-24,PC,ED0-2,AT,2016,18.5,,
dataflow,ESTAT:EDAT_LFSE_03(1.0),A,T,Y18-24,PC,ED0-2,AT,2017,20.4,,
dataflow,ESTAT:EDAT_LFSE_03(1.0),A,T,Y18-24,PC,ED0-2,AT,2018,19.9,,
dataflow,ESTAT:EDAT_LFSE_03(1.0),A,T,Y18-24,PC,ED0-2,AT,2019,20.1,,
dataflow,ESTAT:EDAT_LFSE_03(1.0),A,T,Y18-24,PC,ED0-2,AT,2020,22.0,,
dataflow,ESTAT:EDAT_LFSE_03(1.0),A,T,Y18-24,PC,ED0-2,AT,2021,21.0,b,
dataflow,ESTAT:EDAT_LFSE_03(1.0),A,T,Y18-24,PC,ED0-2,AT,2022,21.7,,
dataflow,ESTAT:EDAT_LFSE_03(1.0),A,T,Y18-24,PC,ED0-2,AT,2023,22.8,,
dataflow,ESTAT:EDAT_LFSE_03(1.0),A,T,Y18-24,PC,ED0-2,AT,2024,21.5,,
dataflow,ESTAT:EDAT_LFSE_03(1.0),A,T,Y18-24,PC,ED0-2,AT,2025,22.9,,
dataflow,ESTAT:EDAT_LFSE_03(1.0),A,T,Y18-24,PC,ED0-2,BA,2021,17.4,b,
dataflow,ESTAT:EDAT_LFSE_03(1.0),A,T,Y18-24,PC,ED0-2,BA,2022,20.8,,
dataflow,ESTAT:EDAT_LFSE_03(1.0),A,T,Y18-24,PC,ED0-2,BA,2023,24.8,,
dataflow,ESTAT:EDAT_LFSE_03(1.0),A,T,Y18-24,PC,ED0-2,BA,2024,24.9,,
dataflow,ESTAT:EDAT_LFSE_03(1.0),A,T,Y18-24,PC,ED0-2,BA,2025,23.5,,
dataflow,ESTAT:EDAT_LFSE_03(1.0),A,T,Y18-24,PC,ED0-2,BE,2000,25.7,,
dataflow,ESTAT:EDAT_LFSE_03(1.0),A,T,Y18-24,PC,ED0-2,BE,2001,25.2,,
dataflow,ESTAT:EDAT_LFSE_03(1.0),A,T,Y18-24,PC,ED0-2,BE,2002,25.6,,
dataflow,ESTAT:EDAT_LFSE_03(1.0),A,T,Y18-24,PC,ED0-2,BE,2003,25.7,,
dataflow,ESTAT:EDAT_LFSE_03(1.0),A,T,Y18-24,PC,ED0-2,BE,2004,25.0,,
dataflow,ESTAT:EDAT_LFSE_03(1.0),A,T,Y18-24,PC,ED0-2,BE,2005,24.9,,
dataflow,ESTAT:EDAT_LFSE_03(1.0),A,T,Y18-24,PC,ED0-2,BE,2006,25.3,,
dataflow,ESTAT:EDAT_LFSE_03(1.0),A,T,Y18-24,PC,ED0-2,BE,2007,24.7,,
dataflow,ESTAT:EDAT_LFSE_03(1.0),A,T,Y18-24,PC,ED0-2,BE,2008,25.4,b,
dataflow,ESTAT:EDAT_LFSE_03(1.0),A,T,Y18-24,PC,ED0-2,BE,2009,23.9,,
dataflow,ESTAT:EDAT_LFSE_03(1.0),A,T,Y18-24,PC,ED0-2,BE,2010,25.6,,
dataflow,ESTAT:EDAT_LFSE_03(1.0),A,T,Y18-24,PC,ED0-2,BE,2011,25.2,,
dataflow,ESTAT:EDAT_LFSE_03(1.0),A,T,Y18-24,PC,ED0-2,BE,2012,24.4,,
dataflow,ESTAT:EDAT_LFSE_03(1.0),A,T,Y18-24,PC,ED0-2,BE,2013,23.8,,
dataflow,ESTAT:EDAT_LFSE_03(1.0),A,T,Y18-24,PC,ED0-2,BE,2014,22.3,b,
dataflow,ESTAT:EDAT_LFSE_03(1.0),A,T,Y18-24,PC,ED0-2,BE,2015,22.1,,
dataflow,ESTAT:EDAT_LFSE_03(1.0),A,T,Y18-24,PC,ED0-2,BE,2016,21.6,,
dataflow,ESTAT:EDAT_LFSE_03(1.0),A,T,Y18-24,PC,ED0-2,BE,2017,24.0,b,
dataflow,ESTAT:EDAT_LFSE_03(1.0),A,T,Y18-24,PC,ED0-2,BE,2018,26.9,,
dataflow,ESTAT:EDAT_LFSE_03(1.0),A,T,Y18-24,PC,ED0-2,BE,2019,25.9,,
dataflow,ESTAT:EDAT_LFSE_03(1.0),A,T,Y18-24,PC,ED0-2,BE,2020,24.8,,
dataflow,ESTAT:EDAT_LFSE_03(1.0),A,T,Y18-24,PC,ED0-2,BE,2021,20.5,b,
dataflow,ESTAT:EDAT_LFSE_03(1.0),A,T,Y18-24,PC,ED0-2,BE,2022,18.3,,
dataflow,ESTAT:EDAT_LFSE_03(1.0),A,T,Y18-24,PC,ED0-2,BE,2023,20.4,,
dataflow,ESTAT:EDAT_LFSE_03(1.0),A,T,Y18-24,PC,ED0-2,BE,2024,23.4,,
dataflow,ESTAT:EDAT_LFSE_03(1.0),A,T,Y18-24,PC,ED0-2,BE,2025,23.4,,
dataflow,ESTAT:EDAT_LFSE_03(1.0),A,T,Y18-24,PC,ED0-2,BG,2000,30.1,,
dataflow,ESTAT:EDAT_LFSE_03(1.0),A,T,Y18-24,PC,ED0-2,BG,2001,28.7,b,
dataflow,ESTAT:EDAT_LFSE_03(1.0),A,T,Y18-24,PC,ED0-2,BG,2002,31.6,,
dataflow,ESTAT:EDAT_LFSE_03(1.0),A,T,Y18-24,PC,ED0-2,BG,2003,34.2,,
dataflow,ESTAT:EDAT_LFSE_03(1.0),A,T,Y18-24,PC,ED0-2,BG,2004,36.4,,
dataflow,ESTAT:EDAT_LFSE_03(1.0),A,T,Y18-24,PC,ED0-2,BG,2005,36.0,,
dataflow,ESTAT:EDAT_LFSE_03(1.0),A,T,Y18-24,PC,ED0-2,BG,2006,33.6,b,
dataflow,ESTAT:EDAT_LFSE_03(1.0),A,T,Y18-24,PC,ED0-2,BG,2007,32.8,,
dataflow,ESTAT:EDAT_LFSE_03(1.0),A,T,Y18-24,PC,ED0-2,BG,2008,31.9,,
dataflow,ESTAT:EDAT_LFSE_03(1.0),A,T,Y18-24,PC,ED0-2,BG,2009,31.0,,
dataflow,ESTAT:EDAT_LFSE_03(1.0),A,T,Y18-24,PC,ED0-2,BG,2010,26.2,b,
dataflow,ESTAT:EDAT_LFSE_03(1.0),A,T,Y18-24,PC,ED0-2,BG,2011,25.8,b,
dataflow,ESTAT:EDAT_LFSE_03(1.0),A,T,Y18-24,PC,ED0-2,BG,2012,25.0,,
dataflow,ESTAT:EDAT_LFSE_03(1.0),A,T,Y18-24,PC,ED0-2,BG,2013,24.9,,
dataflow,ESTAT:EDAT_LFSE_03(1.0),A,T,Y18-24,PC,ED0-2,BG,2014,24.6,b,
dataflow,ESTAT:EDAT_LFSE_03(1.0),A,T,Y18-24,PC,ED0-2,BG,2015,25.4,,
dataflow,ESTAT:EDAT_LFSE_03(1.0),A,T,Y18-24,PC,ED0-2,BG,2016,26.2,,
dataflow,ESTAT:EDAT_LFSE_03(1.0),A,T,Y18-24,PC,ED0-2,BG,2017,25.7,,
dataflow,ESTAT:EDAT_LFSE_03(1.0),A,T,Y18-24,PC,ED0-2,BG,2018,25.9,,
dataflow,ESTAT:EDAT_LFSE_03(1.0),A,T,Y18-24,PC,ED0-2,BG,2019,27.8,b,
dataflow,ESTAT:EDAT_LFSE_03(1.0),A,T,Y18-24,PC,ED0-2,BG,2020,27.2,,
dataflow,ESTAT:EDAT_LFSE_03(1.0),A,T,Y18-24,PC,ED0-2,BG,2021,25.6,b,
dataflow,ESTAT:EDAT_LFSE_03(1.0),A,T,Y18-24,PC,ED0-2,BG,2022,22.0,,
dataflow,ESTAT:EDAT_LFSE_03(1.0),A,T,Y18-24,PC,ED0-2,BG,2023,19.9,,
dataflow,ESTAT:EDAT_LFSE_03(1.0),A,T,Y18-24,PC,ED0-2,BG,2024,17.3,b,
dataflow,ESTAT:EDAT_LFSE_03(1.0),A,T,Y18-24,PC,ED0-2,BG,2025,18.2,,
dataflow,ESTAT:EDAT_LFSE_03(1.0),A,T,Y18-24,PC,ED0-2,CH,2000,39.8,,
dataflow,ESTAT:EDAT_LFSE_03(1.0),A,T,Y18-24,PC,ED0-2,CH,2001,38.4,,
dataflow,ESTAT:EDAT_LFSE_03(1.0),A,T,Y18-24,PC,ED0-2,CH,2002,38.0,,
dataflow,ESTAT:EDAT_LFSE_03(1.0),A,T,Y18-24,PC,ED0-2,CH,2003,38.9,,
dataflow,ESTAT:EDAT_LFSE_03(1.0),A,T,Y18-24,PC,ED0-2,CH,2004,37.7,,
dataflow,ESTAT:EDAT_LFSE_03(1.0),A,T,Y18-24,PC,ED0-2,CH,2005,37.6,,
dataflow,ESTAT:EDAT_LFSE_03(1.0),A,T,Y18-24,PC,ED0-2,CH,2006,37.0,,
dataflow,ESTAT:EDAT_LFSE_03(1.0),A,T,Y18-24,PC,ED0-2,CH,2007,36.0,,
dataflow,ESTAT:EDAT_LFSE_03(1.0),A,T,Y18-24,PC,ED0-2,CH,2008,35.0,,
dataflow,ESTAT:EDAT_LFSE_03(1.0),A,T,Y18-24,PC,ED0-2,CH,2009,37.6,,
dataflow,ESTAT:EDAT_LFSE_03(1.0),A,T,Y18-24,PC,ED0-2,CH,2010,32.7,b,
dataflow,ESTAT:EDAT_LFSE_03(1.0),A,T,Y18-24,PC,ED0-2,CH,2011,31.9,,
dataflow,ESTAT:EDAT_LFSE_03(1.0),A,T,Y18-24,PC,ED0-2,CH,2012,30.2,,
dataflow,ESTAT:EDAT_LFSE_03(1.0),A,T,Y18-24,PC,ED0-2,CH,2013,29.1,,
dataflow,ESTAT:EDAT_LFSE_03(1.0),A,T,Y18-24,PC,ED0-2,CH,2014,28.5,b,
dataflow,ESTAT:EDAT_LFSE_03(1.0),A,T,Y18-24,PC,ED0-2,CH,2015,27.8,,
dataflow,ESTAT:EDAT_LFSE_03(1.0),A,T,Y18-24,PC,ED0-2,CH,2016,26.9,,
dataflow,ESTAT:EDAT_LFSE_03(1.0),A,T,Y18-24,PC,ED0-2,CH,2017,26.6,,
dataflow,ESTAT:EDAT_LFSE_03(1.0),A,T,Y18-24,PC,ED0-2,CH,2018,27.1,,
dataflow,ESTAT:EDAT_LFSE_03(1.0),A,T,Y18-24,PC,ED0-2,CH,2019,25.9,,
dataflow,ESTAT:EDAT_LFSE_03(1.0),A,T,Y18-24,PC,ED0-2,CH,2020,25.4,,
dataflow,ESTAT:EDAT_LFSE_03(1.0),A,T,Y18-24,PC,ED0-2,CH,2021,23.9,b,
dataflow,ESTAT:EDAT_LFSE_03(1.0),A,T,Y18-24,PC,ED0-2,CH,2022,23.7,,
dataflow,ESTAT:EDAT_LFSE_03(1.0),A,T,Y18-24,PC,ED0-2,CH,2023,24.9,,
dataflow,ESTAT:EDAT_LFSE_03(1.0),A,T,Y18-24,PC,ED0-2,CH,2024,25.1,,
dataflow,ESTAT:EDAT_LFSE_03(1.0),A,T,Y18-24,PC,ED0-2,CH,2025,24.6,,
dataflow,ESTAT:EDAT_LFSE_03(1.0),A,T,Y18-24,PC,ED0-2,CY,2000,22.2,,
dataflow,ESTAT:EDAT_LFSE_03(1.0),A,T,Y18-24,PC,ED0-2,CY,2001,24.8,,
dataflow,ESTAT:EDAT_LFSE_03(1.0),A,T,Y18-24,PC,ED0-2,CY,2002,22.1,,
dataflow,ESTAT:EDAT_LFSE_03(1.0),A,T,Y18-24,PC,ED0-2,CY,2003,24.9,,
dataflow,ESTAT:EDAT_LFSE_03(1.0),A,T,Y18-24,PC,ED0-2,CY,2004,28.2,,
dataflow,ESTAT:EDAT_LFSE_03(1.0),A,T,Y18-24,PC,ED0-2,CY,2005,21.7,,
dataflow,ESTAT:EDAT_LFSE_03(1.0),A,T,Y18-24,PC,ED0-2,CY,2006,19.1,,
dataflow,ESTAT:EDAT_LFSE_03(1.0),A,T,Y18-24,PC,ED0-2,CY,2007,17.9,,
dataflow,ESTAT:EDAT_LFSE_03(1.0),A,T,Y18-24,PC,ED0-2,CY,2008,18.2,,
dataflow,ESTAT:EDAT_LFSE_03(1.0),A,T,Y18-24,PC,ED0-2,CY,2009,15.5,b,
dataflow,ESTAT:EDAT_LFSE_03(1.0),A,T,Y18-24,PC,ED0-2,CY,2010,17.1,,
dataflow,ESTAT:EDAT_LFSE_03(1.0),A,T,Y18-24,PC,ED0-2,CY,2011,16.7,,
dataflow,ESTAT:EDAT_LFSE_03(1.0),A,T,Y18-24,PC,ED0-2,CY,2012,17.4,,
dataflow,ESTAT:EDAT_LFSE_03(1.0),A,T,Y18-24,PC,ED0-2,CY,2013,14.6,,
dataflow,ESTAT:EDAT_LFSE_03(1.0),A,T,Y18-24,PC,ED0-2,CY,2014,11.5,b,
dataflow,ESTAT:EDAT_LFSE_03(1.0),A,T,Y18-24,PC,ED0-2,CY,2015,11.2,,
dataflow,ESTAT:EDAT_LFSE_03(1.0),A,T,Y18-24,PC,ED0-2,CY,2016,13.8,,
dataflow,ESTAT:EDAT_LFSE_03(1.0),A,T,Y18-24,PC,ED0-2,CY,2017,14.6,,
dataflow,ESTAT:EDAT_LFSE_03(1.0),A,T,Y18-24,PC,ED0-2,CY,2018,14.1,,
dataflow,ESTAT:EDAT_LFSE_03(1.0),A,T,Y18-24,PC,ED0-2,CY,2019,13.9,,
dataflow,ESTAT:EDAT_LFSE_03(1.0),A,T,Y18-24,PC,ED0-2,CY,2020,15.7,,
dataflow,ESTAT:EDAT_LFSE_03(1.0),A,T,Y18-24,PC,ED0-2,CY,2021,14.4,b,
dataflow,ESTAT:EDAT_LFSE_03(1.0),A,T,Y18-24,PC,ED0-2,CY,2022,12.7,,
dataflow,ESTAT:EDAT_LFSE_03(1.0),A,T,Y18-24,PC,ED0-2,CY,2023,17.0,,
dataflow,ESTAT:EDAT_LFSE_03(1.0),A,T,Y18-24,PC,ED0-2,CY,2024,17.7,,
dataflow,ESTAT:EDAT_LFSE_03(1.0),A,T,Y18-24,PC,ED0-2,CY,2025,15.6,,
dataflow,ESTAT:EDAT_LFSE_03(1.0),A,T,Y18-24,PC,ED0-2,CZ,2000,20.8,,
dataflow,ESTAT:EDAT_LFSE_03(1.0),A,T,Y18-24,PC,ED0-2,CZ,2001,24.7,,
dataflow,ESTAT:EDAT_LFSE_03(1.0),A,T,Y18-24,PC,ED0-2,CZ,2002,23.2,,
dataflow,ESTAT:EDAT_LFSE_03(1.0),A,T,Y18-24,PC,ED0-2,CZ,2003,24.2,b,
dataflow,ESTAT:EDAT_LFSE_03(1.0),A,T,Y18-24,PC,ED0-2,CZ,2004,25.0,,
dataflow,ESTAT:EDAT_LFSE_03(1.0),A,T,Y18-24,PC,ED0-2,CZ,2005,25.0,,
dataflow,ESTAT:EDAT_LFSE_03(1.0),A,T,Y18-24,PC,ED0-2,CZ,2006,24.5,,
dataflow,ESTAT:EDAT_LFSE_03(1.0),A,T,Y18-24,PC,ED0-2,CZ,2007,25.3,,
dataflow,ESTAT:EDAT_LFSE_03(1.0),A,T,Y18-24,PC,ED0-2,CZ,2008,25.3,,
dataflow,ESTAT:EDAT_LFSE_03(1.0),A,T,Y18-24,PC,ED0-2,CZ,2009,25.0,,
dataflow,ESTAT:EDAT_LFSE_03(1.0),A,T,Y18-24,PC,ED0-2,CZ,2010,24.6,,
dataflow,ESTAT:EDAT_LFSE_03(1.0),A,T,Y18-24,PC,ED0-2,CZ,2011,25.8,b,
dataflow,ESTAT:EDAT_LFSE_03(1.0),A,T,Y18-24,PC,ED0-2,CZ,2012,25.8,,
dataflow,ESTAT:EDAT_LFSE_03(1.0),A,T,Y18-24,PC,ED0-2,CZ,2013,24.3,,
dataflow,ESTAT:EDAT_LFSE_03(1.0),A,T,Y18-24,PC,ED0-2,CZ,2014,23.7,b,
dataflow,ESTAT:EDAT_LFSE_03(1.0),A,T,Y18-24,PC,ED0-2,CZ,2015,24.3,,
dataflow,ESTAT:EDAT_LFSE_03(1.0),A,T,Y18-24,PC,ED0-2,CZ,2016,25.8,,
dataflow,ESTAT:EDAT_LFSE_03(1.0),A,T,Y18-24,PC,ED0-2,CZ,2017,26.0,,
dataflow,ESTAT:EDAT_LFSE_03(1.0),A,T,Y18-24,PC,ED0-2,CZ,2018,27.0,,
dataflow,ESTAT:EDAT_LFSE_03(1.0),A,T,Y18-24,PC,ED0-2,CZ,2019,28.9,,
dataflow,ESTAT:EDAT_LFSE_03(1.0),A,T,Y18-24,PC,ED0-2,CZ,2020,30.5,,
dataflow,ESTAT:EDAT_LFSE_03(1.0),A,T,Y18-24,PC,ED0-2,CZ,2021,28.1,b,
dataflow,ESTAT:EDAT_LFSE_03(1.0),A,T,Y18-24,PC,ED0-2,CZ,2022,27.6,,
dataflow,ESTAT:EDAT_LFSE_03(1.0),A,T,Y18-24,PC,ED0-2,CZ,2023,28.3,,
dataflow,ESTAT:EDAT_LFSE_03(1.0),A,T,Y18-24,PC,ED0-2,CZ,2024,28.9,,
dataflow,ESTAT:EDAT_LFSE_03(1.0),A,T,Y18-24,PC,ED0-2,CZ,2025,29.6,,
dataflow,ESTAT:EDAT_LFSE_03(1.0),A,T,Y18-24,PC,ED0-2,DE,2000,37.7,u,
dataflow,ESTAT:EDAT_LFSE_03(1.0),A,T,Y18-24,PC,ED0-2,DE,2001,44.2,,
dataflow,ESTAT:EDAT_LFSE_03(1.0),A,T,Y18-24,PC,ED0-2,DE,2002,43.4,,
dataflow,ESTAT:EDAT_LFSE_03(1.0),A,T,Y18-24,PC,ED0-2,DE,2003,44.6,,
dataflow,ESTAT:EDAT_LFSE_03(1.0),A,T,Y18-24,PC,ED0-2,DE,2004,44.0,,
dataflow,ESTAT:EDAT_LFSE_03(1.0),A,T,Y18-24,PC,ED0-2,DE,2005,45.2,b,
dataflow,ESTAT:EDAT_LFSE_03(1.0),A,T,Y18-24,PC,ED0-2,DE,2006,44.7,,
dataflow,ESTAT:EDAT_LFSE_03(1.0),A,T,Y18-24,PC,ED0-2,DE,2007,44.2,,
dataflow,ESTAT:EDAT_LFSE_03(1.0),A,T,Y18-24,PC,ED0-2,DE,2008,42.3,,
dataflow,ESTAT:EDAT_LFSE_03(1.0),A,T,Y18-24,PC,ED0-2,DE,2009,42.3,,
dataflow,ESTAT:EDAT_LFSE_03(1.0),A,T,Y18-24,PC,ED0-2,DE,2010,40.9,b,
dataflow,ESTAT:EDAT_LFSE_03(1.0),A,T,Y18-24,PC,ED0-2,DE,2011,38.5,,
dataflow,ESTAT:EDAT_LFSE_03(1.0),A,T,Y18-24,PC,ED0-2,DE,2012,37.4,b,
dataflow,ESTAT:EDAT_LFSE_03(1.0),A,T,Y18-24,PC,ED0-2,DE,2013,35.3,,
dataflow,ESTAT:EDAT_LFSE_03(1.0),A,T,Y18-24,PC,ED0-2,DE,2014,35.6,b,
dataflow,ESTAT:EDAT_LFSE_03(1.0),A,T,Y18-24,PC,ED0-2,DE,2015,36.9,,
dataflow,ESTAT:EDAT_LFSE_03(1.0),A,T,Y18-24,PC,ED0-2,DE,2016,35.7,,
dataflow,ESTAT:EDAT_LFSE_03(1.0),A,T,Y18-24,PC,ED0-2,DE,2017,35.6,,
dataflow,ESTAT:EDAT_LFSE_03(1.0),A,T,Y18-24,PC,ED0-2,DE,2018,35.5,,
dataflow,ESTAT:EDAT_LFSE_03(1.0),A,T,Y18-24,PC,ED0-2,DE,2019,35.2,,
dataflow,ESTAT:EDAT_LFSE_03(1.0),A,T,Y18-24,PC,ED0-2,DE,2020,33.1,b,
dataflow,ESTAT:EDAT_LFSE_03(1.0),A,T,Y18-24,PC,ED0-2,DE,2021,35.8,b,
dataflow,ESTAT:EDAT_LFSE_03(1.0),A,T,Y18-24,PC,ED0-2,DE,2022,36.5,,
dataflow,ESTAT:EDAT_LFSE_03(1.0),A,T,Y18-24,PC,ED0-2,DE,2023,36.6,,
dataflow,ESTAT:EDAT_LFSE_03(1.0),A,T,Y18-24,PC,ED0-2,DE,2024,37.0,,
dataflow,ESTAT:EDAT_LFSE_03(1.0),A,T,Y18-24,PC,ED0-2,DE,2025,35.1,,
dataflow,ESTAT:EDAT_LFSE_03(1.0),A,T,Y18-24,PC,ED0-2,DK,2000,43.8,,
dataflow,ESTAT:EDAT_LFSE_03(1.0),A,T,Y18-24,PC,ED0-2,DK,2001,25.6,,
dataflow,ESTAT:EDAT_LFSE_03(1.0),A,T,Y18-24,PC,ED0-2,DK,2002,27.6,,
dataflow,ESTAT:EDAT_LFSE_03(1.0),A,T,Y18-24,PC,ED0-2,DK,2003,40.3,b,
dataflow,ESTAT:EDAT_LFSE_03(1.0),A,T,Y18-24,PC,ED0-2,DK,2004,41.4,,
dataflow,ESTAT:EDAT_LFSE_03(1.0),A,T,Y18-24,PC,ED0-2,DK,2005,41.2,,
dataflow,ESTAT:EDAT_LFSE_03(1.0),A,T,Y18-24,PC,ED0-2,DK,2006,41.5,,
dataflow,ESTAT:EDAT_LFSE_03(1.0),A,T,Y18-24,PC,ED0-2,DK,2007,46.4,b,
dataflow,ESTAT:EDAT_LFSE_03(1.0),A,T,Y18-24,PC,ED0-2,DK,2008,46.3,b,
dataflow,ESTAT:EDAT_LFSE_03(1.0),A,T,Y18-24,PC,ED0-2,DK,2009,43.6,,
dataflow,ESTAT:EDAT_LFSE_03(1.0),A,T,Y18-24,PC,ED0-2,DK,2010,44.5,,
dataflow,ESTAT:EDAT_LFSE_03(1.0),A,T,Y18-24,PC,ED0-2,DK,2011,42.8,,
dataflow,ESTAT:EDAT_LFSE_03(1.0),A,T,Y18-24,PC,ED0-2,DK,2012,41.8,,
dataflow,ESTAT:EDAT_LFSE_03(1.0),A,T,Y18-24,PC,ED0-2,DK,2013,41.3,,
dataflow,ESTAT:EDAT_LFSE_03(1.0),A,T,Y18-24,PC,ED0-2,DK,2014,39.8,b,
dataflow,ESTAT:EDAT_LFSE_03(1.0),A,T,Y18-24,PC,ED0-2,DK,2015,39.5,,
dataflow,ESTAT:EDAT_LFSE_03(1.0),A,T,Y18-24,PC,ED0-2,DK,2016,37.2,b,
dataflow,ESTAT:EDAT_LFSE_03(1.0),A,T,Y18-24,PC,ED0-2,DK,2017,37.6,b,
dataflow,ESTAT:EDAT_LFSE_03(1.0),A,T,Y18-24,PC,ED0-2,DK,2018,38.2,,
dataflow,ESTAT:EDAT_LFSE_03(1.0),A,T,Y18-24,PC,ED0-2,DK,2019,37.7,,
dataflow,ESTAT:EDAT_LFSE_03(1.0),A,T,Y18-24,PC,ED0-2,DK,2020,37.9,,
dataflow,ESTAT:EDAT_LFSE_03(1.0),A,T,Y18-24,PC,ED0-2,DK,2021,38.5,b,
dataflow,ESTAT:EDAT_LFSE_03(1.0),A,T,Y18-24,PC,ED0-2,DK,2022,37.8,,
dataflow,ESTAT:EDAT_LFSE_03(1.0),A,T,Y18-24,PC,ED0-2,DK,2023,37.8,,
dataflow,ESTAT:EDAT_LFSE_03(1.0),A,T,Y18-24,PC,ED0-2,DK,2024,37.3,,
dataflow,ESTAT:EDAT_LFSE_03(1.0),A,T,Y18-24,PC,ED0-2,DK,2025,34.6,,
dataflow,ESTAT:EDAT_LFSE_03(1.0),A,T,Y18-24,PC,ED0-2,EE,2000,28.9,b,
dataflow,ESTAT:EDAT_LFSE_03(1.0),A,T,Y18-24,PC,ED0-2,EE,2001,30.8,,
dataflow,ESTAT:EDAT_LFSE_03(1.0),A,T,Y18-24,PC,ED0-2,EE,2002,29.6,,
dataflow,ESTAT:EDAT_LFSE_03(1.0),A,T,Y18-24,PC,ED0-2,EE,2003,32.1,,
dataflow,ESTAT:EDAT_LFSE_03(1.0),A,T,Y18-24,PC,ED0-2,EE,2004,31.5,,
dataflow,ESTAT:EDAT_LFSE_03(1.0),A,T,Y18-24,PC,ED0-2,EE,2005,32.5,,
dataflow,ESTAT:EDAT_LFSE_03(1.0),A,T,Y18-24,PC,ED0-2,EE,2006,32.6,,
dataflow,ESTAT:EDAT_LFSE_03(1.0),A,T,Y18-24,PC,ED0-2,EE,2007,34.6,,
dataflow,ESTAT:EDAT_LFSE_03(1.0),A,T,Y18-24,PC,ED0-2,EE,2008,34.7,,
dataflow,ESTAT:EDAT_LFSE_03(1.0),A,T,Y18-24,PC,ED0-2,EE,2009,32.8,,
dataflow,ESTAT:EDAT_LFSE_03(1.0),A,T,Y18-24,PC,ED0-2,EE,2010,30.5,,
dataflow,ESTAT:EDAT_LFSE_03(1.0),A,T,Y18-24,PC,ED0-2,EE,2011,30.5,,
dataflow,ESTAT:EDAT_LFSE_03(1.0),A,T,Y18-24,PC,ED0-2,EE,2012,30.8,,
dataflow,ESTAT:EDAT_LFSE_03(1.0),A,T,Y18-24,PC,ED0-2,EE,2013,27.9,,
dataflow,ESTAT:EDAT_LFSE_03(1.0),A,T,Y18-24,PC,ED0-2,EE,2014,30.7,b,
dataflow,ESTAT:EDAT_LFSE_03(1.0),A,T,Y18-24,PC,ED0-2,EE,2015,33.9,,
dataflow,ESTAT:EDAT_LFSE_03(1.0),A,T,Y18-24,PC,ED0-2,EE,2016,31.7,,
dataflow,ESTAT:EDAT_LFSE_03(1.0),A,T,Y18-24,PC,ED0-2,EE,2017,30.4,,
dataflow,ESTAT:EDAT_LFSE_03(1.0),A,T,Y18-24,PC,ED0-2,EE,2018,32.1,,
dataflow,ESTAT:EDAT_LFSE_03(1.0),A,T,Y18-24,PC,ED0-2,EE,2019,31.7,,
dataflow,ESTAT:EDAT_LFSE_03(1.0),A,T,Y18-24,PC,ED0-2,EE,2020,29.7,,
dataflow,ESTAT:EDAT_LFSE_03(1.0),A,T,Y18-24,PC,ED0-2,EE,2021,30.0,b,
dataflow,ESTAT:EDAT_LFSE_03(1.0),A,T,Y18-24,PC,ED0-2,EE,2022,32.9,,
dataflow,ESTAT:EDAT_LFSE_03(1.0),A,T,Y18-24,PC,ED0-2,EE,2023,32.7,,
dataflow,ESTAT:EDAT_LFSE_03(1.0),A,T,Y18-24,PC,ED0-2,EE,2024,33.3,,
dataflow,ESTAT:EDAT_LFSE_03(1.0),A,T,Y18-24,PC,ED0-2,EE,2025,33.3,,
dataflow,ESTAT:EDAT_LFSE_03(1.0),A,T,Y18-24,PC,ED0-2,EL,2000,24.0,,
dataflow,ESTAT:EDAT_LFSE_03(1.0),A,T,Y18-24,PC,ED0-2,EL,2001,25.3,b,
dataflow,ESTAT:EDAT_LFSE_03(1.0),A,T,Y18-24,PC,ED0-2,EL,2002,23.0,,
dataflow,ESTAT:EDAT_LFSE_03(1.0),A,T,Y18-24,PC,ED0-2,EL,2003,21.8,,
dataflow,ESTAT:EDAT_LFSE_03(1.0),A,T,Y18-24,PC,ED0-2,EL,2004,19.5,b,
dataflow,ESTAT:EDAT_LFSE_03(1.0),A,T,Y18-24,PC,ED0-2,EL,2005,19.0,,
dataflow,ESTAT:EDAT_LFSE_03(1.0),A,T,Y18-24,PC,ED0-2,EL,2006,22.4,,
dataflow,ESTAT:EDAT_LFSE_03(1.0),A,T,Y18-24,PC,ED0-2,EL,2007,21.5,,
dataflow,ESTAT:EDAT_LFSE_03(1.0),A,T,Y18-24,PC,ED0-2,EL,2008,21.0,,
dataflow,ESTAT:EDAT_LFSE_03(1.0),A,T,Y18-24,PC,ED0-2,EL,2009,20.8,b,
dataflow,ESTAT:EDAT_LFSE_03(1.0),A,T,Y18-24,PC,ED0-2,EL,2010,20.9,,
dataflow,ESTAT:EDAT_LFSE_03(1.0),A,T,Y18-24,PC,ED0-2,EL,2011,20.8,,
dataflow,ESTAT:EDAT_LFSE_03(1.0),A,T,Y18-24,PC,ED0-2,EL,2012,20.0,,
dataflow,ESTAT:EDAT_LFSE_03(1.0),A,T,Y18-24,PC,ED0-2,EL,2013,18.7,,
dataflow,ESTAT:EDAT_LFSE_03(1.0),A,T,Y18-24,PC,ED0-2,EL,2014,16.2,b,
dataflow,ESTAT:EDAT_LFSE_03(1.0),A,T,Y18-24,PC,ED0-2,EL,2015,15.9,,
dataflow,ESTAT:EDAT_LFSE_03(1.0),A,T,Y18-24,PC,ED0-2,EL,2016,13.6,,
dataflow,ESTAT:EDAT_LFSE_03(1.0),A,T,Y18-24,PC,ED0-2,EL,2017,13.4,,
dataflow,ESTAT:EDAT_LFSE_03(1.0),A,T,Y18-24,PC,ED0-2,EL,2018,12.0,,
dataflow,ESTAT:EDAT_LFSE_03(1.0),A,T,Y18-24,PC,ED0-2,EL,2019,11.5,,
dataflow,ESTAT:EDAT_LFSE_03(1.0),A,T,Y18-24,PC,ED0-2,EL,2020,10.6,,
dataflow,ESTAT:EDAT_LFSE_03(1.0),A,T,Y18-24,PC,ED0-2,EL,2021,8.7,b,
dataflow,ESTAT:EDAT_LFSE_03(1.0),A,T,Y18-24,PC,ED0-2,EL,2022,9.6,,
dataflow,ESTAT:EDAT_LFSE_03(1.0),A,T,Y18-24,PC,ED0-2,EL,2023,8.7,,
dataflow,ESTAT:EDAT_LFSE_03(1.0),A,T,Y18-24,PC,ED0-2,EL,2024,7.7,,
dataflow,ESTAT:EDAT_LFSE_03(1.0),A,T,Y18-24,PC,ED0-2,EL,2025,8.5,,
dataflow,ESTAT:EDAT_LFSE_03(1.0),A,T,Y18-24,PC,ED0-2,ES,2000,38.1,,
dataflow,ESTAT:EDAT_LFSE_03(1.0),A,T,Y18-24,PC,ED0-2,ES,2001,39.6,,
dataflow,ESTAT:EDAT_LFSE_03(1.0),A,T,Y18-24,PC,ED0-2,ES,2002,41.8,,
dataflow,ESTAT:EDAT_LFSE_03(1.0),A,T,Y18-24,PC,ED0-2,ES,2003,43.2,,
dataflow,ESTAT:EDAT_LFSE_03(1.0),A,T,Y18-24,PC,ED0-2,ES,2004,44.0,,
dataflow,ESTAT:EDAT_LFSE_03(1.0),A,T,Y18-24,PC,ED0-2,ES,2005,43.8,b,
dataflow,ESTAT:EDAT_LFSE_03(1.0),A,T,Y18-24,PC,ED0-2,ES,2006,43.4,,
dataflow,ESTAT:EDAT_LFSE_03(1.0),A,T,Y18-24,PC,ED0-2,ES,2007,44.0,,
dataflow,ESTAT:EDAT_LFSE_03(1.0),A,T,Y18-24,PC,ED0-2,ES,2008,45.0,,
dataflow,ESTAT:EDAT_LFSE_03(1.0),A,T,Y18-24,PC,ED0-2,ES,2009,45.2,,
dataflow,ESTAT:EDAT_LFSE_03(1.0),A,T,Y18-24,PC,ED0-2,ES,2010,43.7,,
dataflow,ESTAT:EDAT_LFSE_03(1.0),A,T,Y18-24,PC,ED0-2,ES,2011,42.4,,
dataflow,ESTAT:EDAT_LFSE_03(1.0),A,T,Y18-24,PC,ED0-2,ES,2012,41.9,,
dataflow,ESTAT:EDAT_LFSE_03(1.0),A,T,Y18-24,PC,ED0-2,ES,2013,41.0,,
dataflow,ESTAT:EDAT_LFSE_03(1.0),A,T,Y18-24,PC,ED0-2,ES,2014,39.3,b,
dataflow,ESTAT:EDAT_LFSE_03(1.0),A,T,Y18-24,PC,ED0-2,ES,2015,36.7,,
dataflow,ESTAT:EDAT_LFSE_03(1.0),A,T,Y18-24,PC,ED0-2,ES,2016,34.6,,
dataflow,ESTAT:EDAT_LFSE_03(1.0),A,T,Y18-24,PC,ED0-2,ES,2017,33.8,,
dataflow,ESTAT:EDAT_LFSE_03(1.0),A,T,Y18-24,PC,ED0-2,ES,2018,32.6,,
dataflow,ESTAT:EDAT_LFSE_03(1.0),A,T,Y18-24,PC,ED0-2,ES,2019,30.9,,
dataflow,ESTAT:EDAT_LFSE_03(1.0),A,T,Y18-24,PC,ED0-2,ES,2020,29.5,,
dataflow,ESTAT:EDAT_LFSE_03(1.0),A,T,Y18-24,PC,ED0-2,ES,2021,26.0,b,
dataflow,ESTAT:EDAT_LFSE_03(1.0),A,T,Y18-24,PC,ED0-2,ES,2022,26.1,,
dataflow,ESTAT:EDAT_LFSE_03(1.0),A,T,Y18-24,PC,ED0-2,ES,2023,25.8,,
dataflow,ESTAT:EDAT_LFSE_03(1.0),A,T,Y18-24,PC,ED0-2,ES,2024,24.7,,
dataflow,ESTAT:EDAT_LFSE_03(1.0),A,T,Y18-24,PC,ED0-2,ES,2025,23.9,,
dataflow,ESTAT:EDAT_LFSE_03(1.0),A,T,Y18-24,PC,ED0-2,FI,2000,26.7,b,
dataflow,ESTAT:EDAT_LFSE_03(1.0),A,T,Y18-24,PC,ED0-2,FI,2001,29.7,,
dataflow,ESTAT:EDAT_LFSE_03(1.0),A,T,Y18-24,PC,ED0-2,FI,2002,30.6,,
dataflow,ESTAT:EDAT_LFSE_03(1.0),A,T,Y18-24,PC,ED0-2,FI,2003,30.6,,
dataflow,ESTAT:EDAT_LFSE_03(1.0),A,T,Y18-24,PC,ED0-2,FI,2004,30.5,,
dataflow,ESTAT:EDAT_LFSE_03(1.0),A,T,Y18-24,PC,ED0-2,FI,2005,30.7,,
dataflow,ESTAT:EDAT_LFSE_03(1.0),A,T,Y18-24,PC,ED0-2,FI,2006,30.2,,
dataflow,ESTAT:EDAT_LFSE_03(1.0),A,T,Y18-24,PC,ED0-2,FI,2007,28.7,,
dataflow,ESTAT:EDAT_LFSE_03(1.0),A,T,Y18-24,PC,ED0-2,FI,2008,30.4,,
dataflow,ESTAT:EDAT_LFSE_03(1.0),A,T,Y18-24,PC,ED0-2,FI,2009,31.0,,
dataflow,ESTAT:EDAT_LFSE_03(1.0),A,T,Y18-24,PC,ED0-2,FI,2010,31.6,,
dataflow,ESTAT:EDAT_LFSE_03(1.0),A,T,Y18-24,PC,ED0-2,FI,2011,30.8,,
dataflow,ESTAT:EDAT_LFSE_03(1.0),A,T,Y18-24,PC,ED0-2,FI,2012,29.2,,
dataflow,ESTAT:EDAT_LFSE_03(1.0),A,T,Y18-24,PC,ED0-2,FI,2013,29.9,,
dataflow,ESTAT:EDAT_LFSE_03(1.0),A,T,Y18-24,PC,ED0-2,FI,2014,29.3,b,
dataflow,ESTAT:EDAT_LFSE_03(1.0),A,T,Y18-24,PC,ED0-2,FI,2015,29.4,,
dataflow,ESTAT:EDAT_LFSE_03(1.0),A,T,Y18-24,PC,ED0-2,FI,2016,27.0,,
dataflow,ESTAT:EDAT_LFSE_03(1.0),A,T,Y18-24,PC,ED0-2,FI,2017,27.7,,
dataflow,ESTAT:EDAT_LFSE_03(1.0),A,T,Y18-24,PC,ED0-2,FI,2018,28.1,,
dataflow,ESTAT:EDAT_LFSE_03(1.0),A,T,Y18-24,PC,ED0-2,FI,2019,27.2,,
dataflow,ESTAT:EDAT_LFSE_03(1.0),A,T,Y18-24,PC,ED0-2,FI,2020,25.5,,
dataflow,ESTAT:EDAT_LFSE_03(1.0),A,T,Y18-24,PC,ED0-2,FI,2021,29.2,b,
dataflow,ESTAT:EDAT_LFSE_03(1.0),A,T,Y18-24,PC,ED0-2,FI,2022,28.7,,
dataflow,ESTAT:EDAT_LFSE_03(1.0),A,T,Y18-24,PC,ED0-2,FI,2023,31.2,,
dataflow,ESTAT:EDAT_LFSE_03(1.0),A,T,Y18-24,PC,ED0-2,FI,2024,32.7,,
dataflow,ESTAT:EDAT_LFSE_03(1.0),A,T,Y18-24,PC,ED0-2,FI,2025,33.5,,
dataflow,ESTAT:EDAT_LFSE_03(1.0),A,T,Y18-24,PC,ED0-2,FR,2000,28.6,,
dataflow,ESTAT:EDAT_LFSE_03(1.0),A,T,Y18-24,PC,ED0-2,FR,2001,28.0,,
dataflow,ESTAT:EDAT_LFSE_03(1.0),A,T,Y18-24,PC,ED0-2,FR,2002,26.6,,
dataflow,ESTAT:EDAT_LFSE_03(1.0),A,T,Y18-24,PC,ED0-2,FR,2003,23.7,b,
dataflow,ESTAT:EDAT_LFSE_03(1.0),A,T,Y18-24,PC,ED0-2,FR,2004,23.5,,
dataflow,ESTAT:EDAT_LFSE_03(1.0),A,T,Y18-24,PC,ED0-2,FR,2005,23.2,,
dataflow,ESTAT:EDAT_LFSE_03(1.0),A,T,Y18-24,PC,ED0-2,FR,2006,23.1,,
dataflow,ESTAT:EDAT_LFSE_03(1.0),A,T,Y18-24,PC,ED0-2,FR,2007,22.9,,
dataflow,ESTAT:EDAT_LFSE_03(1.0),A,T,Y18-24,PC,ED0-2,FR,2008,22.1,,
dataflow,ESTAT:EDAT_LFSE_03(1.0),A,T,Y18-24,PC,ED0-2,FR,2009,22.2,,
dataflow,ESTAT:EDAT_LFSE_03(1.0),A,T,Y18-24,PC,ED0-2,FR,2010,22.5,,
dataflow,ESTAT:EDAT_LFSE_03(1.0),A,T,Y18-24,PC,ED0-2,FR,2011,22.0,,
dataflow,ESTAT:EDAT_LFSE_03(1.0),A,T,Y18-24,PC,ED0-2,FR,2012,21.2,,
dataflow,ESTAT:EDAT_LFSE_03(1.0),A,T,Y18-24,PC,ED0-2,FR,2013,18.5,b,
dataflow,ESTAT:EDAT_LFSE_03(1.0),A,T,Y18-24,PC,ED0-2,FR,2014,16.9,b,
dataflow,ESTAT:EDAT_LFSE_03(1.0),A,T,Y18-24,PC,ED0-2,FR,2015,17.2,,
dataflow,ESTAT:EDAT_LFSE_03(1.0),A,T,Y18-24,PC,ED0-2,FR,2016,16.6,,
dataflow,ESTAT:EDAT_LFSE_03(1.0),A,T,Y18-24,PC,ED0-2,FR,2017,16.3,,
dataflow,ESTAT:EDAT_LFSE_03(1.0),A,T,Y18-24,PC,ED0-2,FR,2018,15.6,,
dataflow,ESTAT:EDAT_LFSE_03(1.0),A,T,Y18-24,PC,ED0-2,FR,2019,15.2,,
dataflow,ESTAT:EDAT_LFSE_03(1.0),A,T,Y18-24,PC,ED0-2,FR,2020,13.3,,
dataflow,ESTAT:EDAT_LFSE_03(1.0),A,T,Y18-24,PC,ED0-2,FR,2021,14.7,b,
dataflow,ESTAT:EDAT_LFSE_03(1.0),A,T,Y18-24,PC,ED0-2,FR,2022,14.6,,
dataflow,ESTAT:EDAT_LFSE_03(1.0),A,T,Y18-24,PC,ED0-2,FR,2023,14.9,,
dataflow,ESTAT:EDAT_LFSE_03(1.0),A,T,Y18-24,PC,ED0-2,FR,2024,15.0,b,
dataflow,ESTAT:EDAT_LFSE_03(1.0),A,T,Y18-24,PC,ED0-2,FR,2025,14.5,,
dataflow,ESTAT:EDAT_LFSE_03(1.0),A,T,Y18-24,PC,ED0-2,HR,2002,13.6,,
dataflow,ESTAT:EDAT_LFSE_03(1.0),A,T,Y18-24,PC,ED0-2,HR,2003,15.5,,
dataflow,ESTAT:EDAT_LFSE_03(1.0),A,T,Y18-24,PC,ED0-2,HR,2004,13.7,,
dataflow,ESTAT:EDAT_LFSE_03(1.0),A,T,Y18-24,PC,ED0-2,HR,2005,13.7,,
dataflow,ESTAT:EDAT_LFSE_03(1.0),A,T,Y18-24,PC,ED0-2,HR,2006,13.5,,
dataflow,ESTAT:EDAT_LFSE_03(1.0),A,T,Y18-24,PC,ED0-2,HR,2007,12.6,b,
dataflow,ESTAT:EDAT_LFSE_03(1.0),A,T,Y18-24,PC,ED0-2,HR,2008,13.4,,
dataflow,ESTAT:EDAT_LFSE_03(1.0),A,T,Y18-24,PC,ED0-2,HR,2009,14.3,,
dataflow,ESTAT:EDAT_LFSE_03(1.0),A,T,Y18-24,PC,ED0-2,HR,2010,13.2,b,
dataflow,ESTAT:EDAT_LFSE_03(1.0),A,T,Y18-24,PC,ED0-2,HR,2011,13.7,,
dataflow,ESTAT:EDAT_LFSE_03(1.0),A,T,Y18-24,PC,ED0-2,HR,2012,15.0,,
dataflow,ESTAT:EDAT_LFSE_03(1.0),A,T,Y18-24,PC,ED0-2,HR,2013,13.9,,
dataflow,ESTAT:EDAT_LFSE_03(1.0),A,T,Y18-24,PC,ED0-2,HR,2014,14.1,b,
dataflow,ESTAT:EDAT_LFSE_03(1.0),A,T,Y18-24,PC,ED0-2,HR,2015,14.0,,
dataflow,ESTAT:EDAT_LFSE_03(1.0),A,T,Y18-24,PC,ED0-2,HR,2016,12.6,,
dataflow,ESTAT:EDAT_LFSE_03(1.0),A,T,Y18-24,PC,ED0-2,HR,2017,12.9,,
dataflow,ESTAT:EDAT_LFSE_03(1.0),A,T,Y18-24,PC,ED0-2,HR,2018,12.8,,
dataflow,ESTAT:EDAT_LFSE_03(1.0),A,T,Y18-24,PC,ED0-2,HR,2019,12.6,,
dataflow,ESTAT:EDAT_LFSE_03(1.0),A,T,Y18-24,PC,ED0-2,HR,2020,12.2,,
dataflow,ESTAT:EDAT_LFSE_03(1.0),A,T,Y18-24,PC,ED0-2,HR,2021,13.3,b,
dataflow,ESTAT:EDAT_LFSE_03(1.0),A,T,Y18-24,PC,ED0-2,HR,2022,13.0,,
dataflow,ESTAT:EDAT_LFSE_03(1.0),A,T,Y18-24,PC,ED0-2,HR,2023,14.0,,
dataflow,ESTAT:EDAT_LFSE_03(1.0),A,T,Y18-24,PC,ED0-2,HR,2024,13.2,,
dataflow,ESTAT:EDAT_LFSE_03(1.0),A,T,Y18-24,PC,ED0-2,HR,2025,12.4,,
dataflow,ESTAT:EDAT_LFSE_03(1.0),A,T,Y18-24,PC,ED0-2,HU,2000,23.4,,
dataflow,ESTAT:EDAT_LFSE_03(1.0),A,T,Y18-24,PC,ED0-2,HU,2001,24.5,b,
dataflow,ESTAT:EDAT_LFSE_03(1.0),A,T,Y18-24,PC,ED0-2,HU,2002,24.9,,
dataflow,ESTAT:EDAT_LFSE_03(1.0),A,T,Y18-24,PC,ED0-2,HU,2003,26.3,,
dataflow,ESTAT:EDAT_LFSE_03(1.0),A,T,Y18-24,PC,ED0-2,HU,2004,28.7,,
dataflow,ESTAT:EDAT_LFSE_03(1.0),A,T,Y18-24,PC,ED0-2,HU,2005,29.3,,
dataflow,ESTAT:EDAT_LFSE_03(1.0),A,T,Y18-24,PC,ED0-2,HU,2006,30.3,,
dataflow,ESTAT:EDAT_LFSE_03(1.0),A,T,Y18-24,PC,ED0-2,HU,2007,29.6,,
dataflow,ESTAT:EDAT_LFSE_03(1.0),A,T,Y18-24,PC,ED0-2,HU,2008,30.7,,
dataflow,ESTAT:EDAT_LFSE_03(1.0),A,T,Y18-24,PC,ED0-2,HU,2009,31.4,,
dataflow,ESTAT:EDAT_LFSE_03(1.0),A,T,Y18-24,PC,ED0-2,HU,2010,31.9,,
dataflow,ESTAT:EDAT_LFSE_03(1.0),A,T,Y18-24,PC,ED0-2,HU,2011,32.0,,
dataflow,ESTAT:EDAT_LFSE_03(1.0),A,T,Y18-24,PC,ED0-2,HU,2012,30.2,,
dataflow,ESTAT:EDAT_LFSE_03(1.0),A,T,Y18-24,PC,ED0-2,HU,2013,29.2,,
dataflow,ESTAT:EDAT_LFSE_03(1.0),A,T,Y18-24,PC,ED0-2,HU,2014,27.6,b,
dataflow,ESTAT:EDAT_LFSE_03(1.0),A,T,Y18-24,PC,ED0-2,HU,2015,28.3,,
dataflow,ESTAT:EDAT_LFSE_03(1.0),A,T,Y18-24,PC,ED0-2,HU,2016,27.7,,
dataflow,ESTAT:EDAT_LFSE_03(1.0),A,T,Y18-24,PC,ED0-2,HU,2017,27.1,,
dataflow,ESTAT:EDAT_LFSE_03(1.0),A,T,Y18-24,PC,ED0-2,HU,2018,26.3,b,
dataflow,ESTAT:EDAT_LFSE_03(1.0),A,T,Y18-24,PC,ED0-2,HU,2019,25.3,,
dataflow,ESTAT:EDAT_LFSE_03(1.0),A,T,Y18-24,PC,ED0-2,HU,2020,26.2,,
dataflow,ESTAT:EDAT_LFSE_03(1.0),A,T,Y18-24,PC,ED0-2,HU,2021,27.4,b,
dataflow,ESTAT:EDAT_LFSE_03(1.0),A,T,Y18-24,PC,ED0-2,HU,2022,27.2,,
dataflow,ESTAT:EDAT_LFSE_03(1.0),A,T,Y18-24,PC,ED0-2,HU,2023,25.8,,
dataflow,ESTAT:EDAT_LFSE_03(1.0),A,T,Y18-24,PC,ED0-2,HU,2024,26.6,,
dataflow,ESTAT:EDAT_LFSE_03(1.0),A,T,Y18-24,PC,ED0-2,HU,2025,27.1,,
dataflow,ESTAT:EDAT_LFSE_03(1.0),A,T,Y18-24,PC,ED0-2,IE,2000,25.1,,
dataflow,ESTAT:EDAT_LFSE_03(1.0),A,T,Y18-24,PC,ED0-2,IE,2001,22.6,,
dataflow,ESTAT:EDAT_LFSE_03(1.0),A,T,Y18-24,PC,ED0-2,IE,2002,20.9,,
dataflow,ESTAT:EDAT_LFSE_03(1.0),A,T,Y18-24,PC,ED0-2,IE,2003,20.8,,
dataflow,ESTAT:EDAT_LFSE_03(1.0),A,T,Y18-24,PC,ED0-2,IE,2004,21.0,,
dataflow,ESTAT:EDAT_LFSE_03(1.0),A,T,Y18-24,PC,ED0-2,IE,2005,20.7,,
dataflow,ESTAT:EDAT_LFSE_03(1.0),A,T,Y18-24,PC,ED0-2,IE,2006,20.6,,
dataflow,ESTAT:EDAT_LFSE_03(1.0),A,T,Y18-24,PC,ED0-2,IE,2007,18.9,b,
dataflow,ESTAT:EDAT_LFSE_03(1.0),A,T,Y18-24,PC,ED0-2,IE,2008,18.8,,
dataflow,ESTAT:EDAT_LFSE_03(1.0),A,T,Y18-24,PC,ED0-2,IE,2009,19.2,,
dataflow,ESTAT:EDAT_LFSE_03(1.0),A,T,Y18-24,PC,ED0-2,IE,2010,20.8,,
dataflow,ESTAT:EDAT_LFSE_03(1.0),A,T,Y18-24,PC,ED0-2,IE,2011,20.5,,
dataflow,ESTAT:EDAT_LFSE_03(1.0),A,T,Y18-24,PC,ED0-2,IE,2012,19.2,,
dataflow,ESTAT:EDAT_LFSE_03(1.0),A,T,Y18-24,PC,ED0-2,IE,2013,19.0,,
dataflow,ESTAT:EDAT_LFSE_03(1.0),A,T,Y18-24,PC,ED0-2,IE,2014,17.7,b,
dataflow,ESTAT:EDAT_LFSE_03(1.0),A,T,Y18-24,PC,ED0-2,IE,2015,18.0,,
dataflow,ESTAT:EDAT_LFSE_03(1.0),A,T,Y18-24,PC,ED0-2,IE,2016,17.5,,
dataflow,ESTAT:EDAT_LFSE_03(1.0),A,T,Y18-24,PC,ED0-2,IE,2017,14.9,b,
dataflow,ESTAT:EDAT_LFSE_03(1.0),A,T,Y18-24,PC,ED0-2,IE,2018,13.8,,
dataflow,ESTAT:EDAT_LFSE_03(1.0),A,T,Y18-24,PC,ED0-2,IE,2019,14.1,,
dataflow,ESTAT:EDAT_LFSE_03(1.0),A,T,Y18-24,PC,ED0-2,IE,2020,13.7,,
dataflow,ESTAT:EDAT_LFSE_03(1.0),A,T,Y18-24,PC,ED0-2,IE,2021,11.6,b,
dataflow,ESTAT:EDAT_LFSE_03(1.0),A,T,Y18-24,PC,ED0-2,IE,2022,13.0,,
dataflow,ESTAT:EDAT_LFSE_03(1.0),A,T,Y18-24,PC,ED0-2,IE,2023,13.0,,
dataflow,ESTAT:EDAT_LFSE_03(1.0),A,T,Y18-24,PC,ED0-2,IE,2024,12.3,,
dataflow,ESTAT:EDAT_LFSE_03(1.0),A,T,Y18-24,PC,ED0-2,IE,2025,13.8,,
dataflow,ESTAT:EDAT_LFSE_03(1.0),A,T,Y18-24,PC,ED0-2,IS,2000,66.4,,
dataflow,ESTAT:EDAT_LFSE_03(1.0),A,T,Y18-24,PC,ED0-2,IS,2001,66.8,,
dataflow,ESTAT:EDAT_LFSE_03(1.0),A,T,Y18-24,PC,ED0-2,IS,2002,64.6,,
dataflow,ESTAT:EDAT_LFSE_03(1.0),A,T,Y18-24,PC,ED0-2,IS,2003,62.1,b,
dataflow,ESTAT:EDAT_LFSE_03(1.0),A,T,Y18-24,PC,ED0-2,IS,2004,61.3,,
dataflow,ESTAT:EDAT_LFSE_03(1.0),A,T,Y18-24,PC,ED0-2,IS,2005,61.8,,
dataflow,ESTAT:EDAT_LFSE_03(1.0),A,T,Y18-24,PC,ED0-2,IS,2006,63.9,u,
dataflow,ESTAT:EDAT_LFSE_03(1.0),A,T,Y18-24,PC,ED0-2,IS,2007,61.2,,
dataflow,ESTAT:EDAT_LFSE_03(1.0),A,T,Y18-24,PC,ED0-2,IS,2008,60.8,,
dataflow,ESTAT:EDAT_LFSE_03(1.0),A,T,Y18-24,PC,ED0-2,IS,2009,60.6,,
dataflow,ESTAT:EDAT_LFSE_03(1.0),A,T,Y18-24,PC,ED0-2,IS,2010,60.5,,
dataflow,ESTAT:EDAT_LFSE_03(1.0),A,T,Y18-24,PC,ED0-2,IS,2011,57.8,,
dataflow,ESTAT:EDAT_LFSE_03(1.0),A,T,Y18-24,PC,ED0-2,IS,2012,56.8,,
dataflow,ESTAT:EDAT_LFSE_03(1.0),A,T,Y18-24,PC,ED0-2,IS,2013,55.3,,
dataflow,ESTAT:EDAT_LFSE_03(1.0),A,T,Y18-24,PC,ED0-2,IS,2014,52.5,b,
dataflow,ESTAT:EDAT_LFSE_03(1.0),A,T,Y18-24,PC,ED0-2,IS,2015,53.7,,
dataflow,ESTAT:EDAT_LFSE_03(1.0),A,T,Y18-24,PC,ED0-2,IS,2016,50.2,,
dataflow,ESTAT:EDAT_LFSE_03(1.0),A,T,Y18-24,PC,ED0-2,IS,2017,49.3,,
dataflow,ESTAT:EDAT_LFSE_03(1.0),A,T,Y18-24,PC,ED0-2,IS,2018,50.3,,
dataflow,ESTAT:EDAT_LFSE_03(1.0),A,T,Y18-24,PC,ED0-2,IS,2019,45.7,,
dataflow,ESTAT:EDAT_LFSE_03(1.0),A,T,Y18-24,PC,ED0-2,IS,2020,43.0,b,
dataflow,ESTAT:EDAT_LFSE_03(1.0),A,T,Y18-24,PC,ED0-2,IS,2021,45.1,b,
dataflow,ESTAT:EDAT_LFSE_03(1.0),A,T,Y18-24,PC,ED0-2,IS,2022,44.7,,
dataflow,ESTAT:EDAT_LFSE_03(1.0),A,T,Y18-24,PC,ED0-2,IS,2023,38.6,,
dataflow,ESTAT:EDAT_LFSE_03(1.0),A,T,Y18-24,PC,ED0-2,IS,2024,41.4,,
dataflow,ESTAT:EDAT_LFSE_03(1.0),A,T,Y18-24,PC,ED0-2,IS,2025,44.2,,
dataflow,ESTAT:EDAT_LFSE_03(1.0),A,T,Y18-24,PC,ED0-2,IT,2000,40.3,,
dataflow,ESTAT:EDAT_LFSE_03(1.0),A,T,Y18-24,PC,ED0-2,IT,2001,42.2,,
dataflow,ESTAT:EDAT_LFSE_03(1.0),A,T,Y18-24,PC,ED0-2,IT,2002,40.2,,
dataflow,ESTAT:EDAT_LFSE_03(1.0),A,T,Y18-24,PC,ED0-2,IT,2003,38.2,,
dataflow,ESTAT:EDAT_LFSE_03(1.0),A,T,Y18-24,PC,ED0-2,IT,2004,37.2,b,
dataflow,ESTAT:EDAT_LFSE_03(1.0),A,T,Y18-24,PC,ED0-2,IT,2005,37.0,,
dataflow,ESTAT:EDAT_LFSE_03(1.0),A,T,Y18-24,PC,ED0-2,IT,2006,35.6,,
dataflow,ESTAT:EDAT_LFSE_03(1.0),A,T,Y18-24,PC,ED0-2,IT,2007,35.0,,
dataflow,ESTAT:EDAT_LFSE_03(1.0),A,T,Y18-24,PC,ED0-2,IT,2008,35.4,,
dataflow,ESTAT:EDAT_LFSE_03(1.0),A,T,Y18-24,PC,ED0-2,IT,2009,36.2,,
dataflow,ESTAT:EDAT_LFSE_03(1.0),A,T,Y18-24,PC,ED0-2,IT,2010,35.7,,
dataflow,ESTAT:EDAT_LFSE_03(1.0),A,T,Y18-24,PC,ED0-2,IT,2011,35.4,,
dataflow,ESTAT:EDAT_LFSE_03(1.0),A,T,Y18-24,PC,ED0-2,IT,2012,34.0,,
dataflow,ESTAT:EDAT_LFSE_03(1.0),A,T,Y18-24,PC,ED0-2,IT,2013,33.6,,
dataflow,ESTAT:EDAT_LFSE_03(1.0),A,T,Y18-24,PC,ED0-2,IT,2014,32.1,b,
dataflow,ESTAT:EDAT_LFSE_03(1.0),A,T,Y18-24,PC,ED0-2,IT,2015,32.4,,
dataflow,ESTAT:EDAT_LFSE_03(1.0),A,T,Y18-24,PC,ED0-2,IT,2016,31.7,,
dataflow,ESTAT:EDAT_LFSE_03(1.0),A,T,Y18-24,PC,ED0-2,IT,2017,30.8,,
dataflow,ESTAT:EDAT_LFSE_03(1.0),A,T,Y18-24,PC,ED0-2,IT,2018,31.5,b,
dataflow,ESTAT:EDAT_LFSE_03(1.0),A,T,Y18-24,PC,ED0-2,IT,2019,30.6,,
dataflow,ESTAT:EDAT_LFSE_03(1.0),A,T,Y18-24,PC,ED0-2,IT,2020,30.8,,
dataflow,ESTAT:EDAT_LFSE_03(1.0),A,T,Y18-24,PC,ED0-2,IT,2021,29.2,b,
dataflow,ESTAT:EDAT_LFSE_03(1.0),A,T,Y18-24,PC,ED0-2,IT,2022,27.8,,
dataflow,ESTAT:EDAT_LFSE_03(1.0),A,T,Y18-24,PC,ED0-2,IT,2023,27.2,,
dataflow,ESTAT:EDAT_LFSE_03(1.0),A,T,Y18-24,PC,ED0-2,IT,2024,27.3,,
dataflow,ESTAT:EDAT_LFSE_03(1.0),A,T,Y18-24,PC,ED0-2,IT,2025,27.8,,
dataflow,ESTAT:EDAT_LFSE_03(1.0),A,T,Y18-24,PC,ED0-2,LT,2000,29.3,,
dataflow,ESTAT:EDAT_LFSE_03(1.0),A,T,Y18-24,PC,ED0-2,LT,2001,30.2,,
dataflow,ESTAT:EDAT_LFSE_03(1.0),A,T,Y18-24,PC,ED0-2,LT,2002,30.0,b,
dataflow,ESTAT:EDAT_LFSE_03(1.0),A,T,Y18-24,PC,ED0-2,LT,2003,30.0,,
dataflow,ESTAT:EDAT_LFSE_03(1.0),A,T,Y18-24,PC,ED0-2,LT,2004,28.8,,
dataflow,ESTAT:EDAT_LFSE_03(1.0),A,T,Y18-24,PC,ED0-2,LT,2005,27.0,,
dataflow,ESTAT:EDAT_LFSE_03(1.0),A,T,Y18-24,PC,ED0-2,LT,2006,28.0,,
dataflow,ESTAT:EDAT_LFSE_03(1.0),A,T,Y18-24,PC,ED0-2,LT,2007,26.1,,
dataflow,ESTAT:EDAT_LFSE_03(1.0),A,T,Y18-24,PC,ED0-2,LT,2008,26.5,,
dataflow,ESTAT:EDAT_LFSE_03(1.0),A,T,Y18-24,PC,ED0-2,LT,2009,29.7,,
dataflow,ESTAT:EDAT_LFSE_03(1.0),A,T,Y18-24,PC,ED0-2,LT,2010,29.5,,
dataflow,ESTAT:EDAT_LFSE_03(1.0),A,T,Y18-24,PC,ED0-2,LT,2011,28.9,,
dataflow,ESTAT:EDAT_LFSE_03(1.0),A,T,Y18-24,PC,ED0-2,LT,2012,27.4,,
dataflow,ESTAT:EDAT_LFSE_03(1.0),A,T,Y18-24,PC,ED0-2,LT,2013,24.6,,
dataflow,ESTAT:EDAT_LFSE_03(1.0),A,T,Y18-24,PC,ED0-2,LT,2014,23.9,b,
dataflow,ESTAT:EDAT_LFSE_03(1.0),A,T,Y18-24,PC,ED0-2,LT,2015,23.1,,
dataflow,ESTAT:EDAT_LFSE_03(1.0),A,T,Y18-24,PC,ED0-2,LT,2016,23.8,,
dataflow,ESTAT:EDAT_LFSE_03(1.0),A,T,Y18-24,PC,ED0-2,LT,2017,25.6,,
dataflow,ESTAT:EDAT_LFSE_03(1.0),A,T,Y18-24,PC,ED0-2,LT,2018,25.0,,
dataflow,ESTAT:EDAT_LFSE_03(1.0),A,T,Y18-24,PC,ED0-2,LT,2019,24.0,,
dataflow,ESTAT:EDAT_LFSE_03(1.0),A,T,Y18-24,PC,ED0-2,LT,2020,25.1,,
dataflow,ESTAT:EDAT_LFSE_03(1.0),A,T,Y18-24,PC,ED0-2,LT,2021,21.5,b,
dataflow,ESTAT:EDAT_LFSE_03(1.0),A,T,Y18-24,PC,ED0-2,LT,2022,22.9,,
dataflow,ESTAT:EDAT_LFSE_03(1.0),A,T,Y18-24,PC,ED0-2,LT,2023,23.1,,
dataflow,ESTAT:EDAT_LFSE_03(1.0),A,T,Y18-24,PC,ED0-2,LT,2024,24.3,,
dataflow,ESTAT:EDAT_LFSE_03(1.0),A,T,Y18-24,PC,ED0-2,LT,2025,20.1,,
dataflow,ESTAT:EDAT_LFSE_03(1.0),A,T,Y18-24,PC,ED0-2,LU,2000,24.2,,
dataflow,ESTAT:EDAT_LFSE_03(1.0),A,T,Y18-24,PC,ED0-2,LU,2001,41.9,,
dataflow,ESTAT:EDAT_LFSE_03(1.0),A,T,Y18-24,PC,ED0-2,LU,2002,42.2,,
dataflow,ESTAT:EDAT_LFSE_03(1.0),A,T,Y18-24,PC,ED0-2,LU,2003,39.4,b,
dataflow,ESTAT:EDAT_LFSE_03(1.0),A,T,Y18-24,PC,ED0-2,LU,2004,41.0,,
dataflow,ESTAT:EDAT_LFSE_03(1.0),A,T,Y18-24,PC,ED0-2,LU,2005,44.5,,
dataflow,ESTAT:EDAT_LFSE_03(1.0),A,T,Y18-24,PC,ED0-2,LU,2006,46.3,,
dataflow,ESTAT:EDAT_LFSE_03(1.0),A,T,Y18-24,PC,ED0-2,LU,2007,43.3,b,
dataflow,ESTAT:EDAT_LFSE_03(1.0),A,T,Y18-24,PC,ED0-2,LU,2008,42.8,,
dataflow,ESTAT:EDAT_LFSE_03(1.0),A,T,Y18-24,PC,ED0-2,LU,2009,38.7,b,
dataflow,ESTAT:EDAT_LFSE_03(1.0),A,T,Y18-24,PC,ED0-2,LU,2010,43.5,,
dataflow,ESTAT:EDAT_LFSE_03(1.0),A,T,Y18-24,PC,ED0-2,LU,2011,41.2,,
dataflow,ESTAT:EDAT_LFSE_03(1.0),A,T,Y18-24,PC,ED0-2,LU,2012,42.6,,
dataflow,ESTAT:EDAT_LFSE_03(1.0),A,T,Y18-24,PC,ED0-2,LU,2013,38.8,,
dataflow,ESTAT:EDAT_LFSE_03(1.0),A,T,Y18-24,PC,ED0-2,LU,2014,40.9,b,
dataflow,ESTAT:EDAT_LFSE_03(1.0),A,T,Y18-24,PC,ED0-2,LU,2015,46.5,b,
dataflow,ESTAT:EDAT_LFSE_03(1.0),A,T,Y18-24,PC,ED0-2,LU,2016,33.5,,
dataflow,ESTAT:EDAT_LFSE_03(1.0),A,T,Y18-24,PC,ED0-2,LU,2017,34.5,,
dataflow,ESTAT:EDAT_LFSE_03(1.0),A,T,Y18-24,PC,ED0-2,LU,2018,29.7,,
dataflow,ESTAT:EDAT_LFSE_03(1.0),A,T,Y18-24,PC,ED0-2,LU,2019,31.1,,
dataflow,ESTAT:EDAT_LFSE_03(1.0),A,T,Y18-24,PC,ED0-2,LU,2020,36.5,,
dataflow,ESTAT:EDAT_LFSE_03(1.0),A,T,Y18-24,PC,ED0-2,LU,2021,32.3,b,
dataflow,ESTAT:EDAT_LFSE_03(1.0),A,T,Y18-24,PC,ED0-2,LU,2022,34.6,,
dataflow,ESTAT:EDAT_LFSE_03(1.0),A,T,Y18-24,PC,ED0-2,LU,2023,29.3,,
dataflow,ESTAT:EDAT_LFSE_03(1.0),A,T,Y18-24,PC,ED0-2,LU,2024,31.9,,
dataflow,ESTAT:EDAT_LFSE_03(1.0),A,T,Y18-24,PC,ED0-2,LU,2025,33.9,,
dataflow,ESTAT:EDAT_LFSE_03(1.0),A,T,Y18-24,PC,ED0-2,LV,2000,31.8,,
dataflow,ESTAT:EDAT_LFSE_03(1.0),A,T,Y18-24,PC,ED0-2,LV,2001,34.1,,
dataflow,ESTAT:EDAT_LFSE_03(1.0),A,T,Y18-24,PC,ED0-2,LV,2002,30.5,b,
dataflow,ESTAT:EDAT_LFSE_03(1.0),A,T,Y18-24,PC,ED0-2,LV,2003,33.4,,
dataflow,ESTAT:EDAT_LFSE_03(1.0),A,T,Y18-24,PC,ED0-2,LV,2004,34.3,,
dataflow,ESTAT:EDAT_LFSE_03(1.0),A,T,Y18-24,PC,ED0-2,LV,2005,35.5,,
dataflow,ESTAT:EDAT_LFSE_03(1.0),A,T,Y18-24,PC,ED0-2,LV,2006,34.8,,
dataflow,ESTAT:EDAT_LFSE_03(1.0),A,T,Y18-24,PC,ED0-2,LV,2007,34.2,,
dataflow,ESTAT:EDAT_LFSE_03(1.0),A,T,Y18-24,PC,ED0-2,LV,2008,34.5,,
dataflow,ESTAT:EDAT_LFSE_03(1.0),A,T,Y18-24,PC,ED0-2,LV,2009,33.9,,
dataflow,ESTAT:EDAT_LFSE_03(1.0),A,T,Y18-24,PC,ED0-2,LV,2010,33.0,,
dataflow,ESTAT:EDAT_LFSE_03(1.0),A,T,Y18-24,PC,ED0-2,LV,2011,32.7,,
dataflow,ESTAT:EDAT_LFSE_03(1.0),A,T,Y18-24,PC,ED0-2,LV,2012,28.7,,
dataflow,ESTAT:EDAT_LFSE_03(1.0),A,T,Y18-24,PC,ED0-2,LV,2013,27.2,,
dataflow,ESTAT:EDAT_LFSE_03(1.0),A,T,Y18-24,PC,ED0-2,LV,2014,27.7,b,
dataflow,ESTAT:EDAT_LFSE_03(1.0),A,T,Y18-24,PC,ED0-2,LV,2015,27.3,,
dataflow,ESTAT:EDAT_LFSE_03(1.0),A,T,Y18-24,PC,ED0-2,LV,2016,26.8,,
dataflow,ESTAT:EDAT_LFSE_03(1.0),A,T,Y18-24,PC,ED0-2,LV,2017,25.8,,
dataflow,ESTAT:EDAT_LFSE_03(1.0),A,T,Y18-24,PC,ED0-2,LV,2018,27.9,,
dataflow,ESTAT:EDAT_LFSE_03(1.0),A,T,Y18-24,PC,ED0-2,LV,2019,29.4,,
dataflow,ESTAT:EDAT_LFSE_03(1.0),A,T,Y18-24,PC,ED0-2,LV,2020,28.1,,
dataflow,ESTAT:EDAT_LFSE_03(1.0),A,T,Y18-24,PC,ED0-2,LV,2021,28.4,b,
dataflow,ESTAT:EDAT_LFSE_03(1.0),A,T,Y18-24,PC,ED0-2,LV,2022,28.5,,
dataflow,ESTAT:EDAT_LFSE_03(1.0),A,T,Y18-24,PC,ED0-2,LV,2023,28.8,,
dataflow,ESTAT:EDAT_LFSE_03(1.0),A,T,Y18-24,PC,ED0-2,LV,2024,30.6,,
dataflow,ESTAT:EDAT_LFSE_03(1.0),A,T,Y18-24,PC,ED0-2,LV,2025,31.5,,
dataflow,ESTAT:EDAT_LFSE_03(1.0),A,T,Y18-24,PC,ED0-2,ME,2011,16.9,,
dataflow,ESTAT:EDAT_LFSE_03(1.0),A,T,Y18-24,PC,ED0-2,ME,2012,17.8,,
dataflow,ESTAT:EDAT_LFSE_03(1.0),A,T,Y18-24,PC,ED0-2,ME,2013,17.2,,
dataflow,ESTAT:EDAT_LFSE_03(1.0),A,T,Y18-24,PC,ED0-2,ME,2014,17.4,b,
dataflow,ESTAT:EDAT_LFSE_03(1.0),A,T,Y18-24,PC,ED0-2,ME,2015,17.4,,
dataflow,ESTAT:EDAT_LFSE_03(1.0),A,T,Y18-24,PC,ED0-2,ME,2016,16.2,,
dataflow,ESTAT:EDAT_LFSE_03(1.0),A,T,Y18-24,PC,ED0-2,ME,2017,16.5,,
dataflow,ESTAT:EDAT_LFSE_03(1.0),A,T,Y18-24,PC,ED0-2,ME,2018,15.8,,
dataflow,ESTAT:EDAT_LFSE_03(1.0),A,T,Y18-24,PC,ED0-2,ME,2019,16.7,,
dataflow,ESTAT:EDAT_LFSE_03(1.0),A,T,Y18-24,PC,ED0-2,ME,2020,17.4,,
dataflow,ESTAT:EDAT_LFSE_03(1.0),A,T,Y18-24,PC,ED0-2,MK,2006,29.8,,
dataflow,ESTAT:EDAT_LFSE_03(1.0),A,T,Y18-24,PC,ED0-2,MK,2007,27.2,,
dataflow,ESTAT:EDAT_LFSE_03(1.0),A,T,Y18-24,PC,ED0-2,MK,2008,28.0,,
dataflow,ESTAT:EDAT_LFSE_03(1.0),A,T,Y18-24,PC,ED0-2,MK,2009,25.9,,
dataflow,ESTAT:EDAT_LFSE_03(1.0),A,T,Y18-24,PC,ED0-2,MK,2010,24.4,,
dataflow,ESTAT:EDAT_LFSE_03(1.0),A,T,Y18-24,PC,ED0-2,MK,2011,22.7,,
dataflow,ESTAT:EDAT_LFSE_03(1.0),A,T,Y18-24,PC,ED0-2,MK,2012,21.2,,
dataflow,ESTAT:EDAT_LFSE_03(1.0),A,T,Y18-24,PC,ED0-2,MK,2013,21.2,,
dataflow,ESTAT:EDAT_LFSE_03(1.0),A,T,Y18-24,PC,ED0-2,MK,2014,22.2,b,
dataflow,ESTAT:EDAT_LFSE_03(1.0),A,T,Y18-24,PC,ED0-2,MK,2015,20.4,,
dataflow,ESTAT:EDAT_LFSE_03(1.0),A,T,Y18-24,PC,ED0-2,MK,2016,18.9,,
dataflow,ESTAT:EDAT_LFSE_03(1.0),A,T,Y18-24,PC,ED0-2,MK,2017,16.8,,
dataflow,ESTAT:EDAT_LFSE_03(1.0),A,T,Y18-24,PC,ED0-2,MK,2018,16.3,,
dataflow,ESTAT:EDAT_LFSE_03(1.0),A,T,Y18-24,PC,ED0-2,MK,2019,17.0,,
dataflow,ESTAT:EDAT_LFSE_03(1.0),A,T,Y18-24,PC,ED0-2,MK,2020,16.8,,
dataflow,ESTAT:EDAT_LFSE_03(1.0),A,T,Y18-24,PC,ED0-2,MK,2021,20.3,b,
dataflow,ESTAT:EDAT_LFSE_03(1.0),A,T,Y18-24,PC,ED0-2,MK,2022,20.6,,
dataflow,ESTAT:EDAT_LFSE_03(1.0),A,T,Y18-24,PC,ED0-2,MK,2023,23.1,,
dataflow,ESTAT:EDAT_LFSE_03(1.0),A,T,Y18-24,PC,ED0-2,MK,2024,21.8,,
dataflow,ESTAT:EDAT_LFSE_03(1.0),A,T,Y18-24,PC,ED0-2,MK,2025,23.6,,
dataflow,ESTAT:EDAT_LFSE_03(1.0),A,T,Y18-24,PC,ED0-2,MT,2000,61.7,d,
dataflow,ESTAT:EDAT_LFSE_03(1.0),A,T,Y18-24,PC,ED0-2,MT,2001,61.7,d,
dataflow,ESTAT:EDAT_LFSE_03(1.0),A,T,Y18-24,PC,ED0-2,MT,2002,62.7,d,
dataflow,ESTAT:EDAT_LFSE_03(1.0),A,T,Y18-24,PC,ED0-2,MT,2003,59.9,d,
dataflow,ESTAT:EDAT_LFSE_03(1.0),A,T,Y18-24,PC,ED0-2,MT,2004,51.0,d,
dataflow,ESTAT:EDAT_LFSE_03(1.0),A,T,Y18-24,PC,ED0-2,MT,2005,40.6,b,
dataflow,ESTAT:EDAT_LFSE_03(1.0),A,T,Y18-24,PC,ED0-2,MT,2006,39.6,,
dataflow,ESTAT:EDAT_LFSE_03(1.0),A,T,Y18-24,PC,ED0-2,MT,2007,33.1,,
dataflow,ESTAT:EDAT_LFSE_03(1.0),A,T,Y18-24,PC,ED0-2,MT,2008,31.6,,
dataflow,ESTAT:EDAT_LFSE_03(1.0),A,T,Y18-24,PC,ED0-2,MT,2009,29.3,,
dataflow,ESTAT:EDAT_LFSE_03(1.0),A,T,Y18-24,PC,ED0-2,MT,2010,23.4,,
dataflow,ESTAT:EDAT_LFSE_03(1.0),A,T,Y18-24,PC,ED0-2,MT,2011,21.1,b,
dataflow,ESTAT:EDAT_LFSE_03(1.0),A,T,Y18-24,PC,ED0-2,MT,2012,20.3,,
dataflow,ESTAT:EDAT_LFSE_03(1.0),A,T,Y18-24,PC,ED0-2,MT,2013,18.9,,
dataflow,ESTAT:EDAT_LFSE_03(1.0),A,T,Y18-24,PC,ED0-2,MT,2014,19.9,b,
dataflow,ESTAT:EDAT_LFSE_03(1.0),A,T,Y18-24,PC,ED0-2,MT,2015,18.7,,
dataflow,ESTAT:EDAT_LFSE_03(1.0),A,T,Y18-24,PC,ED0-2,MT,2016,17.9,,
dataflow,ESTAT:EDAT_LFSE_03(1.0),A,T,Y18-24,PC,ED0-2,MT,2017,16.7,,
dataflow,ESTAT:EDAT_LFSE_03(1.0),A,T,Y18-24,PC,ED0-2,MT,2018,16.8,,
dataflow,ESTAT:EDAT_LFSE_03(1.0),A,T,Y18-24,PC,ED0-2,MT,2019,16.9,,
dataflow,ESTAT:EDAT_LFSE_03(1.0),A,T,Y18-24,PC,ED0-2,MT,2020,14.1,,
dataflow,ESTAT:EDAT_LFSE_03(1.0),A,T,Y18-24,PC,ED0-2,MT,2021,11.4,b,
dataflow,ESTAT:EDAT_LFSE_03(1.0),A,T,Y18-24,PC,ED0-2,MT,2022,11.1,,
dataflow,ESTAT:EDAT_LFSE_03(1.0),A,T,Y18-24,PC,ED0-2,MT,2023,11.7,,
dataflow,ESTAT:EDAT_LFSE_03(1.0),A,T,Y18-24,PC,ED0-2,MT,2024,11.7,,
dataflow,ESTAT:EDAT_LFSE_03(1.0),A,T,Y18-24,PC,ED0-2,MT,2025,10.7,,
dataflow,ESTAT:EDAT_LFSE_03(1.0),A,T,Y18-24,PC,ED0-2,NL,2000,38.0,,
dataflow,ESTAT:EDAT_LFSE_03(1.0),A,T,Y18-24,PC,ED0-2,NL,2001,37.8,,
dataflow,ESTAT:EDAT_LFSE_03(1.0),A,T,Y18-24,PC,ED0-2,NL,2002,37.8,,
dataflow,ESTAT:EDAT_LFSE_03(1.0),A,T,Y18-24,PC,ED0-2,NL,2003,34.8,,
dataflow,ESTAT:EDAT_LFSE_03(1.0),A,T,Y18-24,PC,ED0-2,NL,2004,34.4,,
dataflow,ESTAT:EDAT_LFSE_03(1.0),A,T,Y18-24,PC,ED0-2,NL,2005,34.8,b,
dataflow,ESTAT:EDAT_LFSE_03(1.0),A,T,Y18-24,PC,ED0-2,NL,2006,34.5,,
dataflow,ESTAT:EDAT_LFSE_03(1.0),A,T,Y18-24,PC,ED0-2,NL,2007,33.5,,
dataflow,ESTAT:EDAT_LFSE_03(1.0),A,T,Y18-24,PC,ED0-2,NL,2008,32.9,,
dataflow,ESTAT:EDAT_LFSE_03(1.0),A,T,Y18-24,PC,ED0-2,NL,2009,33.0,,
dataflow,ESTAT:EDAT_LFSE_03(1.0),A,T,Y18-24,PC,ED0-2,NL,2010,32.1,,
dataflow,ESTAT:EDAT_LFSE_03(1.0),A,T,Y18-24,PC,ED0-2,NL,2011,31.2,,
dataflow,ESTAT:EDAT_LFSE_03(1.0),A,T,Y18-24,PC,ED0-2,NL,2012,30.4,,
dataflow,ESTAT:EDAT_LFSE_03(1.0),A,T,Y18-24,PC,ED0-2,NL,2013,31.6,b,
dataflow,ESTAT:EDAT_LFSE_03(1.0),A,T,Y18-24,PC,ED0-2,NL,2014,30.5,b,
dataflow,ESTAT:EDAT_LFSE_03(1.0),A,T,Y18-24,PC,ED0-2,NL,2015,29.5,,
dataflow,ESTAT:EDAT_LFSE_03(1.0),A,T,Y18-24,PC,ED0-2,NL,2016,29.7,,
dataflow,ESTAT:EDAT_LFSE_03(1.0),A,T,Y18-24,PC,ED0-2,NL,2017,27.9,,
dataflow,ESTAT:EDAT_LFSE_03(1.0),A,T,Y18-24,PC,ED0-2,NL,2018,27.5,,
dataflow,ESTAT:EDAT_LFSE_03(1.0),A,T,Y18-24,PC,ED0-2,NL,2019,27.6,b,
dataflow,ESTAT:EDAT_LFSE_03(1.0),A,T,Y18-24,PC,ED0-2,NL,2020,26.0,,
dataflow,ESTAT:EDAT_LFSE_03(1.0),A,T,Y18-24,PC,ED0-2,NL,2021,21.2,b,
dataflow,ESTAT:EDAT_LFSE_03(1.0),A,T,Y18-24,PC,ED0-2,NL,2022,21.6,,
dataflow,ESTAT:EDAT_LFSE_03(1.0),A,T,Y18-24,PC,ED0-2,NL,2023,22.7,,
dataflow,ESTAT:EDAT_LFSE_03(1.0),A,T,Y18-24,PC,ED0-2,NL,2024,23.7,,
dataflow,ESTAT:EDAT_LFSE_03(1.0),A,T,Y18-24,PC,ED0-2,NL,2025,23.3,,
dataflow,ESTAT:EDAT_LFSE_03(1.0),A,T,Y18-24,PC,ED0-2,NO,2000,15.9,,
dataflow,ESTAT:EDAT_LFSE_03(1.0),A,T,Y18-24,PC,ED0-2,NO,2001,12.1,,
dataflow,ESTAT:EDAT_LFSE_03(1.0),A,T,Y18-24,PC,ED0-2,NO,2002,17.3,,
dataflow,ESTAT:EDAT_LFSE_03(1.0),A,T,Y18-24,PC,ED0-2,NO,2003,17.8,,
dataflow,ESTAT:EDAT_LFSE_03(1.0),A,T,Y18-24,PC,ED0-2,NO,2004,17.5,,
dataflow,ESTAT:EDAT_LFSE_03(1.0),A,T,Y18-24,PC,ED0-2,NO,2005,17.7,,
dataflow,ESTAT:EDAT_LFSE_03(1.0),A,T,Y18-24,PC,ED0-2,NO,2006,45.7,b,
dataflow,ESTAT:EDAT_LFSE_03(1.0),A,T,Y18-24,PC,ED0-2,NO,2007,46.0,,
dataflow,ESTAT:EDAT_LFSE_03(1.0),A,T,Y18-24,PC,ED0-2,NO,2008,45.6,,
dataflow,ESTAT:EDAT_LFSE_03(1.0),A,T,Y18-24,PC,ED0-2,NO,2009,44.3,,
dataflow,ESTAT:EDAT_LFSE_03(1.0),A,T,Y18-24,PC,ED0-2,NO,2010,43.2,,
dataflow,ESTAT:EDAT_LFSE_03(1.0),A,T,Y18-24,PC,ED0-2,NO,2011,43.3,,
dataflow,ESTAT:EDAT_LFSE_03(1.0),A,T,Y18-24,PC,ED0-2,NO,2012,42.1,,
dataflow,ESTAT:EDAT_LFSE_03(1.0),A,T,Y18-24,PC,ED0-2,NO,2013,39.1,,
dataflow,ESTAT:EDAT_LFSE_03(1.0),A,T,Y18-24,PC,ED0-2,NO,2014,35.1,b,
dataflow,ESTAT:EDAT_LFSE_03(1.0),A,T,Y18-24,PC,ED0-2,NO,2015,33.9,,
dataflow,ESTAT:EDAT_LFSE_03(1.0),A,T,Y18-24,PC,ED0-2,NO,2016,36.5,,
dataflow,ESTAT:EDAT_LFSE_03(1.0),A,T,Y18-24,PC,ED0-2,NO,2017,36.6,,
dataflow,ESTAT:EDAT_LFSE_03(1.0),A,T,Y18-24,PC,ED0-2,NO,2018,34.8,,
dataflow,ESTAT:EDAT_LFSE_03(1.0),A,T,Y18-24,PC,ED0-2,NO,2019,34.9,,
dataflow,ESTAT:EDAT_LFSE_03(1.0),A,T,Y18-24,PC,ED0-2,NO,2020,34.6,,
dataflow,ESTAT:EDAT_LFSE_03(1.0),A,T,Y18-24,PC,ED0-2,NO,2021,31.7,b,
dataflow,ESTAT:EDAT_LFSE_03(1.0),A,T,Y18-24,PC,ED0-2,NO,2022,17.7,,
dataflow,ESTAT:EDAT_LFSE_03(1.0),A,T,Y18-24,PC,ED0-2,NO,2023,18.4,,
dataflow,ESTAT:EDAT_LFSE_03(1.0),A,T,Y18-24,PC,ED0-2,NO,2024,17.3,,
dataflow,ESTAT:EDAT_LFSE_03(1.0),A,T,Y18-24,PC,ED0-2,NO,2025,17.1,,
dataflow,ESTAT:EDAT_LFSE_03(1.0),A,T,Y18-24,PC,ED0-2,PL,2000,27.3,b,
dataflow,ESTAT:EDAT_LFSE_03(1.0),A,T,Y18-24,PC,ED0-2,PL,2001,24.7,,
dataflow,ESTAT:EDAT_LFSE_03(1.0),A,T,Y18-24,PC,ED0-2,PL,2002,25.2,,
dataflow,ESTAT:EDAT_LFSE_03(1.0),A,T,Y18-24,PC,ED0-2,PL,2003,24.2,b,
dataflow,ESTAT:EDAT_LFSE_03(1.0),A,T,Y18-24,PC,ED0-2,PL,2004,24.4,,
dataflow,ESTAT:EDAT_LFSE_03(1.0),A,T,Y18-24,PC,ED0-2,PL,2005,24.4,,
dataflow,ESTAT:EDAT_LFSE_03(1.0),A,T,Y18-24,PC,ED0-2,PL,2006,23.7,,
dataflow,ESTAT:EDAT_LFSE_03(1.0),A,T,Y18-24,PC,ED0-2,PL,2007,23.8,,
dataflow,ESTAT:EDAT_LFSE_03(1.0),A,T,Y18-24,PC,ED0-2,PL,2008,24.8,,
dataflow,ESTAT:EDAT_LFSE_03(1.0),A,T,Y18-24,PC,ED0-2,PL,2009,25.0,,
dataflow,ESTAT:EDAT_LFSE_03(1.0),A,T,Y18-24,PC,ED0-2,PL,2010,24.9,b,
dataflow,ESTAT:EDAT_LFSE_03(1.0),A,T,Y18-24,PC,ED0-2,PL,2011,25.7,,
dataflow,ESTAT:EDAT_LFSE_03(1.0),A,T,Y18-24,PC,ED0-2,PL,2012,25.7,,
dataflow,ESTAT:EDAT_LFSE_03(1.0),A,T,Y18-24,PC,ED0-2,PL,2013,25.9,,
dataflow,ESTAT:EDAT_LFSE_03(1.0),A,T,Y18-24,PC,ED0-2,PL,2014,25.5,b,
dataflow,ESTAT:EDAT_LFSE_03(1.0),A,T,Y18-24,PC,ED0-2,PL,2015,25.6,,
dataflow,ESTAT:EDAT_LFSE_03(1.0),A,T,Y18-24,PC,ED0-2,PL,2016,25.3,,
dataflow,ESTAT:EDAT_LFSE_03(1.0),A,T,Y18-24,PC,ED0-2,PL,2017,26.0,,
dataflow,ESTAT:EDAT_LFSE_03(1.0),A,T,Y18-24,PC,ED0-2,PL,2018,25.9,,
dataflow,ESTAT:EDAT_LFSE_03(1.0),A,T,Y18-24,PC,ED0-2,PL,2019,26.5,b,
dataflow,ESTAT:EDAT_LFSE_03(1.0),A,T,Y18-24,PC,ED0-2,PL,2020,28.1,,
dataflow,ESTAT:EDAT_LFSE_03(1.0),A,T,Y18-24,PC,ED0-2,PL,2021,27.5,b,
dataflow,ESTAT:EDAT_LFSE_03(1.0),A,T,Y18-24,PC,ED0-2,PL,2022,26.8,,
dataflow,ESTAT:EDAT_LFSE_03(1.0),A,T,Y18-24,PC,ED0-2,PL,2023,23.8,,
dataflow,ESTAT:EDAT_LFSE_03(1.0),A,T,Y18-24,PC,ED0-2,PL,2024,23.5,,
dataflow,ESTAT:EDAT_LFSE_03(1.0),A,T,Y18-24,PC,ED0-2,PL,2025,25.3,,
dataflow,ESTAT:EDAT_LFSE_03(1.0),A,T,Y18-24,PC,ED0-2,PT,2000,62.6,,
dataflow,ESTAT:EDAT_LFSE_03(1.0),A,T,Y18-24,PC,ED0-2,PT,2001,61.2,,
dataflow,ESTAT:EDAT_LFSE_03(1.0),A,T,Y18-24,PC,ED0-2,PT,2002,61.4,,
dataflow,ESTAT:EDAT_LFSE_03(1.0),A,T,Y18-24,PC,ED0-2,PT,2003,58.2,,
dataflow,ESTAT:EDAT_LFSE_03(1.0),A,T,Y18-24,PC,ED0-2,PT,2004,56.2,b,
dataflow,ESTAT:EDAT_LFSE_03(1.0),A,T,Y18-24,PC,ED0-2,PT,2005,56.2,,
dataflow,ESTAT:EDAT_LFSE_03(1.0),A,T,Y18-24,PC,ED0-2,PT,2006,55.7,,
dataflow,ESTAT:EDAT_LFSE_03(1.0),A,T,Y18-24,PC,ED0-2,PT,2007,51.9,,
dataflow,ESTAT:EDAT_LFSE_03(1.0),A,T,Y18-24,PC,ED0-2,PT,2008,51.2,,
dataflow,ESTAT:EDAT_LFSE_03(1.0),A,T,Y18-24,PC,ED0-2,PT,2009,49.9,,
dataflow,ESTAT:EDAT_LFSE_03(1.0),A,T,Y18-24,PC,ED0-2,PT,2010,47.3,,
dataflow,ESTAT:EDAT_LFSE_03(1.0),A,T,Y18-24,PC,ED0-2,PT,2011,41.5,b,
dataflow,ESTAT:EDAT_LFSE_03(1.0),A,T,Y18-24,PC,ED0-2,PT,2012,38.6,,
dataflow,ESTAT:EDAT_LFSE_03(1.0),A,T,Y18-24,PC,ED0-2,PT,2013,36.6,,
dataflow,ESTAT:EDAT_LFSE_03(1.0),A,T,Y18-24,PC,ED0-2,PT,2014,35.2,b,
dataflow,ESTAT:EDAT_LFSE_03(1.0),A,T,Y18-24,PC,ED0-2,PT,2015,31.0,,
dataflow,ESTAT:EDAT_LFSE_03(1.0),A,T,Y18-24,PC,ED0-2,PT,2016,30.9,,
dataflow,ESTAT:EDAT_LFSE_03(1.0),A,T,Y18-24,PC,ED0-2,PT,2017,28.4,,
dataflow,ESTAT:EDAT_LFSE_03(1.0),A,T,Y18-24,PC,ED0-2,PT,2018,26.3,,
dataflow,ESTAT:EDAT_LFSE_03(1.0),A,T,Y18-24,PC,ED0-2,PT,2019,24.3,,
dataflow,ESTAT:EDAT_LFSE_03(1.0),A,T,Y18-24,PC,ED0-2,PT,2020,22.0,,
dataflow,ESTAT:EDAT_LFSE_03(1.0),A,T,Y18-24,PC,ED0-2,PT,2021,17.3,b,
dataflow,ESTAT:EDAT_LFSE_03(1.0),A,T,Y18-24,PC,ED0-2,PT,2022,17.5,,
dataflow,ESTAT:EDAT_LFSE_03(1.0),A,T,Y18-24,PC,ED0-2,PT,2023,18.4,,
dataflow,ESTAT:EDAT_LFSE_03(1.0),A,T,Y18-24,PC,ED0-2,PT,2024,16.3,,
dataflow,ESTAT:EDAT_LFSE_03(1.0),A,T,Y18-24,PC,ED0-2,PT,2025,16.0,,
dataflow,ESTAT:EDAT_LFSE_03(1.0),A,T,Y18-24,PC,ED0-2,RO,2000,32.4,,
dataflow,ESTAT:EDAT_LFSE_03(1.0),A,T,Y18-24,PC,ED0-2,RO,2001,31.5,,
dataflow,ESTAT:EDAT_LFSE_03(1.0),A,T,Y18-24,PC,ED0-2,RO,2002,33.0,,
dataflow,ESTAT:EDAT_LFSE_03(1.0),A,T,Y18-24,PC,ED0-2,RO,2003,36.0,b,
dataflow,ESTAT:EDAT_LFSE_03(1.0),A,T,Y18-24,PC,ED0-2,RO,2004,35.0,,
dataflow,ESTAT:EDAT_LFSE_03(1.0),A,T,Y18-24,PC,ED0-2,RO,2005,36.5,,
dataflow,ESTAT:EDAT_LFSE_03(1.0),A,T,Y18-24,PC,ED0-2,RO,2006,36.0,,
dataflow,ESTAT:EDAT_LFSE_03(1.0),A,T,Y18-24,PC,ED0-2,RO,2007,35.2,,
dataflow,ESTAT:EDAT_LFSE_03(1.0),A,T,Y18-24,PC,ED0-2,RO,2008,34.7,,
dataflow,ESTAT:EDAT_LFSE_03(1.0),A,T,Y18-24,PC,ED0-2,RO,2009,32.2,,
dataflow,ESTAT:EDAT_LFSE_03(1.0),A,T,Y18-24,PC,ED0-2,RO,2010,33.0,b,
dataflow,ESTAT:EDAT_LFSE_03(1.0),A,T,Y18-24,PC,ED0-2,RO,2011,32.1,,
dataflow,ESTAT:EDAT_LFSE_03(1.0),A,T,Y18-24,PC,ED0-2,RO,2012,32.7,,
dataflow,ESTAT:EDAT_LFSE_03(1.0),A,T,Y18-24,PC,ED0-2,RO,2013,32.8,,
dataflow,ESTAT:EDAT_LFSE_03(1.0),A,T,Y18-24,PC,ED0-2,RO,2014,31.7,b,
dataflow,ESTAT:EDAT_LFSE_03(1.0),A,T,Y18-24,PC,ED0-2,RO,2015,31.4,,
dataflow,ESTAT:EDAT_LFSE_03(1.0),A,T,Y18-24,PC,ED0-2,RO,2016,32.6,,
dataflow,ESTAT:EDAT_LFSE_03(1.0),A,T,Y18-24,PC,ED0-2,RO,2017,32.5,,
dataflow,ESTAT:EDAT_LFSE_03(1.0),A,T,Y18-24,PC,ED0-2,RO,2018,30.7,,
dataflow,ESTAT:EDAT_LFSE_03(1.0),A,T,Y18-24,PC,ED0-2,RO,2019,26.2,,
dataflow,ESTAT:EDAT_LFSE_03(1.0),A,T,Y18-24,PC,ED0-2,RO,2020,25.1,,
dataflow,ESTAT:EDAT_LFSE_03(1.0),A,T,Y18-24,PC,ED0-2,RO,2021,17.2,b,
dataflow,ESTAT:EDAT_LFSE_03(1.0),A,T,Y18-24,PC,ED0-2,RO,2022,16.9,,
dataflow,ESTAT:EDAT_LFSE_03(1.0),A,T,Y18-24,PC,ED0-2,RO,2023,18.2,,
dataflow,ESTAT:EDAT_LFSE_03(1.0),A,T,Y18-24,PC,ED0-2,RO,2024,18.5,,
dataflow,ESTAT:EDAT_LFSE_03(1.0),A,T,Y18-24,PC,ED0-2,RO,2025,16.8,,
dataflow,ESTAT:EDAT_LFSE_03(1.0),A,T,Y18-24,PC,ED0-2,RS,2010,25.1,,
dataflow,ESTAT:EDAT_LFSE_03(1.0),A,T,Y18-24,PC,ED0-2,RS,2011,23.4,,
dataflow,ESTAT:EDAT_LFSE_03(1.0),A,T,Y18-24,PC,ED0-2,RS,2012,22.9,,
dataflow,ESTAT:EDAT_LFSE_03(1.0),A,T,Y18-24,PC,ED0-2,RS,2013,21.7,,
dataflow,ESTAT:EDAT_LFSE_03(1.0),A,T,Y18-24,PC,ED0-2,RS,2014,20.2,b,
dataflow,ESTAT:EDAT_LFSE_03(1.0),A,T,Y18-24,PC,ED0-2,RS,2015,19.5,,
dataflow,ESTAT:EDAT_LFSE_03(1.0),A,T,Y18-24,PC,ED0-2,RS,2016,17.4,,
dataflow,ESTAT:EDAT_LFSE_03(1.0),A,T,Y18-24,PC,ED0-2,RS,2017,15.9,,
dataflow,ESTAT:EDAT_LFSE_03(1.0),A,T,Y18-24,PC,ED0-2,RS,2018,17.0,,
dataflow,ESTAT:EDAT_LFSE_03(1.0),A,T,Y18-24,PC,ED0-2,RS,2019,16.6,,
dataflow,ESTAT:EDAT_LFSE_03(1.0),A,T,Y18-24,PC,ED0-2,RS,2020,16.0,,
dataflow,ESTAT:EDAT_LFSE_03(1.0),A,T,Y18-24,PC,ED0-2,RS,2021,17.9,b,
dataflow,ESTAT:EDAT_LFSE_03(1.0),A,T,Y18-24,PC,ED0-2,RS,2022,16.8,,
dataflow,ESTAT:EDAT_LFSE_03(1.0),A,T,Y18-24,PC,ED0-2,RS,2023,16.4,,
dataflow,ESTAT:EDAT_LFSE_03(1.0),A,T,Y18-24,PC,ED0-2,RS,2024,16.5,,
dataflow,ESTAT:EDAT_LFSE_03(1.0),A,T,Y18-24,PC,ED0-2,RS,2025,15.2,,
dataflow,ESTAT:EDAT_LFSE_03(1.0),A,T,Y18-24,PC,ED0-2,SE,2000,31.5,,
dataflow,ESTAT:EDAT_LFSE_03(1.0),A,T,Y18-24,PC,ED0-2,SE,2001,32.7,b,
dataflow,ESTAT:EDAT_LFSE_03(1.0),A,T,Y18-24,PC,ED0-2,SE,2002,31.6,,
dataflow,ESTAT:EDAT_LFSE_03(1.0),A,T,Y18-24,PC,ED0-2,SE,2003,33.7,,
dataflow,ESTAT:EDAT_LFSE_03(1.0),A,T,Y18-24,PC,ED0-2,SE,2004,33.2,,
dataflow,ESTAT:EDAT_LFSE_03(1.0),A,T,Y18-24,PC,ED0-2,SE,2005,33.9,b,
dataflow,ESTAT:EDAT_LFSE_03(1.0),A,T,Y18-24,PC,ED0-2,SE,2006,29.8,b,
dataflow,ESTAT:EDAT_LFSE_03(1.0),A,T,Y18-24,PC,ED0-2,SE,2007,29.4,,
dataflow,ESTAT:EDAT_LFSE_03(1.0),A,T,Y18-24,PC,ED0-2,SE,2008,28.9,,
dataflow,ESTAT:EDAT_LFSE_03(1.0),A,T,Y18-24,PC,ED0-2,SE,2009,27.7,,
dataflow,ESTAT:EDAT_LFSE_03(1.0),A,T,Y18-24,PC,ED0-2,SE,2010,27.8,,
dataflow,ESTAT:EDAT_LFSE_03(1.0),A,T,Y18-24,PC,ED0-2,SE,2011,27.4,,
dataflow,ESTAT:EDAT_LFSE_03(1.0),A,T,Y18-24,PC,ED0-2,SE,2012,27.8,,
dataflow,ESTAT:EDAT_LFSE_03(1.0),A,T,Y18-24,PC,ED0-2,SE,2013,27.0,,
dataflow,ESTAT:EDAT_LFSE_03(1.0),A,T,Y18-24,PC,ED0-2,SE,2014,26.5,b,
dataflow,ESTAT:EDAT_LFSE_03(1.0),A,T,Y18-24,PC,ED0-2,SE,2015,27.0,,
dataflow,ESTAT:EDAT_LFSE_03(1.0),A,T,Y18-24,PC,ED0-2,SE,2016,27.3,,
dataflow,ESTAT:EDAT_LFSE_03(1.0),A,T,Y18-24,PC,ED0-2,SE,2017,28.5,,
dataflow,ESTAT:EDAT_LFSE_03(1.0),A,T,Y18-24,PC,ED0-2,SE,2018,29.2,b,
dataflow,ESTAT:EDAT_LFSE_03(1.0),A,T,Y18-24,PC,ED0-2,SE,2019,30.5,,
dataflow,ESTAT:EDAT_LFSE_03(1.0),A,T,Y18-24,PC,ED0-2,SE,2020,31.0,,
dataflow,ESTAT:EDAT_LFSE_03(1.0),A,T,Y18-24,PC,ED0-2,SE,2021,34.9,b,
dataflow,ESTAT:EDAT_LFSE_03(1.0),A,T,Y18-24,PC,ED0-2,SE,2022,34.4,,
dataflow,ESTAT:EDAT_LFSE_03(1.0),A,T,Y18-24,PC,ED0-2,SE,2023,31.1,,
dataflow,ESTAT:EDAT_LFSE_03(1.0),A,T,Y18-24,PC,ED0-2,SE,2024,30.0,,
dataflow,ESTAT:EDAT_LFSE_03(1.0),A,T,Y18-24,PC,ED0-2,SE,2025,28.7,,
dataflow,ESTAT:EDAT_LFSE_03(1.0),A,T,Y18-24,PC,ED0-2,SI,2000,24.5,,
dataflow,ESTAT:EDAT_LFSE_03(1.0),A,T,Y18-24,PC,ED0-2,SI,2001,23.3,,
dataflow,ESTAT:EDAT_LFSE_03(1.0),A,T,Y18-24,PC,ED0-2,SI,2002,20.8,,
dataflow,ESTAT:EDAT_LFSE_03(1.0),A,T,Y18-24,PC,ED0-2,SI,2003,20.9,,
dataflow,ESTAT:EDAT_LFSE_03(1.0),A,T,Y18-24,PC,ED0-2,SI,2004,22.5,,
dataflow,ESTAT:EDAT_LFSE_03(1.0),A,T,Y18-24,PC,ED0-2,SI,2005,22.0,,
dataflow,ESTAT:EDAT_LFSE_03(1.0),A,T,Y18-24,PC,ED0-2,SI,2006,22.7,,
dataflow,ESTAT:EDAT_LFSE_03(1.0),A,T,Y18-24,PC,ED0-2,SI,2007,21.6,,
dataflow,ESTAT:EDAT_LFSE_03(1.0),A,T,Y18-24,PC,ED0-2,SI,2008,21.1,,
dataflow,ESTAT:EDAT_LFSE_03(1.0),A,T,Y18-24,PC,ED0-2,SI,2009,22.9,,
dataflow,ESTAT:EDAT_LFSE_03(1.0),A,T,Y18-24,PC,ED0-2,SI,2010,22.2,,
dataflow,ESTAT:EDAT_LFSE_03(1.0),A,T,Y18-24,PC,ED0-2,SI,2011,21.4,,
dataflow,ESTAT:EDAT_LFSE_03(1.0),A,T,Y18-24,PC,ED0-2,SI,2012,21.5,,
dataflow,ESTAT:EDAT_LFSE_03(1.0),A,T,Y18-24,PC,ED0-2,SI,2013,20.7,,
dataflow,ESTAT:EDAT_LFSE_03(1.0),A,T,Y18-24,PC,ED0-2,SI,2014,22.3,b,
dataflow,ESTAT:EDAT_LFSE_03(1.0),A,T,Y18-24,PC,ED0-2,SI,2015,20.5,,
dataflow,ESTAT:EDAT_LFSE_03(1.0),A,T,Y18-24,PC,ED0-2,SI,2016,20.7,,
dataflow,ESTAT:EDAT_LFSE_03(1.0),A,T,Y18-24,PC,ED0-2,SI,2017,20.8,,
dataflow,ESTAT:EDAT_LFSE_03(1.0),A,T,Y18-24,PC,ED0-2,SI,2018,21.5,,
dataflow,ESTAT:EDAT_LFSE_03(1.0),A,T,Y18-24,PC,ED0-2,SI,2019,20.3,,
dataflow,ESTAT:EDAT_LFSE_03(1.0),A,T,Y18-24,PC,ED0-2,SI,2020,18.8,,
dataflow,ESTAT:EDAT_LFSE_03(1.0),A,T,Y18-24,PC,ED0-2,SI,2021,18.0,b,
dataflow,ESTAT:EDAT_LFSE_03(1.0),A,T,Y18-24,PC,ED0-2,SI,2022,18.3,,
dataflow,ESTAT:EDAT_LFSE_03(1.0),A,T,Y18-24,PC,ED0-2,SI,2023,20.7,b,
dataflow,ESTAT:EDAT_LFSE_03(1.0),A,T,Y18-24,PC,ED0-2,SI,2024,21.3,,
dataflow,ESTAT:EDAT_LFSE_03(1.0),A,T,Y18-24,PC,ED0-2,SI,2025,25.3,,
dataflow,ESTAT:EDAT_LFSE_03(1.0),A,T,Y18-24,PC,ED0-2,SK,2000,13.2,,
dataflow,ESTAT:EDAT_LFSE_03(1.0),A,T,Y18-24,PC,ED0-2,SK,2001,15.9,,
dataflow,ESTAT:EDAT_LFSE_03(1.0),A,T,Y18-24,PC,ED0-2,SK,2002,17.2,,
dataflow,ESTAT:EDAT_LFSE_03(1.0),A,T,Y18-24,PC,ED0-2,SK,2003,20.2,,
dataflow,ESTAT:EDAT_LFSE_03(1.0),A,T,Y18-24,PC,ED0-2,SK,2004,24.6,,
dataflow,ESTAT:EDAT_LFSE_03(1.0),A,T,Y18-24,PC,ED0-2,SK,2005,25.2,,
dataflow,ESTAT:EDAT_LFSE_03(1.0),A,T,Y18-24,PC,ED0-2,SK,2006,24.7,,
dataflow,ESTAT:EDAT_LFSE_03(1.0),A,T,Y18-24,PC,ED0-2,SK,2007,24.7,,
dataflow,ESTAT:EDAT_LFSE_03(1.0),A,T,Y18-24,PC,ED0-2,SK,2008,23.7,,
dataflow,ESTAT:EDAT_LFSE_03(1.0),A,T,Y18-24,PC,ED0-2,SK,2009,23.6,,
dataflow,ESTAT:EDAT_LFSE_03(1.0),A,T,Y18-24,PC,ED0-2,SK,2010,23.9,,
dataflow,ESTAT:EDAT_LFSE_03(1.0),A,T,Y18-24,PC,ED0-2,SK,2011,24.4,b,
dataflow,ESTAT:EDAT_LFSE_03(1.0),A,T,Y18-24,PC,ED0-2,SK,2012,24.5,,
dataflow,ESTAT:EDAT_LFSE_03(1.0),A,T,Y18-24,PC,ED0-2,SK,2013,25.8,,
dataflow,ESTAT:EDAT_LFSE_03(1.0),A,T,Y18-24,PC,ED0-2,SK,2014,24.7,b,
dataflow,ESTAT:EDAT_LFSE_03(1.0),A,T,Y18-24,PC,ED0-2,SK,2015,24.1,,
dataflow,ESTAT:EDAT_LFSE_03(1.0),A,T,Y18-24,PC,ED0-2,SK,2016,25.5,,
dataflow,ESTAT:EDAT_LFSE_03(1.0),A,T,Y18-24,PC,ED0-2,SK,2017,26.9,,
dataflow,ESTAT:EDAT_LFSE_03(1.0),A,T,Y18-24,PC,ED0-2,SK,2018,28.7,,
dataflow,ESTAT:EDAT_LFSE_03(1.0),A,T,Y18-24,PC,ED0-2,SK,2019,28.5,,
dataflow,ESTAT:EDAT_LFSE_03(1.0),A,T,Y18-24,PC,ED0-2,SK,2020,27.6,,
dataflow,ESTAT:EDAT_LFSE_03(1.0),A,T,Y18-24,PC,ED0-2,SK,2021,29.7,b,
dataflow,ESTAT:EDAT_LFSE_03(1.0),A,T,Y18-24,PC,ED0-2,SK,2022,28.7,,
dataflow,ESTAT:EDAT_LFSE_03(1.0),A,T,Y18-24,PC,ED0-2,SK,2023,28.6,,
dataflow,ESTAT:EDAT_LFSE_03(1.0),A,T,Y18-24,PC,ED0-2,SK,2024,28.1,,
dataflow,ESTAT:EDAT_LFSE_03(1.0),A,T,Y18-24,PC,ED0-2,SK,2025,29.1,,
dataflow,ESTAT:EDAT_LFSE_03(1.0),A,T,Y18-24,PC,ED0-2,TR,2006,53.8,,
dataflow,ESTAT:EDAT_LFSE_03(1.0),A,T,Y18-24,PC,ED0-2,TR,2007,51.5,,
dataflow,ESTAT:EDAT_LFSE_03(1.0),A,T,Y18-24,PC,ED0-2,TR,2008,50.7,,
dataflow,ESTAT:EDAT_LFSE_03(1.0),A,T,Y18-24,PC,ED0-2,TR,2009,53.0,,
dataflow,ESTAT:EDAT_LFSE_03(1.0),A,T,Y18-24,PC,ED0-2,TR,2010,53.1,,
dataflow,ESTAT:EDAT_LFSE_03(1.0),A,T,Y18-24,PC,ED0-2,TR,2011,52.1,,
dataflow,ESTAT:EDAT_LFSE_03(1.0),A,T,Y18-24,PC,ED0-2,TR,2012,50.4,,
dataflow,ESTAT:EDAT_LFSE_03(1.0),A,T,Y18-24,PC,ED0-2,TR,2013,49.9,,
dataflow,ESTAT:EDAT_LFSE_03(1.0),A,T,Y18-24,PC,ED0-2,TR,2014,51.5,b,
dataflow,ESTAT:EDAT_LFSE_03(1.0),A,T,Y18-24,PC,ED0-2,TR,2015,50.1,,
dataflow,ESTAT:EDAT_LFSE_03(1.0),A,T,Y18-24,PC,ED0-2,TR,2016,47.7,,
dataflow,ESTAT:EDAT_LFSE_03(1.0),A,T,Y18-24,PC,ED0-2,TR,2017,45.6,,
dataflow,ESTAT:EDAT_LFSE_03(1.0),A,T,Y18-24,PC,ED0-2,TR,2018,43.8,,
dataflow,ESTAT:EDAT_LFSE_03(1.0),A,T,Y18-24,PC,ED0-2,TR,2019,40.5,,
dataflow,ESTAT:EDAT_LFSE_03(1.0),A,T,Y18-24,PC,ED0-2,TR,2020,37.2,,
dataflow,ESTAT:EDAT_LFSE_03(1.0),A,T,Y18-24,PC,ED0-2,TR,2021,32.5,b,
dataflow,ESTAT:EDAT_LFSE_03(1.0),A,T,Y18-24,PC,ED0-2,TR,2022,29.4,,
dataflow,ESTAT:EDAT_LFSE_03(1.0),A,T,Y18-24,PC,ED0-2,TR,2023,26.7,,
dataflow,ESTAT:EDAT_LFSE_03(1.0),A,T,Y18-24,PC,ED0-2,TR,2024,25.5,,
dataflow,ESTAT:EDAT_LFSE_03(1.0),A,T,Y18-24,PC,ED0-2,TR,2025,23.9,,
dataflow,ESTAT:EDAT_LFSE_03(1.0),A,T,Y18-24,PC,ED0-2,UK,2000,24.7,,
dataflow,ESTAT:EDAT_LFSE_03(1.0),A,T,Y18-24,PC,ED0-2,UK,2001,24.4,,
dataflow,ESTAT:EDAT_LFSE_03(1.0),A,T,Y18-24,PC,ED0-2,UK,2002,24.3,,
dataflow,ESTAT:EDAT_LFSE_03(1.0),A,T,Y18-24,PC,ED0-2,UK,2003,23.2,,
dataflow,ESTAT:EDAT_LFSE_03(1.0),A,T,Y18-24,PC,ED0-2,UK,2004,24.9,b,
dataflow,ESTAT:EDAT_LFSE_03(1.0),A,T,Y18-24,PC,ED0-2,UK,2005,23.6,,
dataflow,ESTAT:EDAT_LFSE_03(1.0),A,T,Y18-24,PC,ED0-2,UK,2006,22.8,,
dataflow,ESTAT:EDAT_LFSE_03(1.0),A,T,Y18-24,PC,ED0-2,UK,2007,23.4,b,
dataflow,ESTAT:EDAT_LFSE_03(1.0),A,T,Y18-24,PC,ED0-2,UK,2008,23.2,b,
dataflow,ESTAT:EDAT_LFSE_03(1.0),A,T,Y18-24,PC,ED0-2,UK,2009,21.9,,
dataflow,ESTAT:EDAT_LFSE_03(1.0),A,T,Y18-24,PC,ED0-2,UK,2010,20.5,b,
dataflow,ESTAT:EDAT_LFSE_03(1.0),A,T,Y18-24,PC,ED0-2,UK,2011,20.4,b,
dataflow,ESTAT:EDAT_LFSE_03(1.0),A,T,Y18-24,PC,ED0-2,UK,2012,18.5,,
dataflow,ESTAT:EDAT_LFSE_03(1.0),A,T,Y18-24,PC,ED0-2,UK,2013,17.5,,
dataflow,ESTAT:EDAT_LFSE_03(1.0),A,T,Y18-24,PC,ED0-2,UK,2014,16.3,b,
dataflow,ESTAT:EDAT_LFSE_03(1.0),A,T,Y18-24,PC,ED0-2,UK,2015,15.1,,
dataflow,ESTAT:EDAT_LFSE_03(1.0),A,T,Y18-24,PC,ED0-2,UK,2016,15.7,,
dataflow,ESTAT:EDAT_LFSE_03(1.0),A,T,Y18-24,PC,ED0-2,UK,2017,15.5,,
dataflow,ESTAT:EDAT_LFSE_03(1.0),A,T,Y18-24,PC,ED0-2,UK,2018,15.2,,
dataflow,ESTAT:EDAT_LFSE_03(1.0),A,T,Y18-24,PC,ED0-2,UK,2019,15.3,,
