STRUCTURE,STRUCTURE_ID,freq,wstatus,sex,age,unit,geo,TIME_PERIOD,OBS_VALUE,OBS_FLAG,CONF_STATUS
dataflow,ESTAT:LFSI_PT_A(1.0),A,EMP_TEMP,T,Y20-64,PC_EMP,AT,2009,5.3,,
dataflow,ESTAT:LFSI_PT_A(1.0),A,EMP_TEMP,T,Y20-64,PC_EMP,AT,2010,5.6,,
dataflow,ESTAT:LFSI_PT_A(1.0),A,EMP_TEMP,T,Y20-64,PC_EMP,AT,2011,5.8,,
dataflow,ESTAT:LFSI_PT_A(1.0),A,EMP_TEMP,T,Y20-64,PC_EMP,AT,2012,5.8,,
dataflow,ESTAT:LFSI_PT_A(1.0),A,EMP_TEMP,T,Y20-64,PC_EMP,AT,2013,5.9,,
dataflow,ESTAT:LFSI_PT_A(1.0),A,EMP_TEMP,T,Y20-64,PC_EMP,AT,2014,6.0,,
dataflow,ESTAT:LFSI_PT_A(1.0),A,EMP_TEMP,T,Y20-64,PC_EMP,AT,2015,6.1,,
dataflow,ESTAT:LFSI_PT_A(1.0),A,EMP_TEMP,T,Y20-64,PC_EMP,AT,2016,6.2,,
dataflow,ESTAT:LFSI_PT_A(1.0),A,EMP_TEMP,T,Y20-64,PC_EMP,AT,2017,6.7,,
dataflow,ESTAT:LFSI_PT_A(1.0),A,EMP_TEMP,T,Y20-64,PC_EMP,AT,2018,6.7,,
dataflow,ESTAT:LFSI_PT_A(1.0),A,EMP_TEMP,T,Y20-64,PC_EMP,AT,2019,6.3,,
dataflow,ESTAT:LFSI_PT_A(1.0),A,EMP_TEMP,T,Y20-64,PC_EMP,AT,2020,5.7,,
dataflow,ESTAT:LFSI_PT_A(1.0),A,EMP_TEMP,T,Y20-64,PC_EMP,AT,2021,5.8,,
dataflow,ESTAT:LFSI_PT_A(1.0),A,EMP_TEMP,T,Y20-64,PC_EMP,AT,2022,5.7,,
dataflow,ESTAT:LFSI_PT_A(1.0),A,EMP_TEMP,T,Y20-64,PC_EMP,AT,2023,5.9,,
dataflow,ESTAT:LFSI_PT_A(1.0),A,EMP_TEMP,T,Y20-64,PC_EMP,AT,2024,5.5,,
dataflow,ESTAT:LFSI_PT_A(1.0),A,EMP_TEMP,T,Y20-64,PC_EMP,AT,2025,5.3,,
dataflow,ESTAT:LFSI_PT_A(1.0),A,EMP_TEMP,T,Y20-64,PC_EMP,BA,2021,10.8,,
dataflow,ESTAT:LFSI_PT_A(1.0),A,EMP_TEMP,T,Y20-64,PC_EMP,BA,2022,11.3,,
dataflow,ESTAT:LFSI_PT_A(1.0),A,EMP_TEMP,T,Y20-64,PC_EMP,BA,2023,10.6,,
dataflow,ESTAT:LFSI_PT_A(1.0),A,EMP_TEMP,T,Y20-64,PC_EMP,BA,2024,9.6,,
dataflow,ESTAT:LFSI_PT_A(1.0),A,EMP_TEMP,T,Y20-64,PC_EMP,BA,2025,8.9,,
dataflow,ESTAT:LFSI_PT_A(1.0),A,EMP_TEMP,T,Y20-64,PC_EMP,BE,2009,6.5,,
dataflow,ESTAT:LFSI_PT_A(1.0),A,EMP_TEMP,T,Y20-64,PC_EMP,BE,2010,6.5,,
dataflow,ESTAT:LFSI_PT_A(1.0),A,EMP_TEMP,T,Y20-64,PC_EMP,BE,2011,7.1,,
dataflow,ESTAT:LFSI_PT_A(1.0),A,EMP_TEMP,T,Y20-64,PC_EMP,BE,2012,6.6,,
dataflow,ESTAT:LFSI_PT_A(1.0),A,EMP_TEMP,T,Y20-64,PC_EMP,BE,2013,6.6,,
dataflow,ESTAT:LFSI_PT_A(1.0),A,EMP_TEMP,T,Y20-64,PC_EMP,BE,2014,7.0,,
dataflow,ESTAT:LFSI_PT_A(1.0),A,EMP_TEMP,T,Y20-64,PC_EMP,BE,2015,7.4,,
dataflow,ESTAT:LFSI_PT_A(1.0),A,EMP_TEMP,T,Y20-64,PC_EMP,BE,2016,7.5,,
dataflow,ESTAT:LFSI_PT_A(1.0),A,EMP_TEMP,T,Y20-64,PC_EMP,BE,2017,8.5,b,
dataflow,ESTAT:LFSI_PT_A(1.0),A,EMP_TEMP,T,Y20-64,PC_EMP,BE,2018,8.5,,
dataflow,ESTAT:LFSI_PT_A(1.0),A,EMP_TEMP,T,Y20-64,PC_EMP,BE,2019,8.5,,
dataflow,ESTAT:LFSI_PT_A(1.0),A,EMP_TEMP,T,Y20-64,PC_EMP,BE,2020,8.0,,
dataflow,ESTAT:LFSI_PT_A(1.0),A,EMP_TEMP,T,Y20-64,PC_EMP,BE,2021,8.0,,
dataflow,ESTAT:LFSI_PT_A(1.0),A,EMP_TEMP,T,Y20-64,PC_EMP,BE,2022,7.1,,
dataflow,ESTAT:LFSI_PT_A(1.0),A,EMP_TEMP,T,Y20-64,PC_EMP,BE,2023,6.8,,
dataflow,ESTAT:LFSI_PT_A(1.0),A,EMP_TEMP,T,Y20-64,PC_EMP,BE,2024,7.2,,
dataflow,ESTAT:LFSI_PT_A(1.0),A,EMP_TEMP,T,Y20-64,PC_EMP,BE,2025,7.9,,
dataflow,ESTAT:LFSI_PT_A(1.0),A,EMP_TEMP,T,Y20-64,PC_EMP,BG,2009,4.2,,
dataflow,ESTAT:LFSI_PT_A(1.0),A,EMP_TEMP,T,Y20-64,PC_EMP,BG,2010,4.0,b,
dataflow,ESTAT:LFSI_PT_A(1.0),A,EMP_TEMP,T,Y20-64,PC_EMP,BG,2011,3.7,b,
dataflow,ESTAT:LFSI_PT_A(1.0),A,EMP_TEMP,T,Y20-64,PC_EMP,BG,2012,4.1,,
dataflow,ESTAT:LFSI_PT_A(1.0),A,EMP_TEMP,T,Y20-64,PC_EMP,BG,2013,5.2,,
dataflow,ESTAT:LFSI_PT_A(1.0),A,EMP_TEMP,T,Y20-64,PC_EMP,BG,2014,4.8,,
dataflow,ESTAT:LFSI_PT_A(1.0),A,EMP_TEMP,T,Y20-64,PC_EMP,BG,2015,4.0,,
dataflow,ESTAT:LFSI_PT_A(1.0),A,EMP_TEMP,T,Y20-64,PC_EMP,BG,2016,3.7,,
dataflow,ESTAT:LFSI_PT_A(1.0),A,EMP_TEMP,T,Y20-64,PC_EMP,BG,2017,4.0,,
dataflow,ESTAT:LFSI_PT_A(1.0),A,EMP_TEMP,T,Y20-64,PC_EMP,BG,2018,3.7,,
dataflow,ESTAT:LFSI_PT_A(1.0),A,EMP_TEMP,T,Y20-64,PC_EMP,BG,2019,4.0,b,
dataflow,ESTAT:LFSI_PT_A(1.0),A,EMP_TEMP,T,Y20-64,PC_EMP,BG,2020,3.2,,
dataflow,ESTAT:LFSI_PT_A(1.0),A,EMP_TEMP,T,Y20-64,PC_EMP,BG,2021,3.0,,
dataflow,ESTAT:LFSI_PT_A(1.0),A,EMP_TEMP,T,Y20-64,PC_EMP,BG,2022,3.3,,
dataflow,ESTAT:LFSI_PT_A(1.0),A,EMP_TEMP,T,Y20-64,PC_EMP,BG,2023,2.6,,
dataflow,ESTAT:LFSI_PT_A(1.0),A,EMP_TEMP,T,Y20-64,PC_EMP,BG,2024,2.4,b,
dataflow,ESTAT:LFSI_PT_A(1.0),A,EMP_TEMP,T,Y20-64,PC_EMP,BG,2025,2.2,,
dataflow,ESTAT:LFSI_PT_A(1.0),A,EMP_TEMP,T,Y20-64,PC_EMP,CH,2010,7.1,b,
dataflow,ESTAT:LFSI_PT_A(1.0),A,EMP_TEMP,T,Y20-64,PC_EMP,CH,2011,6.9,,
dataflow,ESTAT:LFSI_PT_A(1.0),A,EMP_TEMP,T,Y20-64,PC_EMP,CH,2012,7.0,,
dataflow,ESTAT:LFSI_PT_A(1.0),A,EMP_TEMP,T,Y20-64,PC_EMP,CH,2013,7.3,,
dataflow,ESTAT:LFSI_PT_A(1.0),A,EMP_TEMP,T,Y20-64,PC_EMP,CH,2014,7.5,,
dataflow,ESTAT:LFSI_PT_A(1.0),A,EMP_TEMP,T,Y20-64,PC_EMP,CH,2015,8.2,,
dataflow,ESTAT:LFSI_PT_A(1.0),A,EMP_TEMP,T,Y20-64,PC_EMP,CH,2016,7.9,,
dataflow,ESTAT:LFSI_PT_A(1.0),A,EMP_TEMP,T,Y20-64,PC_EMP,CH,2017,7.9,,
dataflow,ESTAT:LFSI_PT_A(1.0),A,EMP_TEMP,T,Y20-64,PC_EMP,CH,2018,7.8,,
dataflow,ESTAT:LFSI_PT_A(1.0),A,EMP_TEMP,T,Y20-64,PC_EMP,CH,2019,7.6,,
dataflow,ESTAT:LFSI_PT_A(1.0),A,EMP_TEMP,T,Y20-64,PC_EMP,CH,2020,7.9,,
dataflow,ESTAT:LFSI_PT_A(1.0),A,EMP_TEMP,T,Y20-64,PC_EMP,CH,2021,8.1,,
dataflow,ESTAT:LFSI_PT_A(1.0),A,EMP_TEMP,T,Y20-64,PC_EMP,CH,2022,8.1,,
dataflow,ESTAT:LFSI_PT_A(1.0),A,EMP_TEMP,T,Y20-64,PC_EMP,CH,2023,8.0,,
dataflow,ESTAT:LFSI_PT_A(1.0),A,EMP_TEMP,T,Y20-64,PC_EMP,CH,2024,7.6,,
dataflow,ESTAT:LFSI_PT_A(1.0),A,EMP_TEMP,T,Y20-64,PC_EMP,CH,2025,7.6,,
dataflow,ESTAT:LFSI_PT_A(1.0),A,EMP_TEMP,T,Y20-64,PC_EMP,CY,2009,11.2,,
dataflow,ESTAT:LFSI_PT_A(1.0),A,EMP_TEMP,T,Y20-64,PC_EMP,CY,2010,11.6,,
dataflow,ESTAT:LFSI_PT_A(1.0),A,EMP_TEMP,T,Y20-64,PC_EMP,CY,2011,11.9,,
dataflow,ESTAT:LFSI_PT_A(1.0),A,EMP_TEMP,T,Y20-64,PC_EMP,CY,2012,12.8,,
dataflow,ESTAT:LFSI_PT_A(1.0),A,EMP_TEMP,T,Y20-64,PC_EMP,CY,2013,14.5,,
dataflow,ESTAT:LFSI_PT_A(1.0),A,EMP_TEMP,T,Y20-64,PC_EMP,CY,2014,15.7,,
dataflow,ESTAT:LFSI_PT_A(1.0),A,EMP_TEMP,T,Y20-64,PC_EMP,CY,2015,15.8,,
dataflow,ESTAT:LFSI_PT_A(1.0),A,EMP_TEMP,T,Y20-64,PC_EMP,CY,2016,14.3,,
dataflow,ESTAT:LFSI_PT_A(1.0),A,EMP_TEMP,T,Y20-64,PC_EMP,CY,2017,13.5,,
dataflow,ESTAT:LFSI_PT_A(1.0),A,EMP_TEMP,T,Y20-64,PC_EMP,CY,2018,12.0,,
dataflow,ESTAT:LFSI_PT_A(1.0),A,EMP_TEMP,T,Y20-64,PC_EMP,CY,2019,11.8,,
dataflow,ESTAT:LFSI_PT_A(1.0),A,EMP_TEMP,T,Y20-64,PC_EMP,CY,2020,11.9,,
dataflow,ESTAT:LFSI_PT_A(1.0),A,EMP_TEMP,T,Y20-64,PC_EMP,CY,2021,11.7,,
dataflow,ESTAT:LFSI_PT_A(1.0),A,EMP_TEMP,T,Y20-64,PC_EMP,CY,2022,10.8,,
dataflow,ESTAT:LFSI_PT_A(1.0),A,EMP_TEMP,T,Y20-64,PC_EMP,CY,2023,12.5,,
dataflow,ESTAT:LFSI_PT_A(1.0),A,EMP_TEMP,T,Y20-64,PC_EMP,CY,2024,12.7,,
dataflow,ESTAT:LFSI_PT_A(1.0),A,EMP_TEMP,T,Y20-64,PC_EMP,CY,2025,13.2,,
dataflow,ESTAT:LFSI_PT_A(1.0),A,EMP_TEMP,T,Y20-64,PC_EMP,CZ,2009,6.1,,
dataflow,ESTAT:LFSI_PT_A(1.0),A,EMP_TEMP,T,Y20-64,PC_EMP,CZ,2010,6.6,,
dataflow,ESTAT:LFSI_PT_A(1.0),A,EMP_TEMP,T,Y20-64,PC_EMP,CZ,2011,6.4,b,
dataflow,ESTAT:LFSI_PT_A(1.0),A,EMP_TEMP,T,Y20-64,PC_EMP,CZ,2012,6.6,,
dataflow,ESTAT:LFSI_PT_A(1.0),A,EMP_TEMP,T,Y20-64,PC_EMP,CZ,2013,7.4,,
dataflow,ESTAT:LFSI_PT_A(1.0),A,EMP_TEMP,T,Y20-64,PC_EMP,CZ,2014,7.8,,
dataflow,ESTAT:LFSI_PT_A(1.0),A,EMP_TEMP,T,Y20-64,PC_EMP,CZ,2015,8.1,,
dataflow,ESTAT:LFSI_PT_A(1.0),A,EMP_TEMP,T,Y20-64,PC_EMP,CZ,2016,7.9,,
dataflow,ESTAT:LFSI_PT_A(1.0),A,EMP_TEMP,T,Y20-64,PC_EMP,CZ,2017,7.8,,
dataflow,ESTAT:LFSI_PT_A(1.0),A,EMP_TEMP,T,Y20-64,PC_EMP,CZ,2018,6.9,,
dataflow,ESTAT:LFSI_PT_A(1.0),A,EMP_TEMP,T,Y20-64,PC_EMP,CZ,2019,6.3,,
dataflow,ESTAT:LFSI_PT_A(1.0),A,EMP_TEMP,T,Y20-64,PC_EMP,CZ,2020,5.7,,
dataflow,ESTAT:LFSI_PT_A(1.0),A,EMP_TEMP,T,Y20-64,PC_EMP,CZ,2021,5.3,,
dataflow,ESTAT:LFSI_PT_A(1.0),A,EMP_TEMP,T,Y20-64,PC_EMP,CZ,2022,4.9,,
dataflow,ESTAT:LFSI_PT_A(1.0),A,EMP_TEMP,T,Y20-64,PC_EMP,CZ,2023,5.6,,
dataflow,ESTAT:LFSI_PT_A(1.0),A,EMP_TEMP,T,Y20-64,PC_EMP,CZ,2024,6.1,,
dataflow,ESTAT:LFSI_PT_A(1.0),A,EMP_TEMP,T,Y20-64,PC_EMP,CZ,2025,6.0,,
dataflow,ESTAT:LFSI_PT_A(1.0),A,EMP_TEMP,T,Y20-64,PC_EMP,DE,2009,11.6,,
dataflow,ESTAT:LFSI_PT_A(1.0),A,EMP_TEMP,T,Y20-64,PC_EMP,DE,2010,11.8,b,
dataflow,ESTAT:LFSI_PT_A(1.0),A,EMP_TEMP,T,Y20-64,PC_EMP,DE,2011,12.0,b,
dataflow,ESTAT:LFSI_PT_A(1.0),A,EMP_TEMP,T,Y20-64,PC_EMP,DE,2012,11.3,,
dataflow,ESTAT:LFSI_PT_A(1.0),A,EMP_TEMP,T,Y20-64,PC_EMP,DE,2013,11.0,,
dataflow,ESTAT:LFSI_PT_A(1.0),A,EMP_TEMP,T,Y20-64,PC_EMP,DE,2014,10.8,,
dataflow,ESTAT:LFSI_PT_A(1.0),A,EMP_TEMP,T,Y20-64,PC_EMP,DE,2015,10.9,,
dataflow,ESTAT:LFSI_PT_A(1.0),A,EMP_TEMP,T,Y20-64,PC_EMP,DE,2016,10.9,,
dataflow,ESTAT:LFSI_PT_A(1.0),A,EMP_TEMP,T,Y20-64,PC_EMP,DE,2017,10.7,,
dataflow,ESTAT:LFSI_PT_A(1.0),A,EMP_TEMP,T,Y20-64,PC_EMP,DE,2018,10.5,,
dataflow,ESTAT:LFSI_PT_A(1.0),A,EMP_TEMP,T,Y20-64,PC_EMP,DE,2019,10.0,,
dataflow,ESTAT:LFSI_PT_A(1.0),A,EMP_TEMP,T,Y20-64,PC_EMP,DE,2020,9.3,b,
dataflow,ESTAT:LFSI_PT_A(1.0),A,EMP_TEMP,T,Y20-64,PC_EMP,DE,2021,9.2,,
dataflow,ESTAT:LFSI_PT_A(1.0),A,EMP_TEMP,T,Y20-64,PC_EMP,DE,2022,9.8,,
dataflow,ESTAT:LFSI_PT_A(1.0),A,EMP_TEMP,T,Y20-64,PC_EMP,DE,2023,9.4,,
dataflow,ESTAT:LFSI_PT_A(1.0),A,EMP_TEMP,T,Y20-64,PC_EMP,DE,2024,9.0,,
dataflow,ESTAT:LFSI_PT_A(1.0),A,EMP_TEMP,T,Y20-64,PC_EMP,DE,2025,9.0,,
dataflow,ESTAT:LFSI_PT_A(1.0),A,EMP_TEMP,T,Y20-64,PC_EMP,DK,2009,6.8,,
dataflow,ESTAT:LFSI_PT_A(1.0),A,EMP_TEMP,T,Y20-64,PC_EMP,DK,2010,6.8,,
dataflow,ESTAT:LFSI_PT_A(1.0),A,EMP_TEMP,T,Y20-64,PC_EMP,DK,2011,7.0,,
dataflow,ESTAT:LFSI_PT_A(1.0),A,EMP_TEMP,T,Y20-64,PC_EMP,DK,2012,7.0,,
dataflow,ESTAT:LFSI_PT_A(1.0),A,EMP_TEMP,T,Y20-64,PC_EMP,DK,2013,7.2,,
dataflow,ESTAT:LFSI_PT_A(1.0),A,EMP_TEMP,T,Y20-64,PC_EMP,DK,2014,6.8,,
dataflow,ESTAT:LFSI_PT_A(1.0),A,EMP_TEMP,T,Y20-64,PC_EMP,DK,2015,6.9,,
dataflow,ESTAT:LFSI_PT_A(1.0),A,EMP_TEMP,T,Y20-64,PC_EMP,DK,2016,10.9,b,
dataflow,ESTAT:LFSI_PT_A(1.0),A,EMP_TEMP,T,Y20-64,PC_EMP,DK,2017,9.5,b,
dataflow,ESTAT:LFSI_PT_A(1.0),A,EMP_TEMP,T,Y20-64,PC_EMP,DK,2018,8.2,,
dataflow,ESTAT:LFSI_PT_A(1.0),A,EMP_TEMP,T,Y20-64,PC_EMP,DK,2019,8.3,,
dataflow,ESTAT:LFSI_PT_A(1.0),A,EMP_TEMP,T,Y20-64,PC_EMP,DK,2020,8.7,,
dataflow,ESTAT:LFSI_PT_A(1.0),A,EMP_TEMP,T,Y20-64,PC_EMP,DK,2021,8.8,,
dataflow,ESTAT:LFSI_PT_A(1.0),A,EMP_TEMP,T,Y20-64,PC_EMP,DK,2022,8.8,,
dataflow,ESTAT:LFSI_PT_A(1.0),A,EMP_TEMP,T,Y20-64,PC_EMP,DK,2023,8.2,b,
dataflow,ESTAT:LFSI_PT_A(1.0),A,EMP_TEMP,T,Y20-64,PC_EMP,DK,2024,10.1,,
dataflow,ESTAT:LFSI_PT_A(1.0),A,EMP_TEMP,T,Y20-64,PC_EMP,DK,2025,10.3,,
dataflow,ESTAT:LFSI_PT_A(1.0),A,EMP_TEMP,T,Y20-64,PC_EMP,EE,2009,2.0,,
dataflow,ESTAT:LFSI_PT_A(1.0),A,EMP_TEMP,T,Y20-64,PC_EMP,EE,2010,3.2,,
dataflow,ESTAT:LFSI_PT_A(1.0),A,EMP_TEMP,T,Y20-64,PC_EMP,EE,2011,3.9,,
dataflow,ESTAT:LFSI_PT_A(1.0),A,EMP_TEMP,T,Y20-64,PC_EMP,EE,2012,2.9,,
dataflow,ESTAT:LFSI_PT_A(1.0),A,EMP_TEMP,T,Y20-64,PC_EMP,EE,2013,3.0,,
dataflow,ESTAT:LFSI_PT_A(1.0),A,EMP_TEMP,T,Y20-64,PC_EMP,EE,2014,2.6,,
dataflow,ESTAT:LFSI_PT_A(1.0),A,EMP_TEMP,T,Y20-64,PC_EMP,EE,2015,2.8,,
dataflow,ESTAT:LFSI_PT_A(1.0),A,EMP_TEMP,T,Y20-64,PC_EMP,EE,2016,3.1,,
dataflow,ESTAT:LFSI_PT_A(1.0),A,EMP_TEMP,T,Y20-64,PC_EMP,EE,2017,2.7,,
dataflow,ESTAT:LFSI_PT_A(1.0),A,EMP_TEMP,T,Y20-64,PC_EMP,EE,2018,2.7,,
dataflow,ESTAT:LFSI_PT_A(1.0),A,EMP_TEMP,T,Y20-64,PC_EMP,EE,2019,2.5,,
dataflow,ESTAT:LFSI_PT_A(1.0),A,EMP_TEMP,T,Y20-64,PC_EMP,EE,2020,2.2,,
dataflow,ESTAT:LFSI_PT_A(1.0),A,EMP_TEMP,T,Y20-64,PC_EMP,EE,2021,1.3,,
dataflow,ESTAT:LFSI_PT_A(1.0),A,EMP_TEMP,T,Y20-64,PC_EMP,EE,2022,2.5,,
dataflow,ESTAT:LFSI_PT_A(1.0),A,EMP_TEMP,T,Y20-64,PC_EMP,EE,2023,2.4,,
dataflow,ESTAT:LFSI_PT_A(1.0),A,EMP_TEMP,T,Y20-64,PC_EMP,EE,2024,3.0,,
dataflow,ESTAT:LFSI_PT_A(1.0),A,EMP_TEMP,T,Y20-64,PC_EMP,EE,2025,2.6,,
dataflow,ESTAT:LFSI_PT_A(1.0),A,EMP_TEMP,T,Y20-64,PC_EMP,EL,2009,8.1,,
dataflow,ESTAT:LFSI_PT_A(1.0),A,EMP_TEMP,T,Y20-64,PC_EMP,EL,2010,8.3,,
dataflow,ESTAT:LFSI_PT_A(1.0),A,EMP_TEMP,T,Y20-64,PC_EMP,EL,2011,7.7,,
dataflow,ESTAT:LFSI_PT_A(1.0),A,EMP_TEMP,T,Y20-64,PC_EMP,EL,2012,6.6,,
dataflow,ESTAT:LFSI_PT_A(1.0),A,EMP_TEMP,T,Y20-64,PC_EMP,EL,2013,6.5,,
dataflow,ESTAT:LFSI_PT_A(1.0),A,EMP_TEMP,T,Y20-64,PC_EMP,EL,2014,7.6,,
dataflow,ESTAT:LFSI_PT_A(1.0),A,EMP_TEMP,T,Y20-64,PC_EMP,EL,2015,7.9,,
dataflow,ESTAT:LFSI_PT_A(1.0),A,EMP_TEMP,T,Y20-64,PC_EMP,EL,2016,7.5,,
dataflow,ESTAT:LFSI_PT_A(1.0),A,EMP_TEMP,T,Y20-64,PC_EMP,EL,2017,7.7,,
dataflow,ESTAT:LFSI_PT_A(1.0),A,EMP_TEMP,T,Y20-64,PC_EMP,EL,2018,7.7,,
dataflow,ESTAT:LFSI_PT_A(1.0),A,EMP_TEMP,T,Y20-64,PC_EMP,EL,2019,8.8,,
dataflow,ESTAT:LFSI_PT_A(1.0),A,EMP_TEMP,T,Y20-64,PC_EMP,EL,2020,7.1,,
dataflow,ESTAT:LFSI_PT_A(1.0),A,EMP_TEMP,T,Y20-64,PC_EMP,EL,2021,7.0,,
dataflow,ESTAT:LFSI_PT_A(1.0),A,EMP_TEMP,T,Y20-64,PC_EMP,EL,2022,7.1,,
dataflow,ESTAT:LFSI_PT_A(1.0),A,EMP_TEMP,T,Y20-64,PC_EMP,EL,2023,7.5,,
dataflow,ESTAT:LFSI_PT_A(1.0),A,EMP_TEMP,T,Y20-64,PC_EMP,EL,2024,6.6,,
dataflow,ESTAT:LFSI_PT_A(1.0),A,EMP_TEMP,T,Y20-64,PC_EMP,EL,2025,6.8,,
dataflow,ESTAT:LFSI_PT_A(1.0),A,EMP_TEMP,T,Y20-64,PC_EMP,ES,2009,20.6,,
dataflow,ESTAT:LFSI_PT_A(1.0),A,EMP_TEMP,T,Y20-64,PC_EMP,ES,2010,20.3,,
dataflow,ESTAT:LFSI_PT_A(1.0),A,EMP_TEMP,T,Y20-64,PC_EMP,ES,2011,20.8,,
dataflow,ESTAT:LFSI_PT_A(1.0),A,EMP_TEMP,T,Y20-64,PC_EMP,ES,2012,19.2,,
dataflow,ESTAT:LFSI_PT_A(1.0),A,EMP_TEMP,T,Y20-64,PC_EMP,ES,2013,18.9,,
dataflow,ESTAT:LFSI_PT_A(1.0),A,EMP_TEMP,T,Y20-64,PC_EMP,ES,2014,19.6,,
dataflow,ESTAT:LFSI_PT_A(1.0),A,EMP_TEMP,T,Y20-64,PC_EMP,ES,2015,20.7,,
dataflow,ESTAT:LFSI_PT_A(1.0),A,EMP_TEMP,T,Y20-64,PC_EMP,ES,2016,21.5,,
dataflow,ESTAT:LFSI_PT_A(1.0),A,EMP_TEMP,T,Y20-64,PC_EMP,ES,2017,22.1,,
dataflow,ESTAT:LFSI_PT_A(1.0),A,EMP_TEMP,T,Y20-64,PC_EMP,ES,2018,22.3,,
dataflow,ESTAT:LFSI_PT_A(1.0),A,EMP_TEMP,T,Y20-64,PC_EMP,ES,2019,21.9,,
dataflow,ESTAT:LFSI_PT_A(1.0),A,EMP_TEMP,T,Y20-64,PC_EMP,ES,2020,20.1,,
dataflow,ESTAT:LFSI_PT_A(1.0),A,EMP_TEMP,T,Y20-64,PC_EMP,ES,2021,21.0,d,
dataflow,ESTAT:LFSI_PT_A(1.0),A,EMP_TEMP,T,Y20-64,PC_EMP,ES,2022,17.8,d,
dataflow,ESTAT:LFSI_PT_A(1.0),A,EMP_TEMP,T,Y20-64,PC_EMP,ES,2023,14.4,d,
dataflow,ESTAT:LFSI_PT_A(1.0),A,EMP_TEMP,T,Y20-64,PC_EMP,ES,2024,13.3,d,
dataflow,ESTAT:LFSI_PT_A(1.0),A,EMP_TEMP,T,Y20-64,PC_EMP,ES,2025,12.8,d,
dataflow,ESTAT:LFSI_PT_A(1.0),A,EMP_TEMP,T,Y20-64,PC_EMP,FI,2009,13.1,,
dataflow,ESTAT:LFSI_PT_A(1.0),A,EMP_TEMP,T,Y20-64,PC_EMP,FI,2010,14.1,,
dataflow,ESTAT:LFSI_PT_A(1.0),A,EMP_TEMP,T,Y20-64,PC_EMP,FI,2011,14.2,,
dataflow,ESTAT:LFSI_PT_A(1.0),A,EMP_TEMP,T,Y20-64,PC_EMP,FI,2012,14.1,,
dataflow,ESTAT:LFSI_PT_A(1.0),A,EMP_TEMP,T,Y20-64,PC_EMP,FI,2013,13.9,,
dataflow,ESTAT:LFSI_PT_A(1.0),A,EMP_TEMP,T,Y20-64,PC_EMP,FI,2014,13.9,,
dataflow,ESTAT:LFSI_PT_A(1.0),A,EMP_TEMP,T,Y20-64,PC_EMP,FI,2015,13.7,,
dataflow,ESTAT:LFSI_PT_A(1.0),A,EMP_TEMP,T,Y20-64,PC_EMP,FI,2016,14.2,,
dataflow,ESTAT:LFSI_PT_A(1.0),A,EMP_TEMP,T,Y20-64,PC_EMP,FI,2017,14.5,,
dataflow,ESTAT:LFSI_PT_A(1.0),A,EMP_TEMP,T,Y20-64,PC_EMP,FI,2018,14.8,,
dataflow,ESTAT:LFSI_PT_A(1.0),A,EMP_TEMP,T,Y20-64,PC_EMP,FI,2019,14.1,,
dataflow,ESTAT:LFSI_PT_A(1.0),A,EMP_TEMP,T,Y20-64,PC_EMP,FI,2020,13.5,,
dataflow,ESTAT:LFSI_PT_A(1.0),A,EMP_TEMP,T,Y20-64,PC_EMP,FI,2021,12.9,,
dataflow,ESTAT:LFSI_PT_A(1.0),A,EMP_TEMP,T,Y20-64,PC_EMP,FI,2022,12.8,,
dataflow,ESTAT:LFSI_PT_A(1.0),A,EMP_TEMP,T,Y20-64,PC_EMP,FI,2023,12.3,,
dataflow,ESTAT:LFSI_PT_A(1.0),A,EMP_TEMP,T,Y20-64,PC_EMP,FI,2024,12.3,,
dataflow,ESTAT:LFSI_PT_A(1.0),A,EMP_TEMP,T,Y20-64,PC_EMP,FI,2025,11.4,,
dataflow,ESTAT:LFSI_PT_A(1.0),A,EMP_TEMP,T,Y20-64,PC_EMP,FR,2003,10.2,,
dataflow,ESTAT:LFSI_PT_A(1.0),A,EMP_TEMP,T,Y20-64,PC_EMP,FR,2004,10.2,,
dataflow,ESTAT:LFSI_PT_A(1.0),A,EMP_TEMP,T,Y20-64,PC_EMP,FR,2005,10.6,,
dataflow,ESTAT:LFSI_PT_A(1.0),A,EMP_TEMP,T,Y20-64,PC_EMP,FR,2006,10.6,,
dataflow,ESTAT:LFSI_PT_A(1.0),A,EMP_TEMP,T,Y20-64,PC_EMP,FR,2007,10.7,,
dataflow,ESTAT:LFSI_PT_A(1.0),A,EMP_TEMP,T,Y20-64,PC_EMP,FR,2008,10.7,,
dataflow,ESTAT:LFSI_PT_A(1.0),A,EMP_TEMP,T,Y20-64,PC_EMP,FR,2009,10.4,,
dataflow,ESTAT:LFSI_PT_A(1.0),A,EMP_TEMP,T,Y20-64,PC_EMP,FR,2010,10.9,,
dataflow,ESTAT:LFSI_PT_A(1.0),A,EMP_TEMP,T,Y20-64,PC_EMP,FR,2011,11.2,,
dataflow,ESTAT:LFSI_PT_A(1.0),A,EMP_TEMP,T,Y20-64,PC_EMP,FR,2012,11.2,,
dataflow,ESTAT:LFSI_PT_A(1.0),A,EMP_TEMP,T,Y20-64,PC_EMP,FR,2013,11.2,,
dataflow,ESTAT:LFSI_PT_A(1.0),A,EMP_TEMP,T,Y20-64,PC_EMP,FR,2014,11.8,,
dataflow,ESTAT:LFSI_PT_A(1.0),A,EMP_TEMP,T,Y20-64,PC_EMP,FR,2015,12.5,,
dataflow,ESTAT:LFSI_PT_A(1.0),A,EMP_TEMP,T,Y20-64,PC_EMP,FR,2016,12.5,,
dataflow,ESTAT:LFSI_PT_A(1.0),A,EMP_TEMP,T,Y20-64,PC_EMP,FR,2017,12.9,,
dataflow,ESTAT:LFSI_PT_A(1.0),A,EMP_TEMP,T,Y20-64,PC_EMP,FR,2018,12.6,,
dataflow,ESTAT:LFSI_PT_A(1.0),A,EMP_TEMP,T,Y20-64,PC_EMP,FR,2019,12.1,,
dataflow,ESTAT:LFSI_PT_A(1.0),A,EMP_TEMP,T,Y20-64,PC_EMP,FR,2020,11.2,,
dataflow,ESTAT:LFSI_PT_A(1.0),A,EMP_TEMP,T,Y20-64,PC_EMP,FR,2021,11.9,d,
dataflow,ESTAT:LFSI_PT_A(1.0),A,EMP_TEMP,T,Y20-64,PC_EMP,FR,2022,12.7,d,
dataflow,ESTAT:LFSI_PT_A(1.0),A,EMP_TEMP,T,Y20-64,PC_EMP,FR,2023,12.2,d,
dataflow,ESTAT:LFSI_PT_A(1.0),A,EMP_TEMP,T,Y20-64,PC_EMP,FR,2024,12.0,bd,
dataflow,ESTAT:LFSI_PT_A(1.0),A,EMP_TEMP,T,Y20-64,PC_EMP,FR,2025,11.8,d,
dataflow,ESTAT:LFSI_PT_A(1.0),A,EMP_TEMP,T,Y20-64,PC_EMP,HR,2009,9.3,,
dataflow,ESTAT:LFSI_PT_A(1.0),A,EMP_TEMP,T,Y20-64,PC_EMP,HR,2010,9.7,,
dataflow,ESTAT:LFSI_PT_A(1.0),A,EMP_TEMP,T,Y20-64,PC_EMP,HR,2011,10.4,,
dataflow,ESTAT:LFSI_PT_A(1.0),A,EMP_TEMP,T,Y20-64,PC_EMP,HR,2012,10.6,,
dataflow,ESTAT:LFSI_PT_A(1.0),A,EMP_TEMP,T,Y20-64,PC_EMP,HR,2013,11.8,,
dataflow,ESTAT:LFSI_PT_A(1.0),A,EMP_TEMP,T,Y20-64,PC_EMP,HR,2014,13.8,,
dataflow,ESTAT:LFSI_PT_A(1.0),A,EMP_TEMP,T,Y20-64,PC_EMP,HR,2015,16.7,,
dataflow,ESTAT:LFSI_PT_A(1.0),A,EMP_TEMP,T,Y20-64,PC_EMP,HR,2016,18.3,,
dataflow,ESTAT:LFSI_PT_A(1.0),A,EMP_TEMP,T,Y20-64,PC_EMP,HR,2017,17.4,,
dataflow,ESTAT:LFSI_PT_A(1.0),A,EMP_TEMP,T,Y20-64,PC_EMP,HR,2018,16.9,,
dataflow,ESTAT:LFSI_PT_A(1.0),A,EMP_TEMP,T,Y20-64,PC_EMP,HR,2019,15.4,,
dataflow,ESTAT:LFSI_PT_A(1.0),A,EMP_TEMP,T,Y20-64,PC_EMP,HR,2020,13.0,,
dataflow,ESTAT:LFSI_PT_A(1.0),A,EMP_TEMP,T,Y20-64,PC_EMP,HR,2021,11.2,,
dataflow,ESTAT:LFSI_PT_A(1.0),A,EMP_TEMP,T,Y20-64,PC_EMP,HR,2022,12.1,,
dataflow,ESTAT:LFSI_PT_A(1.0),A,EMP_TEMP,T,Y20-64,PC_EMP,HR,2023,9.3,,
dataflow,ESTAT:LFSI_PT_A(1.0),A,EMP_TEMP,T,Y20-64,PC_EMP,HR,2024,7.5,,
dataflow,ESTAT:LFSI_PT_A(1.0),A,EMP_TEMP,T,Y20-64,PC_EMP,HR,2025,7.1,,
dataflow,ESTAT:LFSI_PT_A(1.0),A,EMP_TEMP,T,Y20-64,PC_EMP,HU,2009,7.0,,
dataflow,ESTAT:LFSI_PT_A(1.0),A,EMP_TEMP,T,Y20-64,PC_EMP,HU,2010,8.1,,
dataflow,ESTAT:LFSI_PT_A(1.0),A,EMP_TEMP,T,Y20-64,PC_EMP,HU,2011,7.6,,
dataflow,ESTAT:LFSI_PT_A(1.0),A,EMP_TEMP,T,Y20-64,PC_EMP,HU,2012,8.1,,
dataflow,ESTAT:LFSI_PT_A(1.0),A,EMP_TEMP,T,Y20-64,PC_EMP,HU,2013,9.3,,
dataflow,ESTAT:LFSI_PT_A(1.0),A,EMP_TEMP,T,Y20-64,PC_EMP,HU,2014,9.2,,
dataflow,ESTAT:LFSI_PT_A(1.0),A,EMP_TEMP,T,Y20-64,PC_EMP,HU,2015,9.7,,
dataflow,ESTAT:LFSI_PT_A(1.0),A,EMP_TEMP,T,Y20-64,PC_EMP,HU,2016,8.3,,
dataflow,ESTAT:LFSI_PT_A(1.0),A,EMP_TEMP,T,Y20-64,PC_EMP,HU,2017,7.5,,
dataflow,ESTAT:LFSI_PT_A(1.0),A,EMP_TEMP,T,Y20-64,PC_EMP,HU,2018,6.2,b,
dataflow,ESTAT:LFSI_PT_A(1.0),A,EMP_TEMP,T,Y20-64,PC_EMP,HU,2019,5.6,,
dataflow,ESTAT:LFSI_PT_A(1.0),A,EMP_TEMP,T,Y20-64,PC_EMP,HU,2020,4.9,,
dataflow,ESTAT:LFSI_PT_A(1.0),A,EMP_TEMP,T,Y20-64,PC_EMP,HU,2021,5.0,,
dataflow,ESTAT:LFSI_PT_A(1.0),A,EMP_TEMP,T,Y20-64,PC_EMP,HU,2022,4.6,,
dataflow,ESTAT:LFSI_PT_A(1.0),A,EMP_TEMP,T,Y20-64,PC_EMP,HU,2023,4.2,,
dataflow,ESTAT:LFSI_PT_A(1.0),A,EMP_TEMP,T,Y20-64,PC_EMP,HU,2024,4.1,,
dataflow,ESTAT:LFSI_PT_A(1.0),A,EMP_TEMP,T,Y20-64,PC_EMP,HU,2025,3.8,,
dataflow,ESTAT:LFSI_PT_A(1.0),A,EMP_TEMP,T,Y20-64,PC_EMP,IE,2009,6.7,,
dataflow,ESTAT:LFSI_PT_A(1.0),A,EMP_TEMP,T,Y20-64,PC_EMP,IE,2010,7.5,,
dataflow,ESTAT:LFSI_PT_A(1.0),A,EMP_TEMP,T,Y20-64,PC_EMP,IE,2011,8.1,,
dataflow,ESTAT:LFSI_PT_A(1.0),A,EMP_TEMP,T,Y20-64,PC_EMP,IE,2012,8.0,,
dataflow,ESTAT:LFSI_PT_A(1.0),A,EMP_TEMP,T,Y20-64,PC_EMP,IE,2013,7.9,,
dataflow,ESTAT:LFSI_PT_A(1.0),A,EMP_TEMP,T,Y20-64,PC_EMP,IE,2014,7.5,,
dataflow,ESTAT:LFSI_PT_A(1.0),A,EMP_TEMP,T,Y20-64,PC_EMP,IE,2015,7.0,,
dataflow,ESTAT:LFSI_PT_A(1.0),A,EMP_TEMP,T,Y20-64,PC_EMP,IE,2016,6.5,,
dataflow,ESTAT:LFSI_PT_A(1.0),A,EMP_TEMP,T,Y20-64,PC_EMP,IE,2017,6.7,b,
dataflow,ESTAT:LFSI_PT_A(1.0),A,EMP_TEMP,T,Y20-64,PC_EMP,IE,2018,7.4,,
dataflow,ESTAT:LFSI_PT_A(1.0),A,EMP_TEMP,T,Y20-64,PC_EMP,IE,2019,7.1,,
dataflow,ESTAT:LFSI_PT_A(1.0),A,EMP_TEMP,T,Y20-64,PC_EMP,IE,2020,6.6,,
dataflow,ESTAT:LFSI_PT_A(1.0),A,EMP_TEMP,T,Y20-64,PC_EMP,IE,2021,6.9,b,
dataflow,ESTAT:LFSI_PT_A(1.0),A,EMP_TEMP,T,Y20-64,PC_EMP,IE,2022,6.0,,
dataflow,ESTAT:LFSI_PT_A(1.0),A,EMP_TEMP,T,Y20-64,PC_EMP,IE,2023,6.0,,
dataflow,ESTAT:LFSI_PT_A(1.0),A,EMP_TEMP,T,Y20-64,PC_EMP,IE,2024,5.4,,
dataflow,ESTAT:LFSI_PT_A(1.0),A,EMP_TEMP,T,Y20-64,PC_EMP,IE,2025,5.6,,
dataflow,ESTAT:LFSI_PT_A(1.0),A,EMP_TEMP,T,Y20-64,PC_EMP,IS,2009,7.2,,
dataflow,ESTAT:LFSI_PT_A(1.0),A,EMP_TEMP,T,Y20-64,PC_EMP,IS,2010,9.4,,
dataflow,ESTAT:LFSI_PT_A(1.0),A,EMP_TEMP,T,Y20-64,PC_EMP,IS,2011,9.0,,
dataflow,ESTAT:LFSI_PT_A(1.0),A,EMP_TEMP,T,Y20-64,PC_EMP,IS,2012,10.1,,
dataflow,ESTAT:LFSI_PT_A(1.0),A,EMP_TEMP,T,Y20-64,PC_EMP,IS,2013,11.0,,
dataflow,ESTAT:LFSI_PT_A(1.0),A,EMP_TEMP,T,Y20-64,PC_EMP,IS,2014,10.7,,
dataflow,ESTAT:LFSI_PT_A(1.0),A,EMP_TEMP,T,Y20-64,PC_EMP,IS,2015,9.9,,
dataflow,ESTAT:LFSI_PT_A(1.0),A,EMP_TEMP,T,Y20-64,PC_EMP,IS,2016,9.2,,
dataflow,ESTAT:LFSI_PT_A(1.0),A,EMP_TEMP,T,Y20-64,PC_EMP,IS,2017,8.5,,
dataflow,ESTAT:LFSI_PT_A(1.0),A,EMP_TEMP,T,Y20-64,PC_EMP,IS,2018,7.1,,
dataflow,ESTAT:LFSI_PT_A(1.0),A,EMP_TEMP,T,Y20-64,PC_EMP,IS,2019,6.3,,
dataflow,ESTAT:LFSI_PT_A(1.0),A,EMP_TEMP,T,Y20-64,PC_EMP,IS,2020,6.5,b,
dataflow,ESTAT:LFSI_PT_A(1.0),A,EMP_TEMP,T,Y20-64,PC_EMP,IS,2021,9.8,,
dataflow,ESTAT:LFSI_PT_A(1.0),A,EMP_TEMP,T,Y20-64,PC_EMP,IS,2022,10.3,,
dataflow,ESTAT:LFSI_PT_A(1.0),A,EMP_TEMP,T,Y20-64,PC_EMP,IS,2023,8.9,,
dataflow,ESTAT:LFSI_PT_A(1.0),A,EMP_TEMP,T,Y20-64,PC_EMP,IS,2024,8.5,,
dataflow,ESTAT:LFSI_PT_A(1.0),A,EMP_TEMP,T,Y20-64,PC_EMP,IS,2025,8.8,,
dataflow,ESTAT:LFSI_PT_A(1.0),A,EMP_TEMP,T,Y20-64,PC_EMP,IT,2009,9.2,,
dataflow,ESTAT:LFSI_PT_A(1.0),A,EMP_TEMP,T,Y20-64,PC_EMP,IT,2010,9.4,,
dataflow,ESTAT:LFSI_PT_A(1.0),A,EMP_TEMP,T,Y20-64,PC_EMP,IT,2011,9.9,,
dataflow,ESTAT:LFSI_PT_A(1.0),A,EMP_TEMP,T,Y20-64,PC_EMP,IT,2012,10.3,,
dataflow,ESTAT:LFSI_PT_A(1.0),A,EMP_TEMP,T,Y20-64,PC_EMP,IT,2013,9.9,,
dataflow,ESTAT:LFSI_PT_A(1.0),A,EMP_TEMP,T,Y20-64,PC_EMP,IT,2014,10.3,,
dataflow,ESTAT:LFSI_PT_A(1.0),A,EMP_TEMP,T,Y20-64,PC_EMP,IT,2015,10.6,,
dataflow,ESTAT:LFSI_PT_A(1.0),A,EMP_TEMP,T,Y20-64,PC_EMP,IT,2016,10.7,,
dataflow,ESTAT:LFSI_PT_A(1.0),A,EMP_TEMP,T,Y20-64,PC_EMP,IT,2017,11.8,,
dataflow,ESTAT:LFSI_PT_A(1.0),A,EMP_TEMP,T,Y20-64,PC_EMP,IT,2018,13.1,b,
dataflow,ESTAT:LFSI_PT_A(1.0),A,EMP_TEMP,T,Y20-64,PC_EMP,IT,2019,13.1,,
dataflow,ESTAT:LFSI_PT_A(1.0),A,EMP_TEMP,T,Y20-64,PC_EMP,IT,2020,11.7,,
dataflow,ESTAT:LFSI_PT_A(1.0),A,EMP_TEMP,T,Y20-64,PC_EMP,IT,2021,12.9,,
dataflow,ESTAT:LFSI_PT_A(1.0),A,EMP_TEMP,T,Y20-64,PC_EMP,IT,2022,13.2,,
dataflow,ESTAT:LFSI_PT_A(1.0),A,EMP_TEMP,T,Y20-64,PC_EMP,IT,2023,12.6,,
dataflow,ESTAT:LFSI_PT_A(1.0),A,EMP_TEMP,T,Y20-64,PC_EMP,IT,2024,11.5,,
dataflow,ESTAT:LFSI_PT_A(1.0),A,EMP_TEMP,T,Y20-64,PC_EMP,IT,2025,10.6,,
dataflow,ESTAT:LFSI_PT_A(1.0),A,EMP_TEMP,T,Y20-64,PC_EMP,LT,2009,2.0,,
dataflow,ESTAT:LFSI_PT_A(1.0),A,EMP_TEMP,T,Y20-64,PC_EMP,LT,2010,2.1,,
dataflow,ESTAT:LFSI_PT_A(1.0),A,EMP_TEMP,T,Y20-64,PC_EMP,LT,2011,2.4,,
dataflow,ESTAT:LFSI_PT_A(1.0),A,EMP_TEMP,T,Y20-64,PC_EMP,LT,2012,2.2,,
dataflow,ESTAT:LFSI_PT_A(1.0),A,EMP_TEMP,T,Y20-64,PC_EMP,LT,2013,2.3,,
dataflow,ESTAT:LFSI_PT_A(1.0),A,EMP_TEMP,T,Y20-64,PC_EMP,LT,2014,2.3,,
dataflow,ESTAT:LFSI_PT_A(1.0),A,EMP_TEMP,T,Y20-64,PC_EMP,LT,2015,1.8,,
dataflow,ESTAT:LFSI_PT_A(1.0),A,EMP_TEMP,T,Y20-64,PC_EMP,LT,2016,1.6,,
dataflow,ESTAT:LFSI_PT_A(1.0),A,EMP_TEMP,T,Y20-64,PC_EMP,LT,2017,1.4,,
dataflow,ESTAT:LFSI_PT_A(1.0),A,EMP_TEMP,T,Y20-64,PC_EMP,LT,2018,1.2,,
dataflow,ESTAT:LFSI_PT_A(1.0),A,EMP_TEMP,T,Y20-64,PC_EMP,LT,2019,1.1,,
dataflow,ESTAT:LFSI_PT_A(1.0),A,EMP_TEMP,T,Y20-64,PC_EMP,LT,2020,1.0,,
dataflow,ESTAT:LFSI_PT_A(1.0),A,EMP_TEMP,T,Y20-64,PC_EMP,LT,2021,1.6,,
dataflow,ESTAT:LFSI_PT_A(1.0),A,EMP_TEMP,T,Y20-64,PC_EMP,LT,2022,1.5,,
dataflow,ESTAT:LFSI_PT_A(1.0),A,EMP_TEMP,T,Y20-64,PC_EMP,LT,2023,1.5,,
dataflow,ESTAT:LFSI_PT_A(1.0),A,EMP_TEMP,T,Y20-64,PC_EMP,LT,2024,1.4,,
dataflow,ESTAT:LFSI_PT_A(1.0),A,EMP_TEMP,T,Y20-64,PC_EMP,LT,2025,1.5,,
dataflow,ESTAT:LFSI_PT_A(1.0),A,EMP_TEMP,T,Y20-64,PC_EMP,LU,2009,5.9,,
dataflow,ESTAT:LFSI_PT_A(1.0),A,EMP_TEMP,T,Y20-64,PC_EMP,LU,2010,5.9,,
dataflow,ESTAT:LFSI_PT_A(1.0),A,EMP_TEMP,T,Y20-64,PC_EMP,LU,2011,6.0,,
dataflow,ESTAT:LFSI_PT_A(1.0),A,EMP_TEMP,T,Y20-64,PC_EMP,LU,2012,6.4,,
dataflow,ESTAT:LFSI_PT_A(1.0),A,EMP_TEMP,T,Y20-64,PC_EMP,LU,2013,5.9,,
dataflow,ESTAT:LFSI_PT_A(1.0),A,EMP_TEMP,T,Y20-64,PC_EMP,LU,2014,6.7,,
dataflow,ESTAT:LFSI_PT_A(1.0),A,EMP_TEMP,T,Y20-64,PC_EMP,LU,2015,8.5,b,
dataflow,ESTAT:LFSI_PT_A(1.0),A,EMP_TEMP,T,Y20-64,PC_EMP,LU,2016,7.4,,
dataflow,ESTAT:LFSI_PT_A(1.0),A,EMP_TEMP,T,Y20-64,PC_EMP,LU,2017,7.6,,
dataflow,ESTAT:LFSI_PT_A(1.0),A,EMP_TEMP,T,Y20-64,PC_EMP,LU,2018,8.5,,
dataflow,ESTAT:LFSI_PT_A(1.0),A,EMP_TEMP,T,Y20-64,PC_EMP,LU,2019,7.9,,
dataflow,ESTAT:LFSI_PT_A(1.0),A,EMP_TEMP,T,Y20-64,PC_EMP,LU,2020,6.5,,
dataflow,ESTAT:LFSI_PT_A(1.0),A,EMP_TEMP,T,Y20-64,PC_EMP,LU,2021,7.9,,
dataflow,ESTAT:LFSI_PT_A(1.0),A,EMP_TEMP,T,Y20-64,PC_EMP,LU,2022,6.0,,
dataflow,ESTAT:LFSI_PT_A(1.0),A,EMP_TEMP,T,Y20-64,PC_EMP,LU,2023,6.2,,
dataflow,ESTAT:LFSI_PT_A(1.0),A,EMP_TEMP,T,Y20-64,PC_EMP,LU,2024,8.1,,
dataflow,ESTAT:LFSI_PT_A(1.0),A,EMP_TEMP,T,Y20-64,PC_EMP,LU,2025,8.1,,
dataflow,ESTAT:LFSI_PT_A(1.0),A,EMP_TEMP,T,Y20-64,PC_EMP,LV,2009,3.3,,
dataflow,ESTAT:LFSI_PT_A(1.0),A,EMP_TEMP,T,Y20-64,PC_EMP,LV,2010,5.5,,
dataflow,ESTAT:LFSI_PT_A(1.0),A,EMP_TEMP,T,Y20-64,PC_EMP,LV,2011,5.2,,
dataflow,ESTAT:LFSI_PT_A(1.0),A,EMP_TEMP,T,Y20-64,PC_EMP,LV,2012,3.7,,
dataflow,ESTAT:LFSI_PT_A(1.0),A,EMP_TEMP,T,Y20-64,PC_EMP,LV,2013,3.3,,
dataflow,ESTAT:LFSI_PT_A(1.0),A,EMP_TEMP,T,Y20-64,PC_EMP,LV,2014,2.5,,
dataflow,ESTAT:LFSI_PT_A(1.0),A,EMP_TEMP,T,Y20-64,PC_EMP,LV,2015,2.8,,
dataflow,ESTAT:LFSI_PT_A(1.0),A,EMP_TEMP,T,Y20-64,PC_EMP,LV,2016,2.8,,
dataflow,ESTAT:LFSI_PT_A(1.0),A,EMP_TEMP,T,Y20-64,PC_EMP,LV,2017,2.2,,
dataflow,ESTAT:LFSI_PT_A(1.0),A,EMP_TEMP,T,Y20-64,PC_EMP,LV,2018,2.1,,
dataflow,ESTAT:LFSI_PT_A(1.0),A,EMP_TEMP,T,Y20-64,PC_EMP,LV,2019,2.3,,
dataflow,ESTAT:LFSI_PT_A(1.0),A,EMP_TEMP,T,Y20-64,PC_EMP,LV,2020,2.1,,
dataflow,ESTAT:LFSI_PT_A(1.0),A,EMP_TEMP,T,Y20-64,PC_EMP,LV,2021,2.3,,
dataflow,ESTAT:LFSI_PT_A(1.0),A,EMP_TEMP,T,Y20-64,PC_EMP,LV,2022,2.2,,
dataflow,ESTAT:LFSI_PT_A(1.0),A,EMP_TEMP,T,Y20-64,PC_EMP,LV,2023,2.2,,
dataflow,ESTAT:LFSI_PT_A(1.0),A,EMP_TEMP,T,Y20-64,PC_EMP,LV,2024,1.8,,
dataflow,ESTAT:LFSI_PT_A(1.0),A,EMP_TEMP,T,Y20-64,PC_EMP,LV,2025,2.1,,
dataflow,ESTAT:LFSI_PT_A(1.0),A,EMP_TEMP,T,Y20-64,PC_EMP,ME,2011,14.4,,
dataflow,ESTAT:LFSI_PT_A(1.0),A,EMP_TEMP,T,Y20-64,PC_EMP,ME,2012,17.6,,
dataflow,ESTAT:LFSI_PT_A(1.0),A,EMP_TEMP,T,Y20-64,PC_EMP,ME,2013,21.6,,
dataflow,ESTAT:LFSI_PT_A(1.0),A,EMP_TEMP,T,Y20-64,PC_EMP,ME,2014,21.8,,
dataflow,ESTAT:LFSI_PT_A(1.0),A,EMP_TEMP,T,Y20-64,PC_EMP,ME,2015,23.7,,
dataflow,ESTAT:LFSI_PT_A(1.0),A,EMP_TEMP,T,Y20-64,PC_EMP,ME,2016,26.1,,
dataflow,ESTAT:LFSI_PT_A(1.0),A,EMP_TEMP,T,Y20-64,PC_EMP,ME,2017,23.3,,
dataflow,ESTAT:LFSI_PT_A(1.0),A,EMP_TEMP,T,Y20-64,PC_EMP,ME,2018,25.3,,
dataflow,ESTAT:LFSI_PT_A(1.0),A,EMP_TEMP,T,Y20-64,PC_EMP,ME,2019,26.1,,
dataflow,ESTAT:LFSI_PT_A(1.0),A,EMP_TEMP,T,Y20-64,PC_EMP,ME,2020,23.9,,
dataflow,ESTAT:LFSI_PT_A(1.0),A,EMP_TEMP,T,Y20-64,PC_EMP,MK,2009,11.2,,
dataflow,ESTAT:LFSI_PT_A(1.0),A,EMP_TEMP,T,Y20-64,PC_EMP,MK,2010,11.9,,
dataflow,ESTAT:LFSI_PT_A(1.0),A,EMP_TEMP,T,Y20-64,PC_EMP,MK,2011,10.7,,
dataflow,ESTAT:LFSI_PT_A(1.0),A,EMP_TEMP,T,Y20-64,PC_EMP,MK,2012,10.6,,
dataflow,ESTAT:LFSI_PT_A(1.0),A,EMP_TEMP,T,Y20-64,PC_EMP,MK,2013,10.9,,
dataflow,ESTAT:LFSI_PT_A(1.0),A,EMP_TEMP,T,Y20-64,PC_EMP,MK,2014,11.3,,
dataflow,ESTAT:LFSI_PT_A(1.0),A,EMP_TEMP,T,Y20-64,PC_EMP,MK,2015,9.4,,
dataflow,ESTAT:LFSI_PT_A(1.0),A,EMP_TEMP,T,Y20-64,PC_EMP,MK,2016,10.2,,
dataflow,ESTAT:LFSI_PT_A(1.0),A,EMP_TEMP,T,Y20-64,PC_EMP,MK,2017,10.6,,
dataflow,ESTAT:LFSI_PT_A(1.0),A,EMP_TEMP,T,Y20-64,PC_EMP,MK,2018,11.5,,
dataflow,ESTAT:LFSI_PT_A(1.0),A,EMP_TEMP,T,Y20-64,PC_EMP,MK,2019,13.2,,
dataflow,ESTAT:LFSI_PT_A(1.0),A,EMP_TEMP,T,Y20-64,PC_EMP,MK,2020,14.6,,
dataflow,ESTAT:LFSI_PT_A(1.0),A,EMP_TEMP,T,Y20-64,PC_EMP,MK,2021,14.8,b,
dataflow,ESTAT:LFSI_PT_A(1.0),A,EMP_TEMP,T,Y20-64,PC_EMP,MK,2022,14.2,,
dataflow,ESTAT:LFSI_PT_A(1.0),A,EMP_TEMP,T,Y20-64,PC_EMP,MK,2023,13.9,,
dataflow,ESTAT:LFSI_PT_A(1.0),A,EMP_TEMP,T,Y20-64,PC_EMP,MK,2024,15.6,,
dataflow,ESTAT:LFSI_PT_A(1.0),A,EMP_TEMP,T,Y20-64,PC_EMP,MK,2025,15.4,,
dataflow,ESTAT:LFSI_PT_A(1.0),A,EMP_TEMP,T,Y20-64,PC_EMP,MT,2009,3.6,,
dataflow,ESTAT:LFSI_PT_A(1.0),A,EMP_TEMP,T,Y20-64,PC_EMP,MT,2010,3.9,,
dataflow,ESTAT:LFSI_PT_A(1.0),A,EMP_TEMP,T,Y20-64,PC_EMP,MT,2011,5.0,,
dataflow,ESTAT:LFSI_PT_A(1.0),A,EMP_TEMP,T,Y20-64,PC_EMP,MT,2012,5.3,,
dataflow,ESTAT:LFSI_PT_A(1.0),A,EMP_TEMP,T,Y20-64,PC_EMP,MT,2013,5.9,,
dataflow,ESTAT:LFSI_PT_A(1.0),A,EMP_TEMP,T,Y20-64,PC_EMP,MT,2014,6.1,,
dataflow,ESTAT:LFSI_PT_A(1.0),A,EMP_TEMP,T,Y20-64,PC_EMP,MT,2015,6.1,,
dataflow,ESTAT:LFSI_PT_A(1.0),A,EMP_TEMP,T,Y20-64,PC_EMP,MT,2016,6.0,,
dataflow,ESTAT:LFSI_PT_A(1.0),A,EMP_TEMP,T,Y20-64,PC_EMP,MT,2017,4.9,,
dataflow,ESTAT:LFSI_PT_A(1.0),A,EMP_TEMP,T,Y20-64,PC_EMP,MT,2018,6.5,,
dataflow,ESTAT:LFSI_PT_A(1.0),A,EMP_TEMP,T,Y20-64,PC_EMP,MT,2019,7.4,,
dataflow,ESTAT:LFSI_PT_A(1.0),A,EMP_TEMP,T,Y20-64,PC_EMP,MT,2020,6.4,,
dataflow,ESTAT:LFSI_PT_A(1.0),A,EMP_TEMP,T,Y20-64,PC_EMP,MT,2021,6.4,,
dataflow,ESTAT:LFSI_PT_A(1.0),A,EMP_TEMP,T,Y20-64,PC_EMP,MT,2022,6.6,,
dataflow,ESTAT:LFSI_PT_A(1.0),A,EMP_TEMP,T,Y20-64,PC_EMP,MT,2023,7.2,,
dataflow,ESTAT:LFSI_PT_A(1.0),A,EMP_TEMP,T,Y20-64,PC_EMP,MT,2024,7.8,,
dataflow,ESTAT:LFSI_PT_A(1.0),A,EMP_TEMP,T,Y20-64,PC_EMP,MT,2025,7.8,,
dataflow,ESTAT:LFSI_PT_A(1.0),A,EMP_TEMP,T,Y20-64,PC_EMP,NL,2009,20.6,,
dataflow,ESTAT:LFSI_PT_A(1.0),A,EMP_TEMP,T,Y20-64,PC_EMP,NL,2010,20.6,,
dataflow,ESTAT:LFSI_PT_A(1.0),A,EMP_TEMP,T,Y20-64,PC_EMP,NL,2011,20.6,,
dataflow,ESTAT:LFSI_PT_A(1.0),A,EMP_TEMP,T,Y20-64,PC_EMP,NL,2012,21.4,,
dataflow,ESTAT:LFSI_PT_A(1.0),A,EMP_TEMP,T,Y20-64,PC_EMP,NL,2013,22.1,,
dataflow,ESTAT:LFSI_PT_A(1.0),A,EMP_TEMP,T,Y20-64,PC_EMP,NL,2014,22.8,,
dataflow,ESTAT:LFSI_PT_A(1.0),A,EMP_TEMP,T,Y20-64,PC_EMP,NL,2015,21.7,,
dataflow,ESTAT:LFSI_PT_A(1.0),A,EMP_TEMP,T,Y20-64,PC_EMP,NL,2016,21.9,,
dataflow,ESTAT:LFSI_PT_A(1.0),A,EMP_TEMP,T,Y20-64,PC_EMP,NL,2017,22.5,,
dataflow,ESTAT:LFSI_PT_A(1.0),A,EMP_TEMP,T,Y20-64,PC_EMP,NL,2018,21.9,,
dataflow,ESTAT:LFSI_PT_A(1.0),A,EMP_TEMP,T,Y20-64,PC_EMP,NL,2019,20.8,,
dataflow,ESTAT:LFSI_PT_A(1.0),A,EMP_TEMP,T,Y20-64,PC_EMP,NL,2020,19.2,,
dataflow,ESTAT:LFSI_PT_A(1.0),A,EMP_TEMP,T,Y20-64,PC_EMP,NL,2021,19.4,,
dataflow,ESTAT:LFSI_PT_A(1.0),A,EMP_TEMP,T,Y20-64,PC_EMP,NL,2022,19.8,,
dataflow,ESTAT:LFSI_PT_A(1.0),A,EMP_TEMP,T,Y20-64,PC_EMP,NL,2023,19.6,,
dataflow,ESTAT:LFSI_PT_A(1.0),A,EMP_TEMP,T,Y20-64,PC_EMP,NL,2024,18.9,,
dataflow,ESTAT:LFSI_PT_A(1.0),A,EMP_TEMP,T,Y20-64,PC_EMP,NL,2025,18.7,,
dataflow,ESTAT:LFSI_PT_A(1.0),A,EMP_TEMP,T,Y20-64,PC_EMP,NO,2009,7.4,,
dataflow,ESTAT:LFSI_PT_A(1.0),A,EMP_TEMP,T,Y20-64,PC_EMP,NO,2010,7.8,,
dataflow,ESTAT:LFSI_PT_A(1.0),A,EMP_TEMP,T,Y20-64,PC_EMP,NO,2011,7.6,,
dataflow,ESTAT:LFSI_PT_A(1.0),A,EMP_TEMP,T,Y20-64,PC_EMP,NO,2012,8.3,,
dataflow,ESTAT:LFSI_PT_A(1.0),A,EMP_TEMP,T,Y20-64,PC_EMP,NO,2013,8.3,,
dataflow,ESTAT:LFSI_PT_A(1.0),A,EMP_TEMP,T,Y20-64,PC_EMP,NO,2014,7.6,,
dataflow,ESTAT:LFSI_PT_A(1.0),A,EMP_TEMP,T,Y20-64,PC_EMP,NO,2015,7.9,,
dataflow,ESTAT:LFSI_PT_A(1.0),A,EMP_TEMP,T,Y20-64,PC_EMP,NO,2016,8.4,,
dataflow,ESTAT:LFSI_PT_A(1.0),A,EMP_TEMP,T,Y20-64,PC_EMP,NO,2017,8.3,,
dataflow,ESTAT:LFSI_PT_A(1.0),A,EMP_TEMP,T,Y20-64,PC_EMP,NO,2018,8.3,,
dataflow,ESTAT:LFSI_PT_A(1.0),A,EMP_TEMP,T,Y20-64,PC_EMP,NO,2019,7.7,,
dataflow,ESTAT:LFSI_PT_A(1.0),A,EMP_TEMP,T,Y20-64,PC_EMP,NO,2020,7.6,,
dataflow,ESTAT:LFSI_PT_A(1.0),A,EMP_TEMP,T,Y20-64,PC_EMP,NO,2021,7.7,,
dataflow,ESTAT:LFSI_PT_A(1.0),A,EMP_TEMP,T,Y20-64,PC_EMP,NO,2022,7.0,,
dataflow,ESTAT:LFSI_PT_A(1.0),A,EMP_TEMP,T,Y20-64,PC_EMP,NO,2023,6.4,,
dataflow,ESTAT:LFSI_PT_A(1.0),A,EMP_TEMP,T,Y20-64,PC_EMP,NO,2024,6.7,,
dataflow,ESTAT:LFSI_PT_A(1.0),A,EMP_TEMP,T,Y20-64,PC_EMP,NO,2025,6.7,,
dataflow,ESTAT:LFSI_PT_A(1.0),A,EMP_TEMP,T,Y20-64,PC_EMP,PL,2009,21.0,,
dataflow,ESTAT:LFSI_PT_A(1.0),A,EMP_TEMP,T,Y20-64,PC_EMP,PL,2010,21.6,b,
dataflow,ESTAT:LFSI_PT_A(1.0),A,EMP_TEMP,T,Y20-64,PC_EMP,PL,2011,21.4,,
dataflow,ESTAT:LFSI_PT_A(1.0),A,EMP_TEMP,T,Y20-64,PC_EMP,PL,2012,21.4,,
dataflow,ESTAT:LFSI_PT_A(1.0),A,EMP_TEMP,T,Y20-64,PC_EMP,PL,2013,21.5,,
dataflow,ESTAT:LFSI_PT_A(1.0),A,EMP_TEMP,T,Y20-64,PC_EMP,PL,2014,22.7,,
dataflow,ESTAT:LFSI_PT_A(1.0),A,EMP_TEMP,T,Y20-64,PC_EMP,PL,2015,22.5,,
dataflow,ESTAT:LFSI_PT_A(1.0),A,EMP_TEMP,T,Y20-64,PC_EMP,PL,2016,22.1,,
dataflow,ESTAT:LFSI_PT_A(1.0),A,EMP_TEMP,T,Y20-64,PC_EMP,PL,2017,21.0,,
dataflow,ESTAT:LFSI_PT_A(1.0),A,EMP_TEMP,T,Y20-64,PC_EMP,PL,2018,19.5,,
dataflow,ESTAT:LFSI_PT_A(1.0),A,EMP_TEMP,T,Y20-64,PC_EMP,PL,2019,17.4,b,
dataflow,ESTAT:LFSI_PT_A(1.0),A,EMP_TEMP,T,Y20-64,PC_EMP,PL,2020,14.8,,
dataflow,ESTAT:LFSI_PT_A(1.0),A,EMP_TEMP,T,Y20-64,PC_EMP,PL,2021,11.8,,
dataflow,ESTAT:LFSI_PT_A(1.0),A,EMP_TEMP,T,Y20-64,PC_EMP,PL,2022,12.1,,
dataflow,ESTAT:LFSI_PT_A(1.0),A,EMP_TEMP,T,Y20-64,PC_EMP,PL,2023,11.9,,
dataflow,ESTAT:LFSI_PT_A(1.0),A,EMP_TEMP,T,Y20-64,PC_EMP,PL,2024,11.8,,
dataflow,ESTAT:LFSI_PT_A(1.0),A,EMP_TEMP,T,Y20-64,PC_EMP,PL,2025,12.4,,
dataflow,ESTAT:LFSI_PT_A(1.0),A,EMP_TEMP,T,Y20-64,PC_EMP,PT,2009,17.2,,
dataflow,ESTAT:LFSI_PT_A(1.0),A,EMP_TEMP,T,Y20-64,PC_EMP,PT,2010,18.3,,
dataflow,ESTAT:LFSI_PT_A(1.0),A,EMP_TEMP,T,Y20-64,PC_EMP,PT,2011,18.3,,
dataflow,ESTAT:LFSI_PT_A(1.0),A,EMP_TEMP,T,Y20-64,PC_EMP,PT,2012,17.2,,
dataflow,ESTAT:LFSI_PT_A(1.0),A,EMP_TEMP,T,Y20-64,PC_EMP,PT,2013,17.8,,
dataflow,ESTAT:LFSI_PT_A(1.0),A,EMP_TEMP,T,Y20-64,PC_EMP,PT,2014,18.0,,
dataflow,ESTAT:LFSI_PT_A(1.0),A,EMP_TEMP,T,Y20-64,PC_EMP,PT,2015,18.6,,
dataflow,ESTAT:LFSI_PT_A(1.0),A,EMP_TEMP,T,Y20-64,PC_EMP,PT,2016,19.0,,
dataflow,ESTAT:LFSI_PT_A(1.0),A,EMP_TEMP,T,Y20-64,PC_EMP,PT,2017,18.8,,
dataflow,ESTAT:LFSI_PT_A(1.0),A,EMP_TEMP,T,Y20-64,PC_EMP,PT,2018,18.8,,
dataflow,ESTAT:LFSI_PT_A(1.0),A,EMP_TEMP,T,Y20-64,PC_EMP,PT,2019,17.7,,
dataflow,ESTAT:LFSI_PT_A(1.0),A,EMP_TEMP,T,Y20-64,PC_EMP,PT,2020,15.2,,
dataflow,ESTAT:LFSI_PT_A(1.0),A,EMP_TEMP,T,Y20-64,PC_EMP,PT,2021,14.5,,
dataflow,ESTAT:LFSI_PT_A(1.0),A,EMP_TEMP,T,Y20-64,PC_EMP,PT,2022,14.1,,
dataflow,ESTAT:LFSI_PT_A(1.0),A,EMP_TEMP,T,Y20-64,PC_EMP,PT,2023,14.9,,
dataflow,ESTAT:LFSI_PT_A(1.0),A,EMP_TEMP,T,Y20-64,PC_EMP,PT,2024,13.5,,
dataflow,ESTAT:LFSI_PT_A(1.0),A,EMP_TEMP,T,Y20-64,PC_EMP,PT,2025,12.8,,
dataflow,ESTAT:LFSI_PT_A(1.0),A,EMP_TEMP,T,Y20-64,PC_EMP,RO,2009,0.7,,
dataflow,ESTAT:LFSI_PT_A(1.0),A,EMP_TEMP,T,Y20-64,PC_EMP,RO,2010,0.8,,
dataflow,ESTAT:LFSI_PT_A(1.0),A,EMP_TEMP,T,Y20-64,PC_EMP,RO,2011,1.1,,
dataflow,ESTAT:LFSI_PT_A(1.0),A,EMP_TEMP,T,Y20-64,PC_EMP,RO,2012,1.2,,
dataflow,ESTAT:LFSI_PT_A(1.0),A,EMP_TEMP,T,Y20-64,PC_EMP,RO,2013,1.1,,
dataflow,ESTAT:LFSI_PT_A(1.0),A,EMP_TEMP,T,Y20-64,PC_EMP,RO,2014,1.2,,
dataflow,ESTAT:LFSI_PT_A(1.0),A,EMP_TEMP,T,Y20-64,PC_EMP,RO,2015,1.1,,
dataflow,ESTAT:LFSI_PT_A(1.0),A,EMP_TEMP,T,Y20-64,PC_EMP,RO,2016,1.1,,
dataflow,ESTAT:LFSI_PT_A(1.0),A,EMP_TEMP,T,Y20-64,PC_EMP,RO,2017,1.0,,
dataflow,ESTAT:LFSI_PT_A(1.0),A,EMP_TEMP,T,Y20-64,PC_EMP,RO,2018,0.9,,
dataflow,ESTAT:LFSI_PT_A(1.0),A,EMP_TEMP,T,Y20-64,PC_EMP,RO,2019,1.2,,
dataflow,ESTAT:LFSI_PT_A(1.0),A,EMP_TEMP,T,Y20-64,PC_EMP,RO,2020,1.0,,
dataflow,ESTAT:LFSI_PT_A(1.0),A,EMP_TEMP,T,Y20-64,PC_EMP,RO,2021,2.0,,
dataflow,ESTAT:LFSI_PT_A(1.0),A,EMP_TEMP,T,Y20-64,PC_EMP,RO,2022,1.8,,
dataflow,ESTAT:LFSI_PT_A(1.0),A,EMP_TEMP,T,Y20-64,PC_EMP,RO,2023,2.1,,
dataflow,ESTAT:LFSI_PT_A(1.0),A,EMP_TEMP,T,Y20-64,PC_EMP,RO,2024,1.5,,
dataflow,ESTAT:LFSI_PT_A(1.0),A,EMP_TEMP,T,Y20-64,PC_EMP,RO,2025,1.6,,
dataflow,ESTAT:LFSI_PT_A(1.0),A,EMP_TEMP,T,Y20-64,PC_EMP,RS,2011,12.4,,
dataflow,ESTAT:LFSI_PT_A(1.0),A,EMP_TEMP,T,Y20-64,PC_EMP,RS,2012,13.0,,
dataflow,ESTAT:LFSI_PT_A(1.0),A,EMP_TEMP,T,Y20-64,PC_EMP,RS,2013,13.5,,
dataflow,ESTAT:LFSI_PT_A(1.0),A,EMP_TEMP,T,Y20-64,PC_EMP,RS,2014,15.0,,
dataflow,ESTAT:LFSI_PT_A(1.0),A,EMP_TEMP,T,Y20-64,PC_EMP,RS,2015,17.6,,
dataflow,ESTAT:LFSI_PT_A(1.0),A,EMP_TEMP,T,Y20-64,PC_EMP,RS,2016,19.0,,
dataflow,ESTAT:LFSI_PT_A(1.0),A,EMP_TEMP,T,Y20-64,PC_EMP,RS,2017,18.5,,
dataflow,ESTAT:LFSI_PT_A(1.0),A,EMP_TEMP,T,Y20-64,PC_EMP,RS,2018,19.3,,
dataflow,ESTAT:LFSI_PT_A(1.0),A,EMP_TEMP,T,Y20-64,PC_EMP,RS,2019,19.2,,
dataflow,ESTAT:LFSI_PT_A(1.0),A,EMP_TEMP,T,Y20-64,PC_EMP,RS,2020,17.5,,
dataflow,ESTAT:LFSI_PT_A(1.0),A,EMP_TEMP,T,Y20-64,PC_EMP,RS,2021,17.4,,
dataflow,ESTAT:LFSI_PT_A(1.0),A,EMP_TEMP,T,Y20-64,PC_EMP,RS,2022,16.9,,
dataflow,ESTAT:LFSI_PT_A(1.0),A,EMP_TEMP,T,Y20-64,PC_EMP,RS,2023,15.4,,
dataflow,ESTAT:LFSI_PT_A(1.0),A,EMP_TEMP,T,Y20-64,PC_EMP,RS,2024,15.2,,
dataflow,ESTAT:LFSI_PT_A(1.0),A,EMP_TEMP,T,Y20-64,PC_EMP,RS,2025,14.5,,
dataflow,ESTAT:LFSI_PT_A(1.0),A,EMP_TEMP,T,Y20-64,PC_EMP,SE,2005,12.3,,
dataflow,ESTAT:LFSI_PT_A(1.0),A,EMP_TEMP,T,Y20-64,PC_EMP,SE,2006,12.9,,
dataflow,ESTAT:LFSI_PT_A(1.0),A,EMP_TEMP,T,Y20-64,PC_EMP,SE,2007,13.1,,
dataflow,ESTAT:LFSI_PT_A(1.0),A,EMP_TEMP,T,Y20-64,PC_EMP,SE,2008,11.9,,
dataflow,ESTAT:LFSI_PT_A(1.0),A,EMP_TEMP,T,Y20-64,PC_EMP,SE,2009,11.2,,
dataflow,ESTAT:LFSI_PT_A(1.0),A,EMP_TEMP,T,Y20-64,PC_EMP,SE,2010,12.1,,
dataflow,ESTAT:LFSI_PT_A(1.0),A,EMP_TEMP,T,Y20-64,PC_EMP,SE,2011,12.8,,
dataflow,ESTAT:LFSI_PT_A(1.0),A,EMP_TEMP,T,Y20-64,PC_EMP,SE,2012,12.4,,
dataflow,ESTAT:LFSI_PT_A(1.0),A,EMP_TEMP,T,Y20-64,PC_EMP,SE,2013,12.7,,
dataflow,ESTAT:LFSI_PT_A(1.0),A,EMP_TEMP,T,Y20-64,PC_EMP,SE,2014,13.2,,
dataflow,ESTAT:LFSI_PT_A(1.0),A,EMP_TEMP,T,Y20-64,PC_EMP,SE,2015,13.0,,
dataflow,ESTAT:LFSI_PT_A(1.0),A,EMP_TEMP,T,Y20-64,PC_EMP,SE,2016,12.7,,
dataflow,ESTAT:LFSI_PT_A(1.0),A,EMP_TEMP,T,Y20-64,PC_EMP,SE,2017,12.5,,
dataflow,ESTAT:LFSI_PT_A(1.0),A,EMP_TEMP,T,Y20-64,PC_EMP,SE,2018,12.3,,
dataflow,ESTAT:LFSI_PT_A(1.0),A,EMP_TEMP,T,Y20-64,PC_EMP,SE,2019,12.0,,
dataflow,ESTAT:LFSI_PT_A(1.0),A,EMP_TEMP,T,Y20-64,PC_EMP,SE,2020,11.7,,
dataflow,ESTAT:LFSI_PT_A(1.0),A,EMP_TEMP,T,Y20-64,PC_EMP,SE,2021,11.6,,
dataflow,ESTAT:LFSI_PT_A(1.0),A,EMP_TEMP,T,Y20-64,PC_EMP,SE,2022,11.5,,
dataflow,ESTAT:LFSI_PT_A(1.0),A,EMP_TEMP,T,Y20-64,PC_EMP,SE,2023,10.8,,
dataflow,ESTAT:LFSI_PT_A(1.0),A,EMP_TEMP,T,Y20-64,PC_EMP,SE,2024,9.7,,
dataflow,ESTAT:LFSI_PT_A(1.0),A,EMP_TEMP,T,Y20-64,PC_EMP,SE,2025,9.6,,
dataflow,ESTAT:LFSI_PT_A(1.0),A,EMP_TEMP,T,Y20-64,PC_EMP,SI,2009,14.8,,
dataflow,ESTAT:LFSI_PT_A(1.0),A,EMP_TEMP,T,Y20-64,PC_EMP,SI,2010,15.6,,
dataflow,ESTAT:LFSI_PT_A(1.0),A,EMP_TEMP,T,Y20-64,PC_EMP,SI,2011,16.6,,
dataflow,ESTAT:LFSI_PT_A(1.0),A,EMP_TEMP,T,Y20-64,PC_EMP,SI,2012,15.9,,
dataflow,ESTAT:LFSI_PT_A(1.0),A,EMP_TEMP,T,Y20-64,PC_EMP,SI,2013,15.1,,
dataflow,ESTAT:LFSI_PT_A(1.0),A,EMP_TEMP,T,Y20-64,PC_EMP,SI,2014,15.1,,
dataflow,ESTAT:LFSI_PT_A(1.0),A,EMP_TEMP,T,Y20-64,PC_EMP,SI,2015,16.5,,
dataflow,ESTAT:LFSI_PT_A(1.0),A,EMP_TEMP,T,Y20-64,PC_EMP,SI,2016,16.0,,
dataflow,ESTAT:LFSI_PT_A(1.0),A,EMP_TEMP,T,Y20-64,PC_EMP,SI,2017,16.5,,
dataflow,ESTAT:LFSI_PT_A(1.0),A,EMP_TEMP,T,Y20-64,PC_EMP,SI,2018,14.5,,
dataflow,ESTAT:LFSI_PT_A(1.0),A,EMP_TEMP,T,Y20-64,PC_EMP,SI,2019,12.3,,
dataflow,ESTAT:LFSI_PT_A(1.0),A,EMP_TEMP,T,Y20-64,PC_EMP,SI,2020,10.4,,
dataflow,ESTAT:LFSI_PT_A(1.0),A,EMP_TEMP,T,Y20-64,PC_EMP,SI,2021,9.6,,
dataflow,ESTAT:LFSI_PT_A(1.0),A,EMP_TEMP,T,Y20-64,PC_EMP,SI,2022,9.4,,
dataflow,ESTAT:LFSI_PT_A(1.0),A,EMP_TEMP,T,Y20-64,PC_EMP,SI,2023,9.1,,
dataflow,ESTAT:LFSI_PT_A(1.0),A,EMP_TEMP,T,Y20-64,PC_EMP,SI,2024,8.3,,
dataflow,ESTAT:LFSI_PT_A(1.0),A,EMP_TEMP,T,Y20-64,PC_EMP,SI,2025,7.6,,
dataflow,ESTAT:LFSI_PT_A(1.0),A,EMP_TEMP,T,Y20-64,PC_EMP,SK,2009,2.4,,
dataflow,ESTAT:LFSI_PT_A(1.0),A,EMP_TEMP,T,Y20-64,PC_EMP,SK,2010,3.1,,
dataflow,ESTAT:LFSI_PT_A(1.0),A,EMP_TEMP,T,Y20-64,PC_EMP,SK,2011,3.7,b,
dataflow,ESTAT:LFSI_PT_A(1.0),A,EMP_TEMP,T,Y20-64,PC_EMP,SK,2012,3.8,,
dataflow,ESTAT:LFSI_PT_A(1.0),A,EMP_TEMP,T,Y20-64,PC_EMP,SK,2013,3.8,,
dataflow,ESTAT:LFSI_PT_A(1.0),A,EMP_TEMP,T,Y20-64,PC_EMP,SK,2014,5.0,,
dataflow,ESTAT:LFSI_PT_A(1.0),A,EMP_TEMP,T,Y20-64,PC_EMP,SK,2015,6.0,,
dataflow,ESTAT:LFSI_PT_A(1.0),A,EMP_TEMP,T,Y20-64,PC_EMP,SK,2016,5.7,,
dataflow,ESTAT:LFSI_PT_A(1.0),A,EMP_TEMP,T,Y20-64,PC_EMP,SK,2017,5.3,,
dataflow,ESTAT:LFSI_PT_A(1.0),A,EMP_TEMP,T,Y20-64,PC_EMP,SK,2018,4.5,,
dataflow,ESTAT:LFSI_PT_A(1.0),A,EMP_TEMP,T,Y20-64,PC_EMP,SK,2019,4.4,,
dataflow,ESTAT:LFSI_PT_A(1.0),A,EMP_TEMP,T,Y20-64,PC_EMP,SK,2020,3.7,,
dataflow,ESTAT:LFSI_PT_A(1.0),A,EMP_TEMP,T,Y20-64,PC_EMP,SK,2021,3.4,,
dataflow,ESTAT:LFSI_PT_A(1.0),A,EMP_TEMP,T,Y20-64,PC_EMP,SK,2022,3.5,,
dataflow,ESTAT:LFSI_PT_A(1.0),A,EMP_TEMP,T,Y20-64,PC_EMP,SK,2023,3.5,,
dataflow,ESTAT:LFSI_PT_A(1.0),A,EMP_TEMP,T,Y20-64,PC_EMP,SK,2024,3.1,,
dataflow,ESTAT:LFSI_PT_A(1.0),A,EMP_TEMP,T,Y20-64,PC_EMP,SK,2025,3.0,,
dataflow,ESTAT:LFSI_PT_A(1.0),A,EMP_TEMP,T,Y20-64,PC_EMP,TR,2009,6.0,,
dataflow,ESTAT:LFSI_PT_A(1.0),A,EMP_TEMP,T,Y20-64,PC_EMP,TR,2010,6.5,,
dataflow,ESTAT:LFSI_PT_A(1.0),A,EMP_TEMP,T,Y20-64,PC_EMP,TR,2011,7.1,,
dataflow,ESTAT:LFSI_PT_A(1.0),A,EMP_TEMP,T,Y20-64,PC_EMP,TR,2012,7.0,,
dataflow,ESTAT:LFSI_PT_A(1.0),A,EMP_TEMP,T,Y20-64,PC_EMP,TR,2013,7.0,,
dataflow,ESTAT:LFSI_PT_A(1.0),A,EMP_TEMP,T,Y20-64,PC_EMP,TR,2014,7.8,b,
dataflow,ESTAT:LFSI_PT_A(1.0),A,EMP_TEMP,T,Y20-64,PC_EMP,TR,2015,7.9,,
dataflow,ESTAT:LFSI_PT_A(1.0),A,EMP_TEMP,T,Y20-64,PC_EMP,TR,2016,8.0,,
dataflow,ESTAT:LFSI_PT_A(1.0),A,EMP_TEMP,T,Y20-64,PC_EMP,TR,2017,8.0,,
dataflow,ESTAT:LFSI_PT_A(1.0),A,EMP_TEMP,T,Y20-64,PC_EMP,TR,2018,7.6,,
dataflow,ESTAT:LFSI_PT_A(1.0),A,EMP_TEMP,T,Y20-64,PC_EMP,TR,2019,7.0,,
dataflow,ESTAT:LFSI_PT_A(1.0),A,EMP_TEMP,T,Y20-64,PC_EMP,TR,2020,6.8,,
dataflow,ESTAT:LFSI_PT_A(1.0),A,EMP_TEMP,T,Y20-64,PC_EMP,TR,2021,7.1,b,
dataflow,ESTAT:LFSI_PT_A(1.0),A,EMP_TEMP,T,Y20-64,PC_EMP,TR,2022,6.4,,
dataflow,ESTAT:LFSI_PT_A(1.0),A,EMP_TEMP,T,Y20-64,PC_EMP,TR,2023,6.3,,
dataflow,ESTAT:LFSI_PT_A(1.0),A,EMP_TEMP,T,Y20-64,PC_EMP,TR,2024,6.7,,
dataflow,ESTAT:LFSI_PT_A(1.0),A,EMP_TEMP,T,Y20-64,PC_EMP,TR,2025,7.1,,
