STRUCTURE,STRUCTURE_ID,freq,unit,na_item,geo,TIME_PERIOD,OBS_VALUE,OBS_FLAG,CONF_STATUS
dataflow,ESTAT:NAMA_10_LP_ULC(1.0),A,PCH_PRE,RLPR_HW,AT,1996,0.0,,
dataflow,ESTAT:NAMA_10_LP_ULC(1.0),A,PCH_PRE,RLPR_HW,AT,1997,0.9,,
dataflow,ESTAT:NAMA_10_LP_ULC(1.0),A,PCH_PRE,RLPR_HW,AT,1998,3.7,,
dataflow,ESTAT:NAMA_10_LP_ULC(1.0),A,PCH_PRE,RLPR_HW,AT,1999,2.0,,
dataflow,ESTAT:NAMA_10_LP_ULC(1.0),A,PCH_PRE,RLPR_HW,AT,2000,2.2,,
dataflow,ESTAT:NAMA_10_LP_ULC(1.0),A,PCH_PRE,RLPR_HW,AT,2001,1.4,,
dataflow,ESTAT:NAMA_10_LP_ULC(1.0),A,PCH_PRE,RLPR_HW,AT,2002,1.7,,
dataflow,ESTAT:NAMA_10_LP_ULC(1.0),A,PCH_PRE,RLPR_HW,AT,2003,1.0,,
dataflow,ESTAT:NAMA_10_LP_ULC(1.0),A,PCH_PRE,RLPR_HW,AT,2004,1.8,,
dataflow,ESTAT:NAMA_10_LP_ULC(1.0),A,PCH_PRE,RLPR_HW,AT,2005,2.5,,
dataflow,ESTAT:NAMA_10_LP_ULC(1.0),A,PCH_PRE,RLPR_HW,AT,2006,2.5,,
dataflow,ESTAT:NAMA_10_LP_ULC(1.0),A,PCH_PRE,RLPR_HW,AT,2007,2.5,,
dataflow,ESTAT:NAMA_10_LP_ULC(1.0),A,PCH_PRE,RLPR_HW,AT,2008,0.0,,
dataflow,ESTAT:NAMA_10_LP_ULC(1.0),A,PCH_PRE,RLPR_HW,AT,2009,-0.4,,
dataflow,ESTAT:NAMA_10_LP_ULC(1.0),A,PCH_PRE,RLPR_HW,AT,2010,1.5,,
dataflow,ESTAT:NAMA_10_LP_ULC(1.0),A,PCH_PRE,RLPR_HW,AT,2011,1.0,,
dataflow,ESTAT:NAMA_10_LP_ULC(1.0),A,PCH_PRE,RLPR_HW,AT,2012,1.1,,
dataflow,ESTAT:NAMA_10_LP_ULC(1.0),A,PCH_PRE,RLPR_HW,AT,2013,0.2,,
dataflow,ESTAT:NAMA_10_LP_ULC(1.0),A,PCH_PRE,RLPR_HW,AT,2014,0.3,,
dataflow,ESTAT:NAMA_10_LP_ULC(1.0),A,PCH_PRE,RLPR_HW,AT,2015,2.1,,
dataflow,ESTAT:NAMA_10_LP_ULC(1.0),A,PCH_PRE,RLPR_HW,AT,2016,0.0,,
dataflow,ESTAT:NAMA_10_LP_ULC(1.0),A,PCH_PRE,RLPR_HW,AT,2017,1.3,,
dataflow,ESTAT:NAMA_10_LP_ULC(1.0),A,PCH_PRE,RLPR_HW,AT,2018,0.4,,
dataflow,ESTAT:NAMA_10_LP_ULC(1.0),A,PCH_PRE,RLPR_HW,AT,2019,0.1,,
dataflow,ESTAT:NAMA_10_LP_ULC(1.0),A,PCH_PRE,RLPR_HW,AT,2020,2.7,,
dataflow,ESTAT:NAMA_10_LP_ULC(1.0),A,PCH_PRE,RLPR_HW,AT,2021,0.0,,
dataflow,ESTAT:NAMA_10_LP_ULC(1.0),A,PCH_PRE,RLPR_HW,AT,2022,2.7,,
dataflow,ESTAT:NAMA_10_LP_ULC(1.0),A,PCH_PRE,RLPR_HW,AT,2023,-1.4,,
dataflow,ESTAT:NAMA_10_LP_ULC(1.0),A,PCH_PRE,RLPR_HW,AT,2024,-0.8,,
dataflow,ESTAT:NAMA_10_LP_ULC(1.0),A,PCH_PRE,RLPR_HW,AT,2025,0.3,,
dataflow,ESTAT:NAMA_10_LP_ULC(1.0),A,PCH_PRE,RLPR_HW,BE,1996,1.3,,
dataflow,ESTAT:NAMA_10_LP_ULC(1.0),A,PCH_PRE,RLPR_HW,BE,1997,2.6,,
dataflow,ESTAT:NAMA_10_LP_ULC(1.0),A,PCH_PRE,RLPR_HW,BE,1998,0.7,,
dataflow,ESTAT:NAMA_10_LP_ULC(1.0),A,PCH_PRE,RLPR_HW,BE,1999,2.1,,
dataflow,ESTAT:NAMA_10_LP_ULC(1.0),A,PCH_PRE,RLPR_HW,BE,2000,0.8,,
dataflow,ESTAT:NAMA_10_LP_ULC(1.0),A,PCH_PRE,RLPR_HW,BE,2001,0.2,,
dataflow,ESTAT:NAMA_10_LP_ULC(1.0),A,PCH_PRE,RLPR_HW,BE,2002,0.7,,
dataflow,ESTAT:NAMA_10_LP_ULC(1.0),A,PCH_PRE,RLPR_HW,BE,2003,0.8,,
dataflow,ESTAT:NAMA_10_LP_ULC(1.0),A,PCH_PRE,RLPR_HW,BE,2004,3.2,,
dataflow,ESTAT:NAMA_10_LP_ULC(1.0),A,PCH_PRE,RLPR_HW,BE,2005,1.5,,
dataflow,ESTAT:NAMA_10_LP_ULC(1.0),A,PCH_PRE,RLPR_HW,BE,2006,0.5,,
dataflow,ESTAT:NAMA_10_LP_ULC(1.0),A,PCH_PRE,RLPR_HW,BE,2007,1.8,,
dataflow,ESTAT:NAMA_10_LP_ULC(1.0),A,PCH_PRE,RLPR_HW,BE,2008,-0.6,,
dataflow,ESTAT:NAMA_10_LP_ULC(1.0),A,PCH_PRE,RLPR_HW,BE,2009,-0.6,b,
dataflow,ESTAT:NAMA_10_LP_ULC(1.0),A,PCH_PRE,RLPR_HW,BE,2010,1.1,,
dataflow,ESTAT:NAMA_10_LP_ULC(1.0),A,PCH_PRE,RLPR_HW,BE,2011,-0.4,,
dataflow,ESTAT:NAMA_10_LP_ULC(1.0),A,PCH_PRE,RLPR_HW,BE,2012,0.1,,
dataflow,ESTAT:NAMA_10_LP_ULC(1.0),A,PCH_PRE,RLPR_HW,BE,2013,0.6,,
dataflow,ESTAT:NAMA_10_LP_ULC(1.0),A,PCH_PRE,RLPR_HW,BE,2014,1.6,,
dataflow,ESTAT:NAMA_10_LP_ULC(1.0),A,PCH_PRE,RLPR_HW,BE,2015,1.0,,
dataflow,ESTAT:NAMA_10_LP_ULC(1.0),A,PCH_PRE,RLPR_HW,BE,2016,-0.1,,
dataflow,ESTAT:NAMA_10_LP_ULC(1.0),A,PCH_PRE,RLPR_HW,BE,2017,-0.2,,
dataflow,ESTAT:NAMA_10_LP_ULC(1.0),A,PCH_PRE,RLPR_HW,BE,2018,0.2,,
dataflow,ESTAT:NAMA_10_LP_ULC(1.0),A,PCH_PRE,RLPR_HW,BE,2019,0.9,,
dataflow,ESTAT:NAMA_10_LP_ULC(1.0),A,PCH_PRE,RLPR_HW,BE,2020,3.7,,
dataflow,ESTAT:NAMA_10_LP_ULC(1.0),A,PCH_PRE,RLPR_HW,BE,2021,-1.7,,
dataflow,ESTAT:NAMA_10_LP_ULC(1.0),A,PCH_PRE,RLPR_HW,BE,2022,-0.5,,
dataflow,ESTAT:NAMA_10_LP_ULC(1.0),A,PCH_PRE,RLPR_HW,BE,2023,0.7,,
dataflow,ESTAT:NAMA_10_LP_ULC(1.0),A,PCH_PRE,RLPR_HW,BE,2024,1.4,p,
dataflow,ESTAT:NAMA_10_LP_ULC(1.0),A,PCH_PRE,RLPR_HW,BE,2025,0.4,p,
dataflow,ESTAT:NAMA_10_LP_ULC(1.0),A,PCH_PRE,RLPR_HW,BG,1996,2.5,,
dataflow,ESTAT:NAMA_10_LP_ULC(1.0),A,PCH_PRE,RLPR_HW,BG,1997,-11.3,,
dataflow,ESTAT:NAMA_10_LP_ULC(1.0),A,PCH_PRE,RLPR_HW,BG,1998,8.5,,
dataflow,ESTAT:NAMA_10_LP_ULC(1.0),A,PCH_PRE,RLPR_HW,BG,1999,-5.4,,
dataflow,ESTAT:NAMA_10_LP_ULC(1.0),A,PCH_PRE,RLPR_HW,BG,2000,9.0,,
dataflow,ESTAT:NAMA_10_LP_ULC(1.0),A,PCH_PRE,RLPR_HW,BG,2001,3.9,,
dataflow,ESTAT:NAMA_10_LP_ULC(1.0),A,PCH_PRE,RLPR_HW,BG,2002,5.7,,
dataflow,ESTAT:NAMA_10_LP_ULC(1.0),A,PCH_PRE,RLPR_HW,BG,2003,2.9,,
dataflow,ESTAT:NAMA_10_LP_ULC(1.0),A,PCH_PRE,RLPR_HW,BG,2004,2.4,,
dataflow,ESTAT:NAMA_10_LP_ULC(1.0),A,PCH_PRE,RLPR_HW,BG,2005,4.6,,
dataflow,ESTAT:NAMA_10_LP_ULC(1.0),A,PCH_PRE,RLPR_HW,BG,2006,3.6,,
dataflow,ESTAT:NAMA_10_LP_ULC(1.0),A,PCH_PRE,RLPR_HW,BG,2007,3.3,,
dataflow,ESTAT:NAMA_10_LP_ULC(1.0),A,PCH_PRE,RLPR_HW,BG,2008,1.3,,
dataflow,ESTAT:NAMA_10_LP_ULC(1.0),A,PCH_PRE,RLPR_HW,BG,2009,1.2,,
dataflow,ESTAT:NAMA_10_LP_ULC(1.0),A,PCH_PRE,RLPR_HW,BG,2010,5.7,,
dataflow,ESTAT:NAMA_10_LP_ULC(1.0),A,PCH_PRE,RLPR_HW,BG,2011,4.5,,
dataflow,ESTAT:NAMA_10_LP_ULC(1.0),A,PCH_PRE,RLPR_HW,BG,2012,3.3,,
dataflow,ESTAT:NAMA_10_LP_ULC(1.0),A,PCH_PRE,RLPR_HW,BG,2013,-0.1,,
dataflow,ESTAT:NAMA_10_LP_ULC(1.0),A,PCH_PRE,RLPR_HW,BG,2014,0.6,,
dataflow,ESTAT:NAMA_10_LP_ULC(1.0),A,PCH_PRE,RLPR_HW,BG,2015,3.0,,
dataflow,ESTAT:NAMA_10_LP_ULC(1.0),A,PCH_PRE,RLPR_HW,BG,2016,2.6,,
dataflow,ESTAT:NAMA_10_LP_ULC(1.0),A,PCH_PRE,RLPR_HW,BG,2017,1.0,,
dataflow,ESTAT:NAMA_10_LP_ULC(1.0),A,PCH_PRE,RLPR_HW,BG,2018,2.4,,
dataflow,ESTAT:NAMA_10_LP_ULC(1.0),A,PCH_PRE,RLPR_HW,BG,2019,5.2,,
dataflow,ESTAT:NAMA_10_LP_ULC(1.0),A,PCH_PRE,RLPR_HW,BG,2020,1.0,,
dataflow,ESTAT:NAMA_10_LP_ULC(1.0),A,PCH_PRE,RLPR_HW,BG,2021,7.0,,
dataflow,ESTAT:NAMA_10_LP_ULC(1.0),A,PCH_PRE,RLPR_HW,BG,2022,3.1,,
dataflow,ESTAT:NAMA_10_LP_ULC(1.0),A,PCH_PRE,RLPR_HW,BG,2023,-1.8,,
dataflow,ESTAT:NAMA_10_LP_ULC(1.0),A,PCH_PRE,RLPR_HW,BG,2024,4.4,,
dataflow,ESTAT:NAMA_10_LP_ULC(1.0),A,PCH_PRE,RLPR_HW,BG,2025,1.9,p,
dataflow,ESTAT:NAMA_10_LP_ULC(1.0),A,PCH_PRE,RLPR_HW,CH,1996,2.2,,
dataflow,ESTAT:NAMA_10_LP_ULC(1.0),A,PCH_PRE,RLPR_HW,CH,1997,2.8,,
dataflow,ESTAT:NAMA_10_LP_ULC(1.0),A,PCH_PRE,RLPR_HW,CH,1998,0.9,,
dataflow,ESTAT:NAMA_10_LP_ULC(1.0),A,PCH_PRE,RLPR_HW,CH,1999,-0.4,,
dataflow,ESTAT:NAMA_10_LP_ULC(1.0),A,PCH_PRE,RLPR_HW,CH,2000,2.9,,
dataflow,ESTAT:NAMA_10_LP_ULC(1.0),A,PCH_PRE,RLPR_HW,CH,2001,2.3,,
dataflow,ESTAT:NAMA_10_LP_ULC(1.0),A,PCH_PRE,RLPR_HW,CH,2002,1.0,,
dataflow,ESTAT:NAMA_10_LP_ULC(1.0),A,PCH_PRE,RLPR_HW,CH,2003,-0.7,,
dataflow,ESTAT:NAMA_10_LP_ULC(1.0),A,PCH_PRE,RLPR_HW,CH,2004,0.5,,
dataflow,ESTAT:NAMA_10_LP_ULC(1.0),A,PCH_PRE,RLPR_HW,CH,2005,2.5,,
dataflow,ESTAT:NAMA_10_LP_ULC(1.0),A,PCH_PRE,RLPR_HW,CH,2006,2.6,,
dataflow,ESTAT:NAMA_10_LP_ULC(1.0),A,PCH_PRE,RLPR_HW,CH,2007,2.0,,
dataflow,ESTAT:NAMA_10_LP_ULC(1.0),A,PCH_PRE,RLPR_HW,CH,2008,0.7,,
dataflow,ESTAT:NAMA_10_LP_ULC(1.0),A,PCH_PRE,RLPR_HW,CH,2009,-1.9,,
dataflow,ESTAT:NAMA_10_LP_ULC(1.0),A,PCH_PRE,RLPR_HW,CH,2010,5.5,,
dataflow,ESTAT:NAMA_10_LP_ULC(1.0),A,PCH_PRE,RLPR_HW,CH,2011,-1.0,,
dataflow,ESTAT:NAMA_10_LP_ULC(1.0),A,PCH_PRE,RLPR_HW,CH,2012,0.3,,
dataflow,ESTAT:NAMA_10_LP_ULC(1.0),A,PCH_PRE,RLPR_HW,CH,2013,1.9,,
dataflow,ESTAT:NAMA_10_LP_ULC(1.0),A,PCH_PRE,RLPR_HW,CH,2014,1.2,,
dataflow,ESTAT:NAMA_10_LP_ULC(1.0),A,PCH_PRE,RLPR_HW,CH,2015,-0.8,,
dataflow,ESTAT:NAMA_10_LP_ULC(1.0),A,PCH_PRE,RLPR_HW,CH,2016,0.5,,
dataflow,ESTAT:NAMA_10_LP_ULC(1.0),A,PCH_PRE,RLPR_HW,CH,2017,1.7,,
dataflow,ESTAT:NAMA_10_LP_ULC(1.0),A,PCH_PRE,RLPR_HW,CH,2018,2.8,,
dataflow,ESTAT:NAMA_10_LP_ULC(1.0),A,PCH_PRE,RLPR_HW,CH,2019,0.5,,
dataflow,ESTAT:NAMA_10_LP_ULC(1.0),A,PCH_PRE,RLPR_HW,CH,2020,1.5,,
dataflow,ESTAT:NAMA_10_LP_ULC(1.0),A,PCH_PRE,RLPR_HW,CH,2021,3.2,,
dataflow,ESTAT:NAMA_10_LP_ULC(1.0),A,PCH_PRE,RLPR_HW,CH,2022,1.8,,
dataflow,ESTAT:NAMA_10_LP_ULC(1.0),A,PCH_PRE,RLPR_HW,CH,2023,-0.9,,
dataflow,ESTAT:NAMA_10_LP_ULC(1.0),A,PCH_PRE,RLPR_HW,CH,2024,1.2,,
dataflow,ESTAT:NAMA_10_LP_ULC(1.0),A,PCH_PRE,RLPR_HW,CH,2025,1.3,,
dataflow,ESTAT:NAMA_10_LP_ULC(1.0),A,PCH_PRE,RLPR_HW,CY,1996,0.8,,
dataflow,ESTAT:NAMA_10_LP_ULC(1.0),A,PCH_PRE,RLPR_HW,CY,1997,1.6,,
dataflow,ESTAT:NAMA_10_LP_ULC(1.0),A,PCH_PRE,RLPR_HW,CY,1998,4.1,,
dataflow,ESTAT:NAMA_10_LP_ULC(1.0),A,PCH_PRE,RLPR_HW,CY,1999,2.7,,
dataflow,ESTAT:NAMA_10_LP_ULC(1.0),A,PCH_PRE,RLPR_HW,CY,2000,3.9,,
dataflow,ESTAT:NAMA_10_LP_ULC(1.0),A,PCH_PRE,RLPR_HW,CY,2001,0.5,,
dataflow,ESTAT:NAMA_10_LP_ULC(1.0),A,PCH_PRE,RLPR_HW,CY,2002,3.1,,
dataflow,ESTAT:NAMA_10_LP_ULC(1.0),A,PCH_PRE,RLPR_HW,CY,2003,-0.6,,
dataflow,ESTAT:NAMA_10_LP_ULC(1.0),A,PCH_PRE,RLPR_HW,CY,2004,3.0,,
dataflow,ESTAT:NAMA_10_LP_ULC(1.0),A,PCH_PRE,RLPR_HW,CY,2005,2.9,,
dataflow,ESTAT:NAMA_10_LP_ULC(1.0),A,PCH_PRE,RLPR_HW,CY,2006,3.6,,
dataflow,ESTAT:NAMA_10_LP_ULC(1.0),A,PCH_PRE,RLPR_HW,CY,2007,-0.9,,
dataflow,ESTAT:NAMA_10_LP_ULC(1.0),A,PCH_PRE,RLPR_HW,CY,2008,-0.2,,
dataflow,ESTAT:NAMA_10_LP_ULC(1.0),A,PCH_PRE,RLPR_HW,CY,2009,-1.0,,
dataflow,ESTAT:NAMA_10_LP_ULC(1.0),A,PCH_PRE,RLPR_HW,CY,2010,1.8,,
dataflow,ESTAT:NAMA_10_LP_ULC(1.0),A,PCH_PRE,RLPR_HW,CY,2011,0.0,,
dataflow,ESTAT:NAMA_10_LP_ULC(1.0),A,PCH_PRE,RLPR_HW,CY,2012,0.2,,
dataflow,ESTAT:NAMA_10_LP_ULC(1.0),A,PCH_PRE,RLPR_HW,CY,2013,0.9,,
dataflow,ESTAT:NAMA_10_LP_ULC(1.0),A,PCH_PRE,RLPR_HW,CY,2014,0.0,,
dataflow,ESTAT:NAMA_10_LP_ULC(1.0),A,PCH_PRE,RLPR_HW,CY,2015,1.3,,
dataflow,ESTAT:NAMA_10_LP_ULC(1.0),A,PCH_PRE,RLPR_HW,CY,2016,1.0,,
dataflow,ESTAT:NAMA_10_LP_ULC(1.0),A,PCH_PRE,RLPR_HW,CY,2017,1.3,,
dataflow,ESTAT:NAMA_10_LP_ULC(1.0),A,PCH_PRE,RLPR_HW,CY,2018,1.1,,
dataflow,ESTAT:NAMA_10_LP_ULC(1.0),A,PCH_PRE,RLPR_HW,CY,2019,0.7,,
dataflow,ESTAT:NAMA_10_LP_ULC(1.0),A,PCH_PRE,RLPR_HW,CY,2020,2.1,,
dataflow,ESTAT:NAMA_10_LP_ULC(1.0),A,PCH_PRE,RLPR_HW,CY,2021,2.7,,
dataflow,ESTAT:NAMA_10_LP_ULC(1.0),A,PCH_PRE,RLPR_HW,CY,2022,3.4,,
dataflow,ESTAT:NAMA_10_LP_ULC(1.0),A,PCH_PRE,RLPR_HW,CY,2023,0.7,,
dataflow,ESTAT:NAMA_10_LP_ULC(1.0),A,PCH_PRE,RLPR_HW,CY,2024,1.4,p,
dataflow,ESTAT:NAMA_10_LP_ULC(1.0),A,PCH_PRE,RLPR_HW,CY,2025,1.4,p,
dataflow,ESTAT:NAMA_10_LP_ULC(1.0),A,PCH_PRE,RLPR_HW,CZ,1996,3.8,,
dataflow,ESTAT:NAMA_10_LP_ULC(1.0),A,PCH_PRE,RLPR_HW,CZ,1997,-0.3,,
dataflow,ESTAT:NAMA_10_LP_ULC(1.0),A,PCH_PRE,RLPR_HW,CZ,1998,0.1,,
dataflow,ESTAT:NAMA_10_LP_ULC(1.0),A,PCH_PRE,RLPR_HW,CZ,1999,2.0,,
dataflow,ESTAT:NAMA_10_LP_ULC(1.0),A,PCH_PRE,RLPR_HW,CZ,2000,4.3,,
dataflow,ESTAT:NAMA_10_LP_ULC(1.0),A,PCH_PRE,RLPR_HW,CZ,2001,7.6,,
dataflow,ESTAT:NAMA_10_LP_ULC(1.0),A,PCH_PRE,RLPR_HW,CZ,2002,1.5,,
dataflow,ESTAT:NAMA_10_LP_ULC(1.0),A,PCH_PRE,RLPR_HW,CZ,2003,4.9,,
dataflow,ESTAT:NAMA_10_LP_ULC(1.0),A,PCH_PRE,RLPR_HW,CZ,2004,4.1,,
dataflow,ESTAT:NAMA_10_LP_ULC(1.0),A,PCH_PRE,RLPR_HW,CZ,2005,5.0,,
dataflow,ESTAT:NAMA_10_LP_ULC(1.0),A,PCH_PRE,RLPR_HW,CZ,2006,6.0,,
dataflow,ESTAT:NAMA_10_LP_ULC(1.0),A,PCH_PRE,RLPR_HW,CZ,2007,4.2,,
dataflow,ESTAT:NAMA_10_LP_ULC(1.0),A,PCH_PRE,RLPR_HW,CZ,2008,-0.4,,
dataflow,ESTAT:NAMA_10_LP_ULC(1.0),A,PCH_PRE,RLPR_HW,CZ,2009,-2.5,,
dataflow,ESTAT:NAMA_10_LP_ULC(1.0),A,PCH_PRE,RLPR_HW,CZ,2010,2.7,,
dataflow,ESTAT:NAMA_10_LP_ULC(1.0),A,PCH_PRE,RLPR_HW,CZ,2011,1.9,,
dataflow,ESTAT:NAMA_10_LP_ULC(1.0),A,PCH_PRE,RLPR_HW,CZ,2012,0.4,,
dataflow,ESTAT:NAMA_10_LP_ULC(1.0),A,PCH_PRE,RLPR_HW,CZ,2013,0.3,,
dataflow,ESTAT:NAMA_10_LP_ULC(1.0),A,PCH_PRE,RLPR_HW,CZ,2014,1.1,,
dataflow,ESTAT:NAMA_10_LP_ULC(1.0),A,PCH_PRE,RLPR_HW,CZ,2015,4.8,,
dataflow,ESTAT:NAMA_10_LP_ULC(1.0),A,PCH_PRE,RLPR_HW,CZ,2016,0.2,,
dataflow,ESTAT:NAMA_10_LP_ULC(1.0),A,PCH_PRE,RLPR_HW,CZ,2017,3.6,,
dataflow,ESTAT:NAMA_10_LP_ULC(1.0),A,PCH_PRE,RLPR_HW,CZ,2018,1.2,,
dataflow,ESTAT:NAMA_10_LP_ULC(1.0),A,PCH_PRE,RLPR_HW,CZ,2019,3.7,,
dataflow,ESTAT:NAMA_10_LP_ULC(1.0),A,PCH_PRE,RLPR_HW,CZ,2020,3.3,,
dataflow,ESTAT:NAMA_10_LP_ULC(1.0),A,PCH_PRE,RLPR_HW,CZ,2021,0.1,,
dataflow,ESTAT:NAMA_10_LP_ULC(1.0),A,PCH_PRE,RLPR_HW,CZ,2022,-1.5,,
dataflow,ESTAT:NAMA_10_LP_ULC(1.0),A,PCH_PRE,RLPR_HW,CZ,2023,-1.7,,
dataflow,ESTAT:NAMA_10_LP_ULC(1.0),A,PCH_PRE,RLPR_HW,CZ,2024,-0.6,,
dataflow,ESTAT:NAMA_10_LP_ULC(1.0),A,PCH_PRE,RLPR_HW,CZ,2025,0.5,,
dataflow,ESTAT:NAMA_10_LP_ULC(1.0),A,PCH_PRE,RLPR_HW,DE,1992,2.6,,
dataflow,ESTAT:NAMA_10_LP_ULC(1.0),A,PCH_PRE,RLPR_HW,DE,1993,2.0,,
dataflow,ESTAT:NAMA_10_LP_ULC(1.0),A,PCH_PRE,RLPR_HW,DE,1994,2.8,,
dataflow,ESTAT:NAMA_10_LP_ULC(1.0),A,PCH_PRE,RLPR_HW,DE,1995,1.4,,
dataflow,ESTAT:NAMA_10_LP_ULC(1.0),A,PCH_PRE,RLPR_HW,DE,1996,1.9,,
dataflow,ESTAT:NAMA_10_LP_ULC(1.0),A,PCH_PRE,RLPR_HW,DE,1997,2.5,,
dataflow,ESTAT:NAMA_10_LP_ULC(1.0),A,PCH_PRE,RLPR_HW,DE,1998,1.1,,
dataflow,ESTAT:NAMA_10_LP_ULC(1.0),A,PCH_PRE,RLPR_HW,DE,1999,1.4,,
dataflow,ESTAT:NAMA_10_LP_ULC(1.0),A,PCH_PRE,RLPR_HW,DE,2000,2.5,,
dataflow,ESTAT:NAMA_10_LP_ULC(1.0),A,PCH_PRE,RLPR_HW,DE,2001,2.4,,
dataflow,ESTAT:NAMA_10_LP_ULC(1.0),A,PCH_PRE,RLPR_HW,DE,2002,0.9,,
dataflow,ESTAT:NAMA_10_LP_ULC(1.0),A,PCH_PRE,RLPR_HW,DE,2003,0.9,,
dataflow,ESTAT:NAMA_10_LP_ULC(1.0),A,PCH_PRE,RLPR_HW,DE,2004,0.9,,
dataflow,ESTAT:NAMA_10_LP_ULC(1.0),A,PCH_PRE,RLPR_HW,DE,2005,1.8,,
dataflow,ESTAT:NAMA_10_LP_ULC(1.0),A,PCH_PRE,RLPR_HW,DE,2006,1.7,,
dataflow,ESTAT:NAMA_10_LP_ULC(1.0),A,PCH_PRE,RLPR_HW,DE,2007,1.1,,
dataflow,ESTAT:NAMA_10_LP_ULC(1.0),A,PCH_PRE,RLPR_HW,DE,2008,0.0,,
dataflow,ESTAT:NAMA_10_LP_ULC(1.0),A,PCH_PRE,RLPR_HW,DE,2009,-3.0,,
dataflow,ESTAT:NAMA_10_LP_ULC(1.0),A,PCH_PRE,RLPR_HW,DE,2010,2.3,,
dataflow,ESTAT:NAMA_10_LP_ULC(1.0),A,PCH_PRE,RLPR_HW,DE,2011,2.5,,
dataflow,ESTAT:NAMA_10_LP_ULC(1.0),A,PCH_PRE,RLPR_HW,DE,2012,0.8,,
dataflow,ESTAT:NAMA_10_LP_ULC(1.0),A,PCH_PRE,RLPR_HW,DE,2013,0.4,,
dataflow,ESTAT:NAMA_10_LP_ULC(1.0),A,PCH_PRE,RLPR_HW,DE,2014,1.0,,
dataflow,ESTAT:NAMA_10_LP_ULC(1.0),A,PCH_PRE,RLPR_HW,DE,2015,0.7,,
dataflow,ESTAT:NAMA_10_LP_ULC(1.0),A,PCH_PRE,RLPR_HW,DE,2016,1.4,,
dataflow,ESTAT:NAMA_10_LP_ULC(1.0),A,PCH_PRE,RLPR_HW,DE,2017,2.0,,
dataflow,ESTAT:NAMA_10_LP_ULC(1.0),A,PCH_PRE,RLPR_HW,DE,2018,0.4,,
dataflow,ESTAT:NAMA_10_LP_ULC(1.0),A,PCH_PRE,RLPR_HW,DE,2019,0.7,,
dataflow,ESTAT:NAMA_10_LP_ULC(1.0),A,PCH_PRE,RLPR_HW,DE,2020,0.9,,
dataflow,ESTAT:NAMA_10_LP_ULC(1.0),A,PCH_PRE,RLPR_HW,DE,2021,1.6,,
dataflow,ESTAT:NAMA_10_LP_ULC(1.0),A,PCH_PRE,RLPR_HW,DE,2022,0.3,p,
dataflow,ESTAT:NAMA_10_LP_ULC(1.0),A,PCH_PRE,RLPR_HW,DE,2023,-1.2,p,
dataflow,ESTAT:NAMA_10_LP_ULC(1.0),A,PCH_PRE,RLPR_HW,DE,2024,-0.3,p,
dataflow,ESTAT:NAMA_10_LP_ULC(1.0),A,PCH_PRE,RLPR_HW,DE,2025,0.4,p,
dataflow,ESTAT:NAMA_10_LP_ULC(1.0),A,PCH_PRE,RLPR_HW,DK,1996,2.4,,
dataflow,ESTAT:NAMA_10_LP_ULC(1.0),A,PCH_PRE,RLPR_HW,DK,1997,0.6,,
dataflow,ESTAT:NAMA_10_LP_ULC(1.0),A,PCH_PRE,RLPR_HW,DK,1998,0.0,,
dataflow,ESTAT:NAMA_10_LP_ULC(1.0),A,PCH_PRE,RLPR_HW,DK,1999,1.0,,
dataflow,ESTAT:NAMA_10_LP_ULC(1.0),A,PCH_PRE,RLPR_HW,DK,2000,2.3,,
dataflow,ESTAT:NAMA_10_LP_ULC(1.0),A,PCH_PRE,RLPR_HW,DK,2001,-0.2,,
dataflow,ESTAT:NAMA_10_LP_ULC(1.0),A,PCH_PRE,RLPR_HW,DK,2002,0.8,,
dataflow,ESTAT:NAMA_10_LP_ULC(1.0),A,PCH_PRE,RLPR_HW,DK,2003,1.7,,
dataflow,ESTAT:NAMA_10_LP_ULC(1.0),A,PCH_PRE,RLPR_HW,DK,2004,3.3,,
dataflow,ESTAT:NAMA_10_LP_ULC(1.0),A,PCH_PRE,RLPR_HW,DK,2005,1.4,,
dataflow,ESTAT:NAMA_10_LP_ULC(1.0),A,PCH_PRE,RLPR_HW,DK,2006,1.2,,
dataflow,ESTAT:NAMA_10_LP_ULC(1.0),A,PCH_PRE,RLPR_HW,DK,2007,0.3,,
dataflow,ESTAT:NAMA_10_LP_ULC(1.0),A,PCH_PRE,RLPR_HW,DK,2008,-1.5,,
dataflow,ESTAT:NAMA_10_LP_ULC(1.0),A,PCH_PRE,RLPR_HW,DK,2009,-1.0,,
dataflow,ESTAT:NAMA_10_LP_ULC(1.0),A,PCH_PRE,RLPR_HW,DK,2010,3.6,,
dataflow,ESTAT:NAMA_10_LP_ULC(1.0),A,PCH_PRE,RLPR_HW,DK,2011,0.4,,
dataflow,ESTAT:NAMA_10_LP_ULC(1.0),A,PCH_PRE,RLPR_HW,DK,2012,1.7,,
dataflow,ESTAT:NAMA_10_LP_ULC(1.0),A,PCH_PRE,RLPR_HW,DK,2013,1.2,,
dataflow,ESTAT:NAMA_10_LP_ULC(1.0),A,PCH_PRE,RLPR_HW,DK,2014,1.5,,
dataflow,ESTAT:NAMA_10_LP_ULC(1.0),A,PCH_PRE,RLPR_HW,DK,2015,1.1,,
dataflow,ESTAT:NAMA_10_LP_ULC(1.0),A,PCH_PRE,RLPR_HW,DK,2016,1.0,,
dataflow,ESTAT:NAMA_10_LP_ULC(1.0),A,PCH_PRE,RLPR_HW,DK,2017,2.1,,
dataflow,ESTAT:NAMA_10_LP_ULC(1.0),A,PCH_PRE,RLPR_HW,DK,2018,2.0,,
dataflow,ESTAT:NAMA_10_LP_ULC(1.0),A,PCH_PRE,RLPR_HW,DK,2019,0.9,,
dataflow,ESTAT:NAMA_10_LP_ULC(1.0),A,PCH_PRE,RLPR_HW,DK,2020,1.7,,
dataflow,ESTAT:NAMA_10_LP_ULC(1.0),A,PCH_PRE,RLPR_HW,DK,2021,0.5,,
dataflow,ESTAT:NAMA_10_LP_ULC(1.0),A,PCH_PRE,RLPR_HW,DK,2022,-3.2,,
dataflow,ESTAT:NAMA_10_LP_ULC(1.0),A,PCH_PRE,RLPR_HW,DK,2023,0.3,,
dataflow,ESTAT:NAMA_10_LP_ULC(1.0),A,PCH_PRE,RLPR_HW,DK,2024,3.0,,
dataflow,ESTAT:NAMA_10_LP_ULC(1.0),A,PCH_PRE,RLPR_HW,DK,2025,1.9,,
dataflow,ESTAT:NAMA_10_LP_ULC(1.0),A,PCH_PRE,RLPR_HW,EE,1996,7.5,u,
dataflow,ESTAT:NAMA_10_LP_ULC(1.0),A,PCH_PRE,RLPR_HW,EE,1997,13.9,u,
dataflow,ESTAT:NAMA_10_LP_ULC(1.0),A,PCH_PRE,RLPR_HW,EE,1998,4.2,u,
dataflow,ESTAT:NAMA_10_LP_ULC(1.0),A,PCH_PRE,RLPR_HW,EE,1999,6.2,u,
dataflow,ESTAT:NAMA_10_LP_ULC(1.0),A,PCH_PRE,RLPR_HW,EE,2000,11.6,u,
dataflow,ESTAT:NAMA_10_LP_ULC(1.0),A,PCH_PRE,RLPR_HW,EE,2001,5.7,,
dataflow,ESTAT:NAMA_10_LP_ULC(1.0),A,PCH_PRE,RLPR_HW,EE,2002,6.8,,
dataflow,ESTAT:NAMA_10_LP_ULC(1.0),A,PCH_PRE,RLPR_HW,EE,2003,5.0,,
dataflow,ESTAT:NAMA_10_LP_ULC(1.0),A,PCH_PRE,RLPR_HW,EE,2004,6.8,,
dataflow,ESTAT:NAMA_10_LP_ULC(1.0),A,PCH_PRE,RLPR_HW,EE,2005,5.9,,
dataflow,ESTAT:NAMA_10_LP_ULC(1.0),A,PCH_PRE,RLPR_HW,EE,2006,5.0,,
dataflow,ESTAT:NAMA_10_LP_ULC(1.0),A,PCH_PRE,RLPR_HW,EE,2007,7.5,,
dataflow,ESTAT:NAMA_10_LP_ULC(1.0),A,PCH_PRE,RLPR_HW,EE,2008,-3.4,,
dataflow,ESTAT:NAMA_10_LP_ULC(1.0),A,PCH_PRE,RLPR_HW,EE,2009,2.1,,
dataflow,ESTAT:NAMA_10_LP_ULC(1.0),A,PCH_PRE,RLPR_HW,EE,2010,5.3,,
dataflow,ESTAT:NAMA_10_LP_ULC(1.0),A,PCH_PRE,RLPR_HW,EE,2011,-1.3,,
dataflow,ESTAT:NAMA_10_LP_ULC(1.0),A,PCH_PRE,RLPR_HW,EE,2012,3.8,,
dataflow,ESTAT:NAMA_10_LP_ULC(1.0),A,PCH_PRE,RLPR_HW,EE,2013,1.6,,
dataflow,ESTAT:NAMA_10_LP_ULC(1.0),A,PCH_PRE,RLPR_HW,EE,2014,2.9,,
dataflow,ESTAT:NAMA_10_LP_ULC(1.0),A,PCH_PRE,RLPR_HW,EE,2015,-0.6,,
dataflow,ESTAT:NAMA_10_LP_ULC(1.0),A,PCH_PRE,RLPR_HW,EE,2016,2.6,,
dataflow,ESTAT:NAMA_10_LP_ULC(1.0),A,PCH_PRE,RLPR_HW,EE,2017,2.8,,
dataflow,ESTAT:NAMA_10_LP_ULC(1.0),A,PCH_PRE,RLPR_HW,EE,2018,6.4,,
dataflow,ESTAT:NAMA_10_LP_ULC(1.0),A,PCH_PRE,RLPR_HW,EE,2019,3.2,,
dataflow,ESTAT:NAMA_10_LP_ULC(1.0),A,PCH_PRE,RLPR_HW,EE,2020,3.3,,
dataflow,ESTAT:NAMA_10_LP_ULC(1.0),A,PCH_PRE,RLPR_HW,EE,2021,8.9,,
dataflow,ESTAT:NAMA_10_LP_ULC(1.0),A,PCH_PRE,RLPR_HW,EE,2022,-4.2,,
dataflow,ESTAT:NAMA_10_LP_ULC(1.0),A,PCH_PRE,RLPR_HW,EE,2023,-6.0,,
dataflow,ESTAT:NAMA_10_LP_ULC(1.0),A,PCH_PRE,RLPR_HW,EE,2024,-0.6,,
dataflow,ESTAT:NAMA_10_LP_ULC(1.0),A,PCH_PRE,RLPR_HW,EE,2025,1.2,,
dataflow,ESTAT:NAMA_10_LP_ULC(1.0),A,PCH_PRE,RLPR_HW,EL,1996,2.0,,
dataflow,ESTAT:NAMA_10_LP_ULC(1.0),A,PCH_PRE,RLPR_HW,EL,1997,4.1,,
dataflow,ESTAT:NAMA_10_LP_ULC(1.0),A,PCH_PRE,RLPR_HW,EL,1998,-0.8,,
dataflow,ESTAT:NAMA_10_LP_ULC(1.0),A,PCH_PRE,RLPR_HW,EL,1999,2.7,,
dataflow,ESTAT:NAMA_10_LP_ULC(1.0),A,PCH_PRE,RLPR_HW,EL,2000,3.8,,
dataflow,ESTAT:NAMA_10_LP_ULC(1.0),A,PCH_PRE,RLPR_HW,EL,2001,4.8,,
dataflow,ESTAT:NAMA_10_LP_ULC(1.0),A,PCH_PRE,RLPR_HW,EL,2002,2.7,,
dataflow,ESTAT:NAMA_10_LP_ULC(1.0),A,PCH_PRE,RLPR_HW,EL,2003,4.7,,
dataflow,ESTAT:NAMA_10_LP_ULC(1.0),A,PCH_PRE,RLPR_HW,EL,2004,3.5,,
dataflow,ESTAT:NAMA_10_LP_ULC(1.0),A,PCH_PRE,RLPR_HW,EL,2005,-2.2,,
dataflow,ESTAT:NAMA_10_LP_ULC(1.0),A,PCH_PRE,RLPR_HW,EL,2006,5.2,,
dataflow,ESTAT:NAMA_10_LP_ULC(1.0),A,PCH_PRE,RLPR_HW,EL,2007,2.7,,
dataflow,ESTAT:NAMA_10_LP_ULC(1.0),A,PCH_PRE,RLPR_HW,EL,2008,-0.6,,
dataflow,ESTAT:NAMA_10_LP_ULC(1.0),A,PCH_PRE,RLPR_HW,EL,2009,-2.3,,
dataflow,ESTAT:NAMA_10_LP_ULC(1.0),A,PCH_PRE,RLPR_HW,EL,2010,-0.2,,
dataflow,ESTAT:NAMA_10_LP_ULC(1.0),A,PCH_PRE,RLPR_HW,EL,2011,-6.8,,
dataflow,ESTAT:NAMA_10_LP_ULC(1.0),A,PCH_PRE,RLPR_HW,EL,2012,-6.4,,
dataflow,ESTAT:NAMA_10_LP_ULC(1.0),A,PCH_PRE,RLPR_HW,EL,2013,-2.0,,
dataflow,ESTAT:NAMA_10_LP_ULC(1.0),A,PCH_PRE,RLPR_HW,EL,2014,-0.3,,
dataflow,ESTAT:NAMA_10_LP_ULC(1.0),A,PCH_PRE,RLPR_HW,EL,2015,3.6,,
dataflow,ESTAT:NAMA_10_LP_ULC(1.0),A,PCH_PRE,RLPR_HW,EL,2016,-3.7,,
dataflow,ESTAT:NAMA_10_LP_ULC(1.0),A,PCH_PRE,RLPR_HW,EL,2017,1.8,,
dataflow,ESTAT:NAMA_10_LP_ULC(1.0),A,PCH_PRE,RLPR_HW,EL,2018,-3.1,,
dataflow,ESTAT:NAMA_10_LP_ULC(1.0),A,PCH_PRE,RLPR_HW,EL,2019,2.4,,
dataflow,ESTAT:NAMA_10_LP_ULC(1.0),A,PCH_PRE,RLPR_HW,EL,2020,3.0,,
dataflow,ESTAT:NAMA_10_LP_ULC(1.0),A,PCH_PRE,RLPR_HW,EL,2021,-3.2,,
dataflow,ESTAT:NAMA_10_LP_ULC(1.0),A,PCH_PRE,RLPR_HW,EL,2022,-0.1,,
dataflow,ESTAT:NAMA_10_LP_ULC(1.0),A,PCH_PRE,RLPR_HW,EL,2023,0.1,p,
dataflow,ESTAT:NAMA_10_LP_ULC(1.0),A,PCH_PRE,RLPR_HW,EL,2024,0.8,p,
dataflow,ESTAT:NAMA_10_LP_ULC(1.0),A,PCH_PRE,RLPR_HW,EL,2025,2.6,p,
dataflow,ESTAT:NAMA_10_LP_ULC(1.0),A,PCH_PRE,RLPR_HW,ES,1996,0.9,,
dataflow,ESTAT:NAMA_10_LP_ULC(1.0),A,PCH_PRE,RLPR_HW,ES,1997,-0.3,,
dataflow,ESTAT:NAMA_10_LP_ULC(1.0),A,PCH_PRE,RLPR_HW,ES,1998,-0.6,,
dataflow,ESTAT:NAMA_10_LP_ULC(1.0),A,PCH_PRE,RLPR_HW,ES,1999,-0.5,,
dataflow,ESTAT:NAMA_10_LP_ULC(1.0),A,PCH_PRE,RLPR_HW,ES,2000,0.4,,
dataflow,ESTAT:NAMA_10_LP_ULC(1.0),A,PCH_PRE,RLPR_HW,ES,2001,0.0,,
dataflow,ESTAT:NAMA_10_LP_ULC(1.0),A,PCH_PRE,RLPR_HW,ES,2002,0.2,,
dataflow,ESTAT:NAMA_10_LP_ULC(1.0),A,PCH_PRE,RLPR_HW,ES,2003,0.3,,
dataflow,ESTAT:NAMA_10_LP_ULC(1.0),A,PCH_PRE,RLPR_HW,ES,2004,0.3,,
dataflow,ESTAT:NAMA_10_LP_ULC(1.0),A,PCH_PRE,RLPR_HW,ES,2005,0.3,,
dataflow,ESTAT:NAMA_10_LP_ULC(1.0),A,PCH_PRE,RLPR_HW,ES,2006,0.6,,
dataflow,ESTAT:NAMA_10_LP_ULC(1.0),A,PCH_PRE,RLPR_HW,ES,2007,1.0,,
dataflow,ESTAT:NAMA_10_LP_ULC(1.0),A,PCH_PRE,RLPR_HW,ES,2008,0.1,,
dataflow,ESTAT:NAMA_10_LP_ULC(1.0),A,PCH_PRE,RLPR_HW,ES,2009,2.3,,
dataflow,ESTAT:NAMA_10_LP_ULC(1.0),A,PCH_PRE,RLPR_HW,ES,2010,2.4,,
dataflow,ESTAT:NAMA_10_LP_ULC(1.0),A,PCH_PRE,RLPR_HW,ES,2011,1.5,,
dataflow,ESTAT:NAMA_10_LP_ULC(1.0),A,PCH_PRE,RLPR_HW,ES,2012,2.0,,
dataflow,ESTAT:NAMA_10_LP_ULC(1.0),A,PCH_PRE,RLPR_HW,ES,2013,1.5,,
dataflow,ESTAT:NAMA_10_LP_ULC(1.0),A,PCH_PRE,RLPR_HW,ES,2014,0.5,,
dataflow,ESTAT:NAMA_10_LP_ULC(1.0),A,PCH_PRE,RLPR_HW,ES,2015,1.0,,
dataflow,ESTAT:NAMA_10_LP_ULC(1.0),A,PCH_PRE,RLPR_HW,ES,2016,0.4,,
dataflow,ESTAT:NAMA_10_LP_ULC(1.0),A,PCH_PRE,RLPR_HW,ES,2017,0.7,,
dataflow,ESTAT:NAMA_10_LP_ULC(1.0),A,PCH_PRE,RLPR_HW,ES,2018,-0.1,,
dataflow,ESTAT:NAMA_10_LP_ULC(1.0),A,PCH_PRE,RLPR_HW,ES,2019,0.2,,
dataflow,ESTAT:NAMA_10_LP_ULC(1.0),A,PCH_PRE,RLPR_HW,ES,2020,0.0,,
dataflow,ESTAT:NAMA_10_LP_ULC(1.0),A,PCH_PRE,RLPR_HW,ES,2021,-0.5,,
dataflow,ESTAT:NAMA_10_LP_ULC(1.0),A,PCH_PRE,RLPR_HW,ES,2022,1.2,,
dataflow,ESTAT:NAMA_10_LP_ULC(1.0),A,PCH_PRE,RLPR_HW,ES,2023,-0.2,p,
dataflow,ESTAT:NAMA_10_LP_ULC(1.0),A,PCH_PRE,RLPR_HW,ES,2024,1.2,p,
dataflow,ESTAT:NAMA_10_LP_ULC(1.0),A,PCH_PRE,RLPR_HW,ES,2025,0.7,p,
dataflow,ESTAT:NAMA_10_LP_ULC(1.0),A,PCH_PRE,RLPR_HW,FI,1981,0.0,,
dataflow,ESTAT:NAMA_10_LP_ULC(1.0),A,PCH_PRE,RLPR_HW,FI,1982,2.9,,
dataflow,ESTAT:NAMA_10_LP_ULC(1.0),A,PCH_PRE,RLPR_HW,FI,1983,4.0,,
dataflow,ESTAT:NAMA_10_LP_ULC(1.0),A,PCH_PRE,RLPR_HW,FI,1984,3.1,,
dataflow,ESTAT:NAMA_10_LP_ULC(1.0),A,PCH_PRE,RLPR_HW,FI,1985,3.4,,
dataflow,ESTAT:NAMA_10_LP_ULC(1.0),A,PCH_PRE,RLPR_HW,FI,1986,4.1,,
dataflow,ESTAT:NAMA_10_LP_ULC(1.0),A,PCH_PRE,RLPR_HW,FI,1987,2.1,,
dataflow,ESTAT:NAMA_10_LP_ULC(1.0),A,PCH_PRE,RLPR_HW,FI,1988,4.7,,
dataflow,ESTAT:NAMA_10_LP_ULC(1.0),A,PCH_PRE,RLPR_HW,FI,1989,3.9,,
dataflow,ESTAT:NAMA_10_LP_ULC(1.0),A,PCH_PRE,RLPR_HW,FI,1990,2.4,,
dataflow,ESTAT:NAMA_10_LP_ULC(1.0),A,PCH_PRE,RLPR_HW,FI,1991,0.8,,
dataflow,ESTAT:NAMA_10_LP_ULC(1.0),A,PCH_PRE,RLPR_HW,FI,1992,3.7,,
dataflow,ESTAT:NAMA_10_LP_ULC(1.0),A,PCH_PRE,RLPR_HW,FI,1993,5.3,,
dataflow,ESTAT:NAMA_10_LP_ULC(1.0),A,PCH_PRE,RLPR_HW,FI,1994,4.4,,
dataflow,ESTAT:NAMA_10_LP_ULC(1.0),A,PCH_PRE,RLPR_HW,FI,1995,1.8,,
dataflow,ESTAT:NAMA_10_LP_ULC(1.0),A,PCH_PRE,RLPR_HW,FI,1996,2.0,,
dataflow,ESTAT:NAMA_10_LP_ULC(1.0),A,PCH_PRE,RLPR_HW,FI,1997,3.2,,
dataflow,ESTAT:NAMA_10_LP_ULC(1.0),A,PCH_PRE,RLPR_HW,FI,1998,4.0,,
dataflow,ESTAT:NAMA_10_LP_ULC(1.0),A,PCH_PRE,RLPR_HW,FI,1999,2.3,,
dataflow,ESTAT:NAMA_10_LP_ULC(1.0),A,PCH_PRE,RLPR_HW,FI,2000,4.3,,
dataflow,ESTAT:NAMA_10_LP_ULC(1.0),A,PCH_PRE,RLPR_HW,FI,2001,2.0,,
dataflow,ESTAT:NAMA_10_LP_ULC(1.0),A,PCH_PRE,RLPR_HW,FI,2002,0.9,,
dataflow,ESTAT:NAMA_10_LP_ULC(1.0),A,PCH_PRE,RLPR_HW,FI,2003,2.1,,
dataflow,ESTAT:NAMA_10_LP_ULC(1.0),A,PCH_PRE,RLPR_HW,FI,2004,3.4,,
dataflow,ESTAT:NAMA_10_LP_ULC(1.0),A,PCH_PRE,RLPR_HW,FI,2005,1.9,,
dataflow,ESTAT:NAMA_10_LP_ULC(1.0),A,PCH_PRE,RLPR_HW,FI,2006,2.4,,
dataflow,ESTAT:NAMA_10_LP_ULC(1.0),A,PCH_PRE,RLPR_HW,FI,2007,3.3,,
dataflow,ESTAT:NAMA_10_LP_ULC(1.0),A,PCH_PRE,RLPR_HW,FI,2008,-1.2,,
dataflow,ESTAT:NAMA_10_LP_ULC(1.0),A,PCH_PRE,RLPR_HW,FI,2009,-4.5,,
dataflow,ESTAT:NAMA_10_LP_ULC(1.0),A,PCH_PRE,RLPR_HW,FI,2010,3.6,,
dataflow,ESTAT:NAMA_10_LP_ULC(1.0),A,PCH_PRE,RLPR_HW,FI,2011,1.4,,
dataflow,ESTAT:NAMA_10_LP_ULC(1.0),A,PCH_PRE,RLPR_HW,FI,2012,-1.4,,
dataflow,ESTAT:NAMA_10_LP_ULC(1.0),A,PCH_PRE,RLPR_HW,FI,2013,0.3,,
dataflow,ESTAT:NAMA_10_LP_ULC(1.0),A,PCH_PRE,RLPR_HW,FI,2014,0.3,,
dataflow,ESTAT:NAMA_10_LP_ULC(1.0),A,PCH_PRE,RLPR_HW,FI,2015,0.3,,
dataflow,ESTAT:NAMA_10_LP_ULC(1.0),A,PCH_PRE,RLPR_HW,FI,2016,2.0,,
dataflow,ESTAT:NAMA_10_LP_ULC(1.0),A,PCH_PRE,RLPR_HW,FI,2017,3.1,,
dataflow,ESTAT:NAMA_10_LP_ULC(1.0),A,PCH_PRE,RLPR_HW,FI,2018,-1.3,,
dataflow,ESTAT:NAMA_10_LP_ULC(1.0),A,PCH_PRE,RLPR_HW,FI,2019,0.5,,
dataflow,ESTAT:NAMA_10_LP_ULC(1.0),A,PCH_PRE,RLPR_HW,FI,2020,0.3,,
dataflow,ESTAT:NAMA_10_LP_ULC(1.0),A,PCH_PRE,RLPR_HW,FI,2021,0.5,,
dataflow,ESTAT:NAMA_10_LP_ULC(1.0),A,PCH_PRE,RLPR_HW,FI,2022,-1.7,,
dataflow,ESTAT:NAMA_10_LP_ULC(1.0),A,PCH_PRE,RLPR_HW,FI,2023,-1.4,,
dataflow,ESTAT:NAMA_10_LP_ULC(1.0),A,PCH_PRE,RLPR_HW,FI,2024,1.3,,
dataflow,ESTAT:NAMA_10_LP_ULC(1.0),A,PCH_PRE,RLPR_HW,FI,2025,1.4,,
dataflow,ESTAT:NAMA_10_LP_ULC(1.0),A,PCH_PRE,RLPR_HW,FR,1975,1.3,,
dataflow,ESTAT:NAMA_10_LP_ULC(1.0),A,PCH_PRE,RLPR_HW,FR,1976,2.0,,
dataflow,ESTAT:NAMA_10_LP_ULC(1.0),A,PCH_PRE,RLPR_HW,FR,1977,4.8,,
dataflow,ESTAT:NAMA_10_LP_ULC(1.0),A,PCH_PRE,RLPR_HW,FR,1978,5.1,,
dataflow,ESTAT:NAMA_10_LP_ULC(1.0),A,PCH_PRE,RLPR_HW,FR,1979,3.2,,
dataflow,ESTAT:NAMA_10_LP_ULC(1.0),A,PCH_PRE,RLPR_HW,FR,1980,1.7,,
dataflow,ESTAT:NAMA_10_LP_ULC(1.0),A,PCH_PRE,RLPR_HW,FR,1981,2.4,,
dataflow,ESTAT:NAMA_10_LP_ULC(1.0),A,PCH_PRE,RLPR_HW,FR,1982,6.5,,
dataflow,ESTAT:NAMA_10_LP_ULC(1.0),A,PCH_PRE,RLPR_HW,FR,1983,2.5,,
dataflow,ESTAT:NAMA_10_LP_ULC(1.0),A,PCH_PRE,RLPR_HW,FR,1984,2.6,,
dataflow,ESTAT:NAMA_10_LP_ULC(1.0),A,PCH_PRE,RLPR_HW,FR,1985,3.9,,
dataflow,ESTAT:NAMA_10_LP_ULC(1.0),A,PCH_PRE,RLPR_HW,FR,1986,2.1,,
dataflow,ESTAT:NAMA_10_LP_ULC(1.0),A,PCH_PRE,RLPR_HW,FR,1987,0.9,,
dataflow,ESTAT:NAMA_10_LP_ULC(1.0),A,PCH_PRE,RLPR_HW,FR,1988,3.2,,
dataflow,ESTAT:NAMA_10_LP_ULC(1.0),A,PCH_PRE,RLPR_HW,FR,1989,3.5,,
dataflow,ESTAT:NAMA_10_LP_ULC(1.0),A,PCH_PRE,RLPR_HW,FR,1990,2.1,,
dataflow,ESTAT:NAMA_10_LP_ULC(1.0),A,PCH_PRE,RLPR_HW,FR,1991,1.5,,
dataflow,ESTAT:NAMA_10_LP_ULC(1.0),A,PCH_PRE,RLPR_HW,FR,1992,2.4,,
dataflow,ESTAT:NAMA_10_LP_ULC(1.0),A,PCH_PRE,RLPR_HW,FR,1993,1.2,,
dataflow,ESTAT:NAMA_10_LP_ULC(1.0),A,PCH_PRE,RLPR_HW,FR,1994,2.0,,
dataflow,ESTAT:NAMA_10_LP_ULC(1.0),A,PCH_PRE,RLPR_HW,FR,1995,2.6,,
dataflow,ESTAT:NAMA_10_LP_ULC(1.0),A,PCH_PRE,RLPR_HW,FR,1996,1.1,,
dataflow,ESTAT:NAMA_10_LP_ULC(1.0),A,PCH_PRE,RLPR_HW,FR,1997,1.8,,
dataflow,ESTAT:NAMA_10_LP_ULC(1.0),A,PCH_PRE,RLPR_HW,FR,1998,2.2,,
dataflow,ESTAT:NAMA_10_LP_ULC(1.0),A,PCH_PRE,RLPR_HW,FR,1999,1.2,,
dataflow,ESTAT:NAMA_10_LP_ULC(1.0),A,PCH_PRE,RLPR_HW,FR,2000,2.8,,
dataflow,ESTAT:NAMA_10_LP_ULC(1.0),A,PCH_PRE,RLPR_HW,FR,2001,1.7,,
dataflow,ESTAT:NAMA_10_LP_ULC(1.0),A,PCH_PRE,RLPR_HW,FR,2002,2.8,,
dataflow,ESTAT:NAMA_10_LP_ULC(1.0),A,PCH_PRE,RLPR_HW,FR,2003,0.7,,
dataflow,ESTAT:NAMA_10_LP_ULC(1.0),A,PCH_PRE,RLPR_HW,FR,2004,1.1,,
dataflow,ESTAT:NAMA_10_LP_ULC(1.0),A,PCH_PRE,RLPR_HW,FR,2005,1.1,,
dataflow,ESTAT:NAMA_10_LP_ULC(1.0),A,PCH_PRE,RLPR_HW,FR,2006,2.6,,
dataflow,ESTAT:NAMA_10_LP_ULC(1.0),A,PCH_PRE,RLPR_HW,FR,2007,-0.4,,
dataflow,ESTAT:NAMA_10_LP_ULC(1.0),A,PCH_PRE,RLPR_HW,FR,2008,-0.6,,
dataflow,ESTAT:NAMA_10_LP_ULC(1.0),A,PCH_PRE,RLPR_HW,FR,2009,-1.0,,
dataflow,ESTAT:NAMA_10_LP_ULC(1.0),A,PCH_PRE,RLPR_HW,FR,2010,1.4,,
dataflow,ESTAT:NAMA_10_LP_ULC(1.0),A,PCH_PRE,RLPR_HW,FR,2011,1.3,,
dataflow,ESTAT:NAMA_10_LP_ULC(1.0),A,PCH_PRE,RLPR_HW,FR,2012,0.2,,
dataflow,ESTAT:NAMA_10_LP_ULC(1.0),A,PCH_PRE,RLPR_HW,FR,2013,1.6,,
dataflow,ESTAT:NAMA_10_LP_ULC(1.0),A,PCH_PRE,RLPR_HW,FR,2014,1.0,,
dataflow,ESTAT:NAMA_10_LP_ULC(1.0),A,PCH_PRE,RLPR_HW,FR,2015,0.8,,
dataflow,ESTAT:NAMA_10_LP_ULC(1.0),A,PCH_PRE,RLPR_HW,FR,2016,-0.1,,
dataflow,ESTAT:NAMA_10_LP_ULC(1.0),A,PCH_PRE,RLPR_HW,FR,2017,1.9,,
dataflow,ESTAT:NAMA_10_LP_ULC(1.0),A,PCH_PRE,RLPR_HW,FR,2018,0.1,,
dataflow,ESTAT:NAMA_10_LP_ULC(1.0),A,PCH_PRE,RLPR_HW,FR,2019,0.5,,
dataflow,ESTAT:NAMA_10_LP_ULC(1.0),A,PCH_PRE,RLPR_HW,FR,2020,0.2,,
dataflow,ESTAT:NAMA_10_LP_ULC(1.0),A,PCH_PRE,RLPR_HW,FR,2021,-1.4,,
dataflow,ESTAT:NAMA_10_LP_ULC(1.0),A,PCH_PRE,RLPR_HW,FR,2022,-1.5,,
dataflow,ESTAT:NAMA_10_LP_ULC(1.0),A,PCH_PRE,RLPR_HW,FR,2023,0.4,,
dataflow,ESTAT:NAMA_10_LP_ULC(1.0),A,PCH_PRE,RLPR_HW,FR,2024,0.0,p,
dataflow,ESTAT:NAMA_10_LP_ULC(1.0),A,PCH_PRE,RLPR_HW,FR,2025,1.5,p,
dataflow,ESTAT:NAMA_10_LP_ULC(1.0),A,PCH_PRE,RLPR_HW,HR,1996,6.2,,
dataflow,ESTAT:NAMA_10_LP_ULC(1.0),A,PCH_PRE,RLPR_HW,HR,1997,6.1,,
dataflow,ESTAT:NAMA_10_LP_ULC(1.0),A,PCH_PRE,RLPR_HW,HR,1998,2.6,,
dataflow,ESTAT:NAMA_10_LP_ULC(1.0),A,PCH_PRE,RLPR_HW,HR,1999,-0.9,,
dataflow,ESTAT:NAMA_10_LP_ULC(1.0),A,PCH_PRE,RLPR_HW,HR,2000,3.2,,
dataflow,ESTAT:NAMA_10_LP_ULC(1.0),A,PCH_PRE,RLPR_HW,HR,2001,3.8,,
dataflow,ESTAT:NAMA_10_LP_ULC(1.0),A,PCH_PRE,RLPR_HW,HR,2002,5.0,,
dataflow,ESTAT:NAMA_10_LP_ULC(1.0),A,PCH_PRE,RLPR_HW,HR,2003,3.1,,
dataflow,ESTAT:NAMA_10_LP_ULC(1.0),A,PCH_PRE,RLPR_HW,HR,2004,3.3,,
dataflow,ESTAT:NAMA_10_LP_ULC(1.0),A,PCH_PRE,RLPR_HW,HR,2005,3.4,,
dataflow,ESTAT:NAMA_10_LP_ULC(1.0),A,PCH_PRE,RLPR_HW,HR,2006,1.8,,
dataflow,ESTAT:NAMA_10_LP_ULC(1.0),A,PCH_PRE,RLPR_HW,HR,2007,1.8,,
dataflow,ESTAT:NAMA_10_LP_ULC(1.0),A,PCH_PRE,RLPR_HW,HR,2008,-0.1,,
dataflow,ESTAT:NAMA_10_LP_ULC(1.0),A,PCH_PRE,RLPR_HW,HR,2009,-6.1,,
dataflow,ESTAT:NAMA_10_LP_ULC(1.0),A,PCH_PRE,RLPR_HW,HR,2010,1.8,,
dataflow,ESTAT:NAMA_10_LP_ULC(1.0),A,PCH_PRE,RLPR_HW,HR,2011,4.1,,
dataflow,ESTAT:NAMA_10_LP_ULC(1.0),A,PCH_PRE,RLPR_HW,HR,2012,-3.6,b,
dataflow,ESTAT:NAMA_10_LP_ULC(1.0),A,PCH_PRE,RLPR_HW,HR,2013,3.5,,
dataflow,ESTAT:NAMA_10_LP_ULC(1.0),A,PCH_PRE,RLPR_HW,HR,2014,-2.6,,
dataflow,ESTAT:NAMA_10_LP_ULC(1.0),A,PCH_PRE,RLPR_HW,HR,2015,3.4,,
dataflow,ESTAT:NAMA_10_LP_ULC(1.0),A,PCH_PRE,RLPR_HW,HR,2016,3.2,,
dataflow,ESTAT:NAMA_10_LP_ULC(1.0),A,PCH_PRE,RLPR_HW,HR,2017,0.9,,
dataflow,ESTAT:NAMA_10_LP_ULC(1.0),A,PCH_PRE,RLPR_HW,HR,2018,2.8,,
dataflow,ESTAT:NAMA_10_LP_ULC(1.0),A,PCH_PRE,RLPR_HW,HR,2019,1.6,,
dataflow,ESTAT:NAMA_10_LP_ULC(1.0),A,PCH_PRE,RLPR_HW,HR,2020,-6.2,,
dataflow,ESTAT:NAMA_10_LP_ULC(1.0),A,PCH_PRE,RLPR_HW,HR,2021,11.1,,
dataflow,ESTAT:NAMA_10_LP_ULC(1.0),A,PCH_PRE,RLPR_HW,HR,2022,6.0,,
dataflow,ESTAT:NAMA_10_LP_ULC(1.0),A,PCH_PRE,RLPR_HW,HR,2023,1.4,,
dataflow,ESTAT:NAMA_10_LP_ULC(1.0),A,PCH_PRE,RLPR_HW,HR,2024,-0.7,p,
dataflow,ESTAT:NAMA_10_LP_ULC(1.0),A,PCH_PRE,RLPR_HW,HR,2025,2.4,p,
dataflow,ESTAT:NAMA_10_LP_ULC(1.0),A,PCH_PRE,RLPR_HW,HU,1996,0.4,,
dataflow,ESTAT:NAMA_10_LP_ULC(1.0),A,PCH_PRE,RLPR_HW,HU,1997,1.5,,
dataflow,ESTAT:NAMA_10_LP_ULC(1.0),A,PCH_PRE,RLPR_HW,HU,1998,3.4,,
dataflow,ESTAT:NAMA_10_LP_ULC(1.0),A,PCH_PRE,RLPR_HW,HU,1999,0.7,,
dataflow,ESTAT:NAMA_10_LP_ULC(1.0),A,PCH_PRE,RLPR_HW,HU,2000,4.8,,
dataflow,ESTAT:NAMA_10_LP_ULC(1.0),A,PCH_PRE,RLPR_HW,HU,2001,5.7,,
dataflow,ESTAT:NAMA_10_LP_ULC(1.0),A,PCH_PRE,RLPR_HW,HU,2002,5.6,,
dataflow,ESTAT:NAMA_10_LP_ULC(1.0),A,PCH_PRE,RLPR_HW,HU,2003,3.5,,
dataflow,ESTAT:NAMA_10_LP_ULC(1.0),A,PCH_PRE,RLPR_HW,HU,2004,5.8,,
dataflow,ESTAT:NAMA_10_LP_ULC(1.0),A,PCH_PRE,RLPR_HW,HU,2005,6.5,,
dataflow,ESTAT:NAMA_10_LP_ULC(1.0),A,PCH_PRE,RLPR_HW,HU,2006,4.2,,
dataflow,ESTAT:NAMA_10_LP_ULC(1.0),A,PCH_PRE,RLPR_HW,HU,2007,2.4,,
dataflow,ESTAT:NAMA_10_LP_ULC(1.0),A,PCH_PRE,RLPR_HW,HU,2008,2.8,,
dataflow,ESTAT:NAMA_10_LP_ULC(1.0),A,PCH_PRE,RLPR_HW,HU,2009,-3.2,,
dataflow,ESTAT:NAMA_10_LP_ULC(1.0),A,PCH_PRE,RLPR_HW,HU,2010,1.4,,
dataflow,ESTAT:NAMA_10_LP_ULC(1.0),A,PCH_PRE,RLPR_HW,HU,2011,2.7,,
dataflow,ESTAT:NAMA_10_LP_ULC(1.0),A,PCH_PRE,RLPR_HW,HU,2012,-1.4,,
dataflow,ESTAT:NAMA_10_LP_ULC(1.0),A,PCH_PRE,RLPR_HW,HU,2013,0.8,,
dataflow,ESTAT:NAMA_10_LP_ULC(1.0),A,PCH_PRE,RLPR_HW,HU,2014,-1.0,,
dataflow,ESTAT:NAMA_10_LP_ULC(1.0),A,PCH_PRE,RLPR_HW,HU,2015,1.3,,
dataflow,ESTAT:NAMA_10_LP_ULC(1.0),A,PCH_PRE,RLPR_HW,HU,2016,-1.7,,
dataflow,ESTAT:NAMA_10_LP_ULC(1.0),A,PCH_PRE,RLPR_HW,HU,2017,3.2,,
dataflow,ESTAT:NAMA_10_LP_ULC(1.0),A,PCH_PRE,RLPR_HW,HU,2018,4.6,,
dataflow,ESTAT:NAMA_10_LP_ULC(1.0),A,PCH_PRE,RLPR_HW,HU,2019,4.3,,
dataflow,ESTAT:NAMA_10_LP_ULC(1.0),A,PCH_PRE,RLPR_HW,HU,2020,1.3,,
dataflow,ESTAT:NAMA_10_LP_ULC(1.0),A,PCH_PRE,RLPR_HW,HU,2021,2.8,,
dataflow,ESTAT:NAMA_10_LP_ULC(1.0),A,PCH_PRE,RLPR_HW,HU,2022,1.9,,
dataflow,ESTAT:NAMA_10_LP_ULC(1.0),A,PCH_PRE,RLPR_HW,HU,2023,0.3,,
dataflow,ESTAT:NAMA_10_LP_ULC(1.0),A,PCH_PRE,RLPR_HW,HU,2024,0.4,,
dataflow,ESTAT:NAMA_10_LP_ULC(1.0),A,PCH_PRE,RLPR_HW,HU,2025,0.1,p,
dataflow,ESTAT:NAMA_10_LP_ULC(1.0),A,PCH_PRE,RLPR_HW,IE,1996,6.5,,
dataflow,ESTAT:NAMA_10_LP_ULC(1.0),A,PCH_PRE,RLPR_HW,IE,1997,10.2,,
dataflow,ESTAT:NAMA_10_LP_ULC(1.0),A,PCH_PRE,RLPR_HW,IE,1998,6.2,b,
dataflow,ESTAT:NAMA_10_LP_ULC(1.0),A,PCH_PRE,RLPR_HW,IE,1999,4.4,,
dataflow,ESTAT:NAMA_10_LP_ULC(1.0),A,PCH_PRE,RLPR_HW,IE,2000,5.5,,
dataflow,ESTAT:NAMA_10_LP_ULC(1.0),A,PCH_PRE,RLPR_HW,IE,2001,3.6,,
dataflow,ESTAT:NAMA_10_LP_ULC(1.0),A,PCH_PRE,RLPR_HW,IE,2002,5.2,,
dataflow,ESTAT:NAMA_10_LP_ULC(1.0),A,PCH_PRE,RLPR_HW,IE,2003,2.8,,
dataflow,ESTAT:NAMA_10_LP_ULC(1.0),A,PCH_PRE,RLPR_HW,IE,2004,4.2,,
dataflow,ESTAT:NAMA_10_LP_ULC(1.0),A,PCH_PRE,RLPR_HW,IE,2005,0.9,,
dataflow,ESTAT:NAMA_10_LP_ULC(1.0),A,PCH_PRE,RLPR_HW,IE,2006,1.6,,
dataflow,ESTAT:NAMA_10_LP_ULC(1.0),A,PCH_PRE,RLPR_HW,IE,2007,2.5,,
dataflow,ESTAT:NAMA_10_LP_ULC(1.0),A,PCH_PRE,RLPR_HW,IE,2008,-1.6,,
dataflow,ESTAT:NAMA_10_LP_ULC(1.0),A,PCH_PRE,RLPR_HW,IE,2009,6.8,,
dataflow,ESTAT:NAMA_10_LP_ULC(1.0),A,PCH_PRE,RLPR_HW,IE,2010,6.3,,
dataflow,ESTAT:NAMA_10_LP_ULC(1.0),A,PCH_PRE,RLPR_HW,IE,2011,3.4,,
dataflow,ESTAT:NAMA_10_LP_ULC(1.0),A,PCH_PRE,RLPR_HW,IE,2012,0.3,,
dataflow,ESTAT:NAMA_10_LP_ULC(1.0),A,PCH_PRE,RLPR_HW,IE,2013,-1.8,,
dataflow,ESTAT:NAMA_10_LP_ULC(1.0),A,PCH_PRE,RLPR_HW,IE,2014,5.9,,
dataflow,ESTAT:NAMA_10_LP_ULC(1.0),A,PCH_PRE,RLPR_HW,IE,2015,21.0,,
dataflow,ESTAT:NAMA_10_LP_ULC(1.0),A,PCH_PRE,RLPR_HW,IE,2016,-3.8,,
dataflow,ESTAT:NAMA_10_LP_ULC(1.0),A,PCH_PRE,RLPR_HW,IE,2017,5.4,,
dataflow,ESTAT:NAMA_10_LP_ULC(1.0),A,PCH_PRE,RLPR_HW,IE,2018,3.8,,
dataflow,ESTAT:NAMA_10_LP_ULC(1.0),A,PCH_PRE,RLPR_HW,IE,2019,1.7,,
dataflow,ESTAT:NAMA_10_LP_ULC(1.0),A,PCH_PRE,RLPR_HW,IE,2020,18.2,,
dataflow,ESTAT:NAMA_10_LP_ULC(1.0),A,PCH_PRE,RLPR_HW,IE,2021,8.1,,
dataflow,ESTAT:NAMA_10_LP_ULC(1.0),A,PCH_PRE,RLPR_HW,IE,2022,-1.4,,
dataflow,ESTAT:NAMA_10_LP_ULC(1.0),A,PCH_PRE,RLPR_HW,IE,2023,-4.2,,
dataflow,ESTAT:NAMA_10_LP_ULC(1.0),A,PCH_PRE,RLPR_HW,IE,2024,0.5,,
dataflow,ESTAT:NAMA_10_LP_ULC(1.0),A,PCH_PRE,RLPR_HW,IE,2025,10.5,,
dataflow,ESTAT:NAMA_10_LP_ULC(1.0),A,PCH_PRE,RLPR_HW,IS,1996,3.2,p,
dataflow,ESTAT:NAMA_10_LP_ULC(1.0),A,PCH_PRE,RLPR_HW,IS,1997,3.0,p,
dataflow,ESTAT:NAMA_10_LP_ULC(1.0),A,PCH_PRE,RLPR_HW,IS,1998,5.2,p,
dataflow,ESTAT:NAMA_10_LP_ULC(1.0),A,PCH_PRE,RLPR_HW,IS,1999,1.3,p,
dataflow,ESTAT:NAMA_10_LP_ULC(1.0),A,PCH_PRE,RLPR_HW,IS,2000,2.8,p,
dataflow,ESTAT:NAMA_10_LP_ULC(1.0),A,PCH_PRE,RLPR_HW,IS,2001,3.6,p,
dataflow,ESTAT:NAMA_10_LP_ULC(1.0),A,PCH_PRE,RLPR_HW,IS,2002,1.9,p,
dataflow,ESTAT:NAMA_10_LP_ULC(1.0),A,PCH_PRE,RLPR_HW,IS,2003,3.5,p,
dataflow,ESTAT:NAMA_10_LP_ULC(1.0),A,PCH_PRE,RLPR_HW,IS,2004,6.6,p,
dataflow,ESTAT:NAMA_10_LP_ULC(1.0),A,PCH_PRE,RLPR_HW,IS,2005,3.8,p,
dataflow,ESTAT:NAMA_10_LP_ULC(1.0),A,PCH_PRE,RLPR_HW,IS,2006,1.9,p,
dataflow,ESTAT:NAMA_10_LP_ULC(1.0),A,PCH_PRE,RLPR_HW,IS,2007,6.3,p,
dataflow,ESTAT:NAMA_10_LP_ULC(1.0),A,PCH_PRE,RLPR_HW,IS,2008,-3.4,p,
dataflow,ESTAT:NAMA_10_LP_ULC(1.0),A,PCH_PRE,RLPR_HW,IS,2009,5.6,p,
dataflow,ESTAT:NAMA_10_LP_ULC(1.0),A,PCH_PRE,RLPR_HW,IS,2010,-0.4,p,
dataflow,ESTAT:NAMA_10_LP_ULC(1.0),A,PCH_PRE,RLPR_HW,IS,2011,-0.4,p,
dataflow,ESTAT:NAMA_10_LP_ULC(1.0),A,PCH_PRE,RLPR_HW,IS,2012,0.2,p,
dataflow,ESTAT:NAMA_10_LP_ULC(1.0),A,PCH_PRE,RLPR_HW,IS,2013,1.2,p,
dataflow,ESTAT:NAMA_10_LP_ULC(1.0),A,PCH_PRE,RLPR_HW,IS,2014,0.2,p,
dataflow,ESTAT:NAMA_10_LP_ULC(1.0),A,PCH_PRE,RLPR_HW,IS,2015,1.0,p,
dataflow,ESTAT:NAMA_10_LP_ULC(1.0),A,PCH_PRE,RLPR_HW,IS,2016,1.0,p,
dataflow,ESTAT:NAMA_10_LP_ULC(1.0),A,PCH_PRE,RLPR_HW,IS,2017,0.1,p,
dataflow,ESTAT:NAMA_10_LP_ULC(1.0),A,PCH_PRE,RLPR_HW,IS,2018,2.3,p,
dataflow,ESTAT:NAMA_10_LP_ULC(1.0),A,PCH_PRE,RLPR_HW,IS,2019,2.4,p,
dataflow,ESTAT:NAMA_10_LP_ULC(1.0),A,PCH_PRE,RLPR_HW,IS,2020,-0.9,p,
dataflow,ESTAT:NAMA_10_LP_ULC(1.0),A,PCH_PRE,RLPR_HW,IS,2021,4.0,p,
dataflow,ESTAT:NAMA_10_LP_ULC(1.0),A,PCH_PRE,RLPR_HW,IS,2022,1.7,p,
dataflow,ESTAT:NAMA_10_LP_ULC(1.0),A,PCH_PRE,RLPR_HW,IS,2023,1.0,p,
dataflow,ESTAT:NAMA_10_LP_ULC(1.0),A,PCH_PRE,RLPR_HW,IS,2024,-2.3,p,
dataflow,ESTAT:NAMA_10_LP_ULC(1.0),A,PCH_PRE,RLPR_HW,IS,2025,2.0,p,
dataflow,ESTAT:NAMA_10_LP_ULC(1.0),A,PCH_PRE,RLPR_HW,IT,1996,0.2,,
dataflow,ESTAT:NAMA_10_LP_ULC(1.0),A,PCH_PRE,RLPR_HW,IT,1997,1.9,,
dataflow,ESTAT:NAMA_10_LP_ULC(1.0),A,PCH_PRE,RLPR_HW,IT,1998,0.0,,
dataflow,ESTAT:NAMA_10_LP_ULC(1.0),A,PCH_PRE,RLPR_HW,IT,1999,0.7,,
dataflow,ESTAT:NAMA_10_LP_ULC(1.0),A,PCH_PRE,RLPR_HW,IT,2000,2.9,,
dataflow,ESTAT:NAMA_10_LP_ULC(1.0),A,PCH_PRE,RLPR_HW,IT,2001,0.6,,
dataflow,ESTAT:NAMA_10_LP_ULC(1.0),A,PCH_PRE,RLPR_HW,IT,2002,-0.6,,
dataflow,ESTAT:NAMA_10_LP_ULC(1.0),A,PCH_PRE,RLPR_HW,IT,2003,-0.6,,
dataflow,ESTAT:NAMA_10_LP_ULC(1.0),A,PCH_PRE,RLPR_HW,IT,2004,1.0,,
dataflow,ESTAT:NAMA_10_LP_ULC(1.0),A,PCH_PRE,RLPR_HW,IT,2005,0.5,,
dataflow,ESTAT:NAMA_10_LP_ULC(1.0),A,PCH_PRE,RLPR_HW,IT,2006,-0.3,,
dataflow,ESTAT:NAMA_10_LP_ULC(1.0),A,PCH_PRE,RLPR_HW,IT,2007,-0.1,,
dataflow,ESTAT:NAMA_10_LP_ULC(1.0),A,PCH_PRE,RLPR_HW,IT,2008,-0.6,,
dataflow,ESTAT:NAMA_10_LP_ULC(1.0),A,PCH_PRE,RLPR_HW,IT,2009,-1.9,,
dataflow,ESTAT:NAMA_10_LP_ULC(1.0),A,PCH_PRE,RLPR_HW,IT,2010,2.1,,
dataflow,ESTAT:NAMA_10_LP_ULC(1.0),A,PCH_PRE,RLPR_HW,IT,2011,0.7,,
dataflow,ESTAT:NAMA_10_LP_ULC(1.0),A,PCH_PRE,RLPR_HW,IT,2012,-0.7,,
dataflow,ESTAT:NAMA_10_LP_ULC(1.0),A,PCH_PRE,RLPR_HW,IT,2013,0.8,,
dataflow,ESTAT:NAMA_10_LP_ULC(1.0),A,PCH_PRE,RLPR_HW,IT,2014,0.1,,
dataflow,ESTAT:NAMA_10_LP_ULC(1.0),A,PCH_PRE,RLPR_HW,IT,2015,0.1,,
dataflow,ESTAT:NAMA_10_LP_ULC(1.0),A,PCH_PRE,RLPR_HW,IT,2016,-0.4,,
dataflow,ESTAT:NAMA_10_LP_ULC(1.0),A,PCH_PRE,RLPR_HW,IT,2017,0.5,,
dataflow,ESTAT:NAMA_10_LP_ULC(1.0),A,PCH_PRE,RLPR_HW,IT,2018,-0.2,,
dataflow,ESTAT:NAMA_10_LP_ULC(1.0),A,PCH_PRE,RLPR_HW,IT,2019,0.4,,
dataflow,ESTAT:NAMA_10_LP_ULC(1.0),A,PCH_PRE,RLPR_HW,IT,2020,3.3,,
dataflow,ESTAT:NAMA_10_LP_ULC(1.0),A,PCH_PRE,RLPR_HW,IT,2021,-1.2,,
dataflow,ESTAT:NAMA_10_LP_ULC(1.0),A,PCH_PRE,RLPR_HW,IT,2022,0.5,,
dataflow,ESTAT:NAMA_10_LP_ULC(1.0),A,PCH_PRE,RLPR_HW,IT,2023,-2.1,,
dataflow,ESTAT:NAMA_10_LP_ULC(1.0),A,PCH_PRE,RLPR_HW,IT,2024,-1.4,,
dataflow,ESTAT:NAMA_10_LP_ULC(1.0),A,PCH_PRE,RLPR_HW,IT,2025,-0.6,,
dataflow,ESTAT:NAMA_10_LP_ULC(1.0),A,PCH_PRE,RLPR_HW,LT,1996,4.2,,
dataflow,ESTAT:NAMA_10_LP_ULC(1.0),A,PCH_PRE,RLPR_HW,LT,1997,7.3,,
dataflow,ESTAT:NAMA_10_LP_ULC(1.0),A,PCH_PRE,RLPR_HW,LT,1998,5.5,,
dataflow,ESTAT:NAMA_10_LP_ULC(1.0),A,PCH_PRE,RLPR_HW,LT,1999,4.2,,
dataflow,ESTAT:NAMA_10_LP_ULC(1.0),A,PCH_PRE,RLPR_HW,LT,2000,1.0,,
dataflow,ESTAT:NAMA_10_LP_ULC(1.0),A,PCH_PRE,RLPR_HW,LT,2001,11.5,,
dataflow,ESTAT:NAMA_10_LP_ULC(1.0),A,PCH_PRE,RLPR_HW,LT,2002,4.6,,
dataflow,ESTAT:NAMA_10_LP_ULC(1.0),A,PCH_PRE,RLPR_HW,LT,2003,9.1,,
dataflow,ESTAT:NAMA_10_LP_ULC(1.0),A,PCH_PRE,RLPR_HW,LT,2004,2.5,,
dataflow,ESTAT:NAMA_10_LP_ULC(1.0),A,PCH_PRE,RLPR_HW,LT,2005,6.8,,
dataflow,ESTAT:NAMA_10_LP_ULC(1.0),A,PCH_PRE,RLPR_HW,LT,2006,8.3,,
dataflow,ESTAT:NAMA_10_LP_ULC(1.0),A,PCH_PRE,RLPR_HW,LT,2007,7.2,,
dataflow,ESTAT:NAMA_10_LP_ULC(1.0),A,PCH_PRE,RLPR_HW,LT,2008,2.2,,
dataflow,ESTAT:NAMA_10_LP_ULC(1.0),A,PCH_PRE,RLPR_HW,LT,2009,-4.3,,
dataflow,ESTAT:NAMA_10_LP_ULC(1.0),A,PCH_PRE,RLPR_HW,LT,2010,4.4,,
dataflow,ESTAT:NAMA_10_LP_ULC(1.0),A,PCH_PRE,RLPR_HW,LT,2011,7.2,,
dataflow,ESTAT:NAMA_10_LP_ULC(1.0),A,PCH_PRE,RLPR_HW,LT,2012,2.6,,
dataflow,ESTAT:NAMA_10_LP_ULC(1.0),A,PCH_PRE,RLPR_HW,LT,2013,3.6,,
dataflow,ESTAT:NAMA_10_LP_ULC(1.0),A,PCH_PRE,RLPR_HW,LT,2014,2.2,,
dataflow,ESTAT:NAMA_10_LP_ULC(1.0),A,PCH_PRE,RLPR_HW,LT,2015,0.0,,
dataflow,ESTAT:NAMA_10_LP_ULC(1.0),A,PCH_PRE,RLPR_HW,LT,2016,-0.9,,
dataflow,ESTAT:NAMA_10_LP_ULC(1.0),A,PCH_PRE,RLPR_HW,LT,2017,7.7,,
dataflow,ESTAT:NAMA_10_LP_ULC(1.0),A,PCH_PRE,RLPR_HW,LT,2018,3.1,,
dataflow,ESTAT:NAMA_10_LP_ULC(1.0),A,PCH_PRE,RLPR_HW,LT,2019,4.0,,
dataflow,ESTAT:NAMA_10_LP_ULC(1.0),A,PCH_PRE,RLPR_HW,LT,2020,6.1,,
dataflow,ESTAT:NAMA_10_LP_ULC(1.0),A,PCH_PRE,RLPR_HW,LT,2021,3.5,,
dataflow,ESTAT:NAMA_10_LP_ULC(1.0),A,PCH_PRE,RLPR_HW,LT,2022,-2.7,,
dataflow,ESTAT:NAMA_10_LP_ULC(1.0),A,PCH_PRE,RLPR_HW,LT,2023,-1.6,,
dataflow,ESTAT:NAMA_10_LP_ULC(1.0),A,PCH_PRE,RLPR_HW,LT,2024,0.3,,
dataflow,ESTAT:NAMA_10_LP_ULC(1.0),A,PCH_PRE,RLPR_HW,LT,2025,2.9,,
dataflow,ESTAT:NAMA_10_LP_ULC(1.0),A,PCH_PRE,RLPR_HW,LU,1996,0.3,,
dataflow,ESTAT:NAMA_10_LP_ULC(1.0),A,PCH_PRE,RLPR_HW,LU,1997,1.6,,
dataflow,ESTAT:NAMA_10_LP_ULC(1.0),A,PCH_PRE,RLPR_HW,LU,1998,2.3,,
dataflow,ESTAT:NAMA_10_LP_ULC(1.0),A,PCH_PRE,RLPR_HW,LU,1999,3.5,,
dataflow,ESTAT:NAMA_10_LP_ULC(1.0),A,PCH_PRE,RLPR_HW,LU,2000,1.2,,
dataflow,ESTAT:NAMA_10_LP_ULC(1.0),A,PCH_PRE,RLPR_HW,LU,2001,-1.8,,
dataflow,ESTAT:NAMA_10_LP_ULC(1.0),A,PCH_PRE,RLPR_HW,LU,2002,0.8,,
dataflow,ESTAT:NAMA_10_LP_ULC(1.0),A,PCH_PRE,RLPR_HW,LU,2003,0.7,,
dataflow,ESTAT:NAMA_10_LP_ULC(1.0),A,PCH_PRE,RLPR_HW,LU,2004,1.9,,
dataflow,ESTAT:NAMA_10_LP_ULC(1.0),A,PCH_PRE,RLPR_HW,LU,2005,1.0,,
dataflow,ESTAT:NAMA_10_LP_ULC(1.0),A,PCH_PRE,RLPR_HW,LU,2006,2.1,,
dataflow,ESTAT:NAMA_10_LP_ULC(1.0),A,PCH_PRE,RLPR_HW,LU,2007,2.7,,
dataflow,ESTAT:NAMA_10_LP_ULC(1.0),A,PCH_PRE,RLPR_HW,LU,2008,-4.8,,
dataflow,ESTAT:NAMA_10_LP_ULC(1.0),A,PCH_PRE,RLPR_HW,LU,2009,-0.2,,
dataflow,ESTAT:NAMA_10_LP_ULC(1.0),A,PCH_PRE,RLPR_HW,LU,2010,1.7,,
dataflow,ESTAT:NAMA_10_LP_ULC(1.0),A,PCH_PRE,RLPR_HW,LU,2011,-1.8,,
dataflow,ESTAT:NAMA_10_LP_ULC(1.0),A,PCH_PRE,RLPR_HW,LU,2012,-0.4,,
dataflow,ESTAT:NAMA_10_LP_ULC(1.0),A,PCH_PRE,RLPR_HW,LU,2013,1.8,,
dataflow,ESTAT:NAMA_10_LP_ULC(1.0),A,PCH_PRE,RLPR_HW,LU,2014,-0.2,,
dataflow,ESTAT:NAMA_10_LP_ULC(1.0),A,PCH_PRE,RLPR_HW,LU,2015,-0.8,,
dataflow,ESTAT:NAMA_10_LP_ULC(1.0),A,PCH_PRE,RLPR_HW,LU,2016,2.0,,
dataflow,ESTAT:NAMA_10_LP_ULC(1.0),A,PCH_PRE,RLPR_HW,LU,2017,-1.5,,
dataflow,ESTAT:NAMA_10_LP_ULC(1.0),A,PCH_PRE,RLPR_HW,LU,2018,-1.2,,
dataflow,ESTAT:NAMA_10_LP_ULC(1.0),A,PCH_PRE,RLPR_HW,LU,2019,-0.4,,
dataflow,ESTAT:NAMA_10_LP_ULC(1.0),A,PCH_PRE,RLPR_HW,LU,2020,5.2,,
dataflow,ESTAT:NAMA_10_LP_ULC(1.0),A,PCH_PRE,RLPR_HW,LU,2021,-2.2,,
dataflow,ESTAT:NAMA_10_LP_ULC(1.0),A,PCH_PRE,RLPR_HW,LU,2022,-4.0,,
dataflow,ESTAT:NAMA_10_LP_ULC(1.0),A,PCH_PRE,RLPR_HW,LU,2023,-1.5,,
dataflow,ESTAT:NAMA_10_LP_ULC(1.0),A,PCH_PRE,RLPR_HW,LU,2024,-0.7,,
dataflow,ESTAT:NAMA_10_LP_ULC(1.0),A,PCH_PRE,RLPR_HW,LU,2025,0.0,p,
dataflow,ESTAT:NAMA_10_LP_ULC(1.0),A,PCH_PRE,RLPR_HW,LV,1996,1.8,,
dataflow,ESTAT:NAMA_10_LP_ULC(1.0),A,PCH_PRE,RLPR_HW,LV,1997,4.8,,
dataflow,ESTAT:NAMA_10_LP_ULC(1.0),A,PCH_PRE,RLPR_HW,LV,1998,7.0,,
dataflow,ESTAT:NAMA_10_LP_ULC(1.0),A,PCH_PRE,RLPR_HW,LV,1999,4.6,,
dataflow,ESTAT:NAMA_10_LP_ULC(1.0),A,PCH_PRE,RLPR_HW,LV,2000,9.3,,
dataflow,ESTAT:NAMA_10_LP_ULC(1.0),A,PCH_PRE,RLPR_HW,LV,2001,4.3,,
dataflow,ESTAT:NAMA_10_LP_ULC(1.0),A,PCH_PRE,RLPR_HW,LV,2002,7.9,,
dataflow,ESTAT:NAMA_10_LP_ULC(1.0),A,PCH_PRE,RLPR_HW,LV,2003,8.1,,
dataflow,ESTAT:NAMA_10_LP_ULC(1.0),A,PCH_PRE,RLPR_HW,LV,2004,10.5,,
dataflow,ESTAT:NAMA_10_LP_ULC(1.0),A,PCH_PRE,RLPR_HW,LV,2005,8.2,,
dataflow,ESTAT:NAMA_10_LP_ULC(1.0),A,PCH_PRE,RLPR_HW,LV,2006,7.4,,
dataflow,ESTAT:NAMA_10_LP_ULC(1.0),A,PCH_PRE,RLPR_HW,LV,2007,8.5,,
dataflow,ESTAT:NAMA_10_LP_ULC(1.0),A,PCH_PRE,RLPR_HW,LV,2008,-0.2,,
dataflow,ESTAT:NAMA_10_LP_ULC(1.0),A,PCH_PRE,RLPR_HW,LV,2009,0.5,,
dataflow,ESTAT:NAMA_10_LP_ULC(1.0),A,PCH_PRE,RLPR_HW,LV,2010,4.1,,
dataflow,ESTAT:NAMA_10_LP_ULC(1.0),A,PCH_PRE,RLPR_HW,LV,2011,0.6,,
dataflow,ESTAT:NAMA_10_LP_ULC(1.0),A,PCH_PRE,RLPR_HW,LV,2012,6.7,,
dataflow,ESTAT:NAMA_10_LP_ULC(1.0),A,PCH_PRE,RLPR_HW,LV,2013,0.1,,
dataflow,ESTAT:NAMA_10_LP_ULC(1.0),A,PCH_PRE,RLPR_HW,LV,2014,2.9,,
dataflow,ESTAT:NAMA_10_LP_ULC(1.0),A,PCH_PRE,RLPR_HW,LV,2015,4.3,,
dataflow,ESTAT:NAMA_10_LP_ULC(1.0),A,PCH_PRE,RLPR_HW,LV,2016,2.8,,
dataflow,ESTAT:NAMA_10_LP_ULC(1.0),A,PCH_PRE,RLPR_HW,LV,2017,4.3,,
dataflow,ESTAT:NAMA_10_LP_ULC(1.0),A,PCH_PRE,RLPR_HW,LV,2018,1.5,,
dataflow,ESTAT:NAMA_10_LP_ULC(1.0),A,PCH_PRE,RLPR_HW,LV,2019,-1.3,,
dataflow,ESTAT:NAMA_10_LP_ULC(1.0),A,PCH_PRE,RLPR_HW,LV,2020,2.8,,
dataflow,ESTAT:NAMA_10_LP_ULC(1.0),A,PCH_PRE,RLPR_HW,LV,2021,6.5,,
dataflow,ESTAT:NAMA_10_LP_ULC(1.0),A,PCH_PRE,RLPR_HW,LV,2022,-0.3,,
dataflow,ESTAT:NAMA_10_LP_ULC(1.0),A,PCH_PRE,RLPR_HW,LV,2023,-1.0,,
dataflow,ESTAT:NAMA_10_LP_ULC(1.0),A,PCH_PRE,RLPR_HW,LV,2024,0.9,,
dataflow,ESTAT:NAMA_10_LP_ULC(1.0),A,PCH_PRE,RLPR_HW,LV,2025,4.2,,
dataflow,ESTAT:NAMA_10_LP_ULC(1.0),A,PCH_PRE,RLPR_HW,MT,2001,-0.6,e,
dataflow,ESTAT:NAMA_10_LP_ULC(1.0),A,PCH_PRE,RLPR_HW,MT,2002,2.2,,
dataflow,ESTAT:NAMA_10_LP_ULC(1.0),A,PCH_PRE,RLPR_HW,MT,2003,3.5,,
dataflow,ESTAT:NAMA_10_LP_ULC(1.0),A,PCH_PRE,RLPR_HW,MT,2004,4.0,,
dataflow,ESTAT:NAMA_10_LP_ULC(1.0),A,PCH_PRE,RLPR_HW,MT,2005,1.9,,
dataflow,ESTAT:NAMA_10_LP_ULC(1.0),A,PCH_PRE,RLPR_HW,MT,2006,0.1,,
dataflow,ESTAT:NAMA_10_LP_ULC(1.0),A,PCH_PRE,RLPR_HW,MT,2007,1.6,,
dataflow,ESTAT:NAMA_10_LP_ULC(1.0),A,PCH_PRE,RLPR_HW,MT,2008,1.7,,
dataflow,ESTAT:NAMA_10_LP_ULC(1.0),A,PCH_PRE,RLPR_HW,MT,2009,-1.5,,
dataflow,ESTAT:NAMA_10_LP_ULC(1.0),A,PCH_PRE,RLPR_HW,MT,2010,7.2,,
dataflow,ESTAT:NAMA_10_LP_ULC(1.0),A,PCH_PRE,RLPR_HW,MT,2011,1.3,,
dataflow,ESTAT:NAMA_10_LP_ULC(1.0),A,PCH_PRE,RLPR_HW,MT,2012,3.3,,
dataflow,ESTAT:NAMA_10_LP_ULC(1.0),A,PCH_PRE,RLPR_HW,MT,2013,2.7,,
dataflow,ESTAT:NAMA_10_LP_ULC(1.0),A,PCH_PRE,RLPR_HW,MT,2014,4.4,,
dataflow,ESTAT:NAMA_10_LP_ULC(1.0),A,PCH_PRE,RLPR_HW,MT,2015,5.6,,
dataflow,ESTAT:NAMA_10_LP_ULC(1.0),A,PCH_PRE,RLPR_HW,MT,2016,-4.2,,
dataflow,ESTAT:NAMA_10_LP_ULC(1.0),A,PCH_PRE,RLPR_HW,MT,2017,8.6,,
dataflow,ESTAT:NAMA_10_LP_ULC(1.0),A,PCH_PRE,RLPR_HW,MT,2018,-1.1,,
dataflow,ESTAT:NAMA_10_LP_ULC(1.0),A,PCH_PRE,RLPR_HW,MT,2019,-4.8,,
dataflow,ESTAT:NAMA_10_LP_ULC(1.0),A,PCH_PRE,RLPR_HW,MT,2020,1.4,,
dataflow,ESTAT:NAMA_10_LP_ULC(1.0),A,PCH_PRE,RLPR_HW,MT,2021,9.6,,
dataflow,ESTAT:NAMA_10_LP_ULC(1.0),A,PCH_PRE,RLPR_HW,MT,2022,-2.6,,
dataflow,ESTAT:NAMA_10_LP_ULC(1.0),A,PCH_PRE,RLPR_HW,MT,2023,3.4,,
dataflow,ESTAT:NAMA_10_LP_ULC(1.0),A,PCH_PRE,RLPR_HW,MT,2024,2.3,,
dataflow,ESTAT:NAMA_10_LP_ULC(1.0),A,PCH_PRE,RLPR_HW,MT,2025,-0.9,,
dataflow,ESTAT:NAMA_10_LP_ULC(1.0),A,PCH_PRE,RLPR_HW,NL,1996,0.3,,
dataflow,ESTAT:NAMA_10_LP_ULC(1.0),A,PCH_PRE,RLPR_HW,NL,1997,2.1,,
dataflow,ESTAT:NAMA_10_LP_ULC(1.0),A,PCH_PRE,RLPR_HW,NL,1998,2.5,,
dataflow,ESTAT:NAMA_10_LP_ULC(1.0),A,PCH_PRE,RLPR_HW,NL,1999,2.2,,
dataflow,ESTAT:NAMA_10_LP_ULC(1.0),A,PCH_PRE,RLPR_HW,NL,2000,3.3,,
dataflow,ESTAT:NAMA_10_LP_ULC(1.0),A,PCH_PRE,RLPR_HW,NL,2001,1.0,,
dataflow,ESTAT:NAMA_10_LP_ULC(1.0),A,PCH_PRE,RLPR_HW,NL,2002,0.8,,
dataflow,ESTAT:NAMA_10_LP_ULC(1.0),A,PCH_PRE,RLPR_HW,NL,2003,1.3,,
dataflow,ESTAT:NAMA_10_LP_ULC(1.0),A,PCH_PRE,RLPR_HW,NL,2004,1.7,,
dataflow,ESTAT:NAMA_10_LP_ULC(1.0),A,PCH_PRE,RLPR_HW,NL,2005,2.4,,
dataflow,ESTAT:NAMA_10_LP_ULC(1.0),A,PCH_PRE,RLPR_HW,NL,2006,1.6,,
dataflow,ESTAT:NAMA_10_LP_ULC(1.0),A,PCH_PRE,RLPR_HW,NL,2007,1.0,,
dataflow,ESTAT:NAMA_10_LP_ULC(1.0),A,PCH_PRE,RLPR_HW,NL,2008,0.5,,
dataflow,ESTAT:NAMA_10_LP_ULC(1.0),A,PCH_PRE,RLPR_HW,NL,2009,-2.2,,
dataflow,ESTAT:NAMA_10_LP_ULC(1.0),A,PCH_PRE,RLPR_HW,NL,2010,2.1,,
dataflow,ESTAT:NAMA_10_LP_ULC(1.0),A,PCH_PRE,RLPR_HW,NL,2011,0.9,,
dataflow,ESTAT:NAMA_10_LP_ULC(1.0),A,PCH_PRE,RLPR_HW,NL,2012,-0.1,,
dataflow,ESTAT:NAMA_10_LP_ULC(1.0),A,PCH_PRE,RLPR_HW,NL,2013,0.9,,
dataflow,ESTAT:NAMA_10_LP_ULC(1.0),A,PCH_PRE,RLPR_HW,NL,2014,0.9,,
dataflow,ESTAT:NAMA_10_LP_ULC(1.0),A,PCH_PRE,RLPR_HW,NL,2015,1.3,,
dataflow,ESTAT:NAMA_10_LP_ULC(1.0),A,PCH_PRE,RLPR_HW,NL,2016,0.0,,
dataflow,ESTAT:NAMA_10_LP_ULC(1.0),A,PCH_PRE,RLPR_HW,NL,2017,0.4,,
dataflow,ESTAT:NAMA_10_LP_ULC(1.0),A,PCH_PRE,RLPR_HW,NL,2018,-0.4,,
dataflow,ESTAT:NAMA_10_LP_ULC(1.0),A,PCH_PRE,RLPR_HW,NL,2019,-0.3,,
dataflow,ESTAT:NAMA_10_LP_ULC(1.0),A,PCH_PRE,RLPR_HW,NL,2020,0.4,,
dataflow,ESTAT:NAMA_10_LP_ULC(1.0),A,PCH_PRE,RLPR_HW,NL,2021,1.6,,
dataflow,ESTAT:NAMA_10_LP_ULC(1.0),A,PCH_PRE,RLPR_HW,NL,2022,1.1,p,
dataflow,ESTAT:NAMA_10_LP_ULC(1.0),A,PCH_PRE,RLPR_HW,NL,2023,-1.9,p,
dataflow,ESTAT:NAMA_10_LP_ULC(1.0),A,PCH_PRE,RLPR_HW,NL,2024,-0.3,p,
dataflow,ESTAT:NAMA_10_LP_ULC(1.0),A,PCH_PRE,RLPR_HW,NL,2025,2.4,p,
dataflow,ESTAT:NAMA_10_LP_ULC(1.0),A,PCH_PRE,RLPR_HW,NO,1975,4.1,,
dataflow,ESTAT:NAMA_10_LP_ULC(1.0),A,PCH_PRE,RLPR_HW,NO,1976,5.6,,
dataflow,ESTAT:NAMA_10_LP_ULC(1.0),A,PCH_PRE,RLPR_HW,NO,1977,3.4,,
dataflow,ESTAT:NAMA_10_LP_ULC(1.0),A,PCH_PRE,RLPR_HW,NO,1978,4.3,,
dataflow,ESTAT:NAMA_10_LP_ULC(1.0),A,PCH_PRE,RLPR_HW,NO,1979,4.4,,
dataflow,ESTAT:NAMA_10_LP_ULC(1.0),A,PCH_PRE,RLPR_HW,NO,1980,2.0,,
dataflow,ESTAT:NAMA_10_LP_ULC(1.0),A,PCH_PRE,RLPR_HW,NO,1981,0.9,,
dataflow,ESTAT:NAMA_10_LP_ULC(1.0),A,PCH_PRE,RLPR_HW,NO,1982,0.9,,
dataflow,ESTAT:NAMA_10_LP_ULC(1.0),A,PCH_PRE,RLPR_HW,NO,1983,4.6,,
dataflow,ESTAT:NAMA_10_LP_ULC(1.0),A,PCH_PRE,RLPR_HW,NO,1984,5.6,,
dataflow,ESTAT:NAMA_10_LP_ULC(1.0),A,PCH_PRE,RLPR_HW,NO,1985,3.1,,
dataflow,ESTAT:NAMA_10_LP_ULC(1.0),A,PCH_PRE,RLPR_HW,NO,1986,1.0,,
dataflow,ESTAT:NAMA_10_LP_ULC(1.0),A,PCH_PRE,RLPR_HW,NO,1987,1.5,,
dataflow,ESTAT:NAMA_10_LP_ULC(1.0),A,PCH_PRE,RLPR_HW,NO,1988,0.0,,
dataflow,ESTAT:NAMA_10_LP_ULC(1.0),A,PCH_PRE,RLPR_HW,NO,1989,4.2,,
dataflow,ESTAT:NAMA_10_LP_ULC(1.0),A,PCH_PRE,RLPR_HW,NO,1990,3.4,,
dataflow,ESTAT:NAMA_10_LP_ULC(1.0),A,PCH_PRE,RLPR_HW,NO,1991,4.0,,
dataflow,ESTAT:NAMA_10_LP_ULC(1.0),A,PCH_PRE,RLPR_HW,NO,1992,3.1,,
dataflow,ESTAT:NAMA_10_LP_ULC(1.0),A,PCH_PRE,RLPR_HW,NO,1993,2.3,,
dataflow,ESTAT:NAMA_10_LP_ULC(1.0),A,PCH_PRE,RLPR_HW,NO,1994,3.7,,
dataflow,ESTAT:NAMA_10_LP_ULC(1.0),A,PCH_PRE,RLPR_HW,NO,1995,3.1,,
dataflow,ESTAT:NAMA_10_LP_ULC(1.0),A,PCH_PRE,RLPR_HW,NO,1996,3.2,,
dataflow,ESTAT:NAMA_10_LP_ULC(1.0),A,PCH_PRE,RLPR_HW,NO,1997,2.4,,
dataflow,ESTAT:NAMA_10_LP_ULC(1.0),A,PCH_PRE,RLPR_HW,NO,1998,0.2,,
dataflow,ESTAT:NAMA_10_LP_ULC(1.0),A,PCH_PRE,RLPR_HW,NO,1999,1.3,,
dataflow,ESTAT:NAMA_10_LP_ULC(1.0),A,PCH_PRE,RLPR_HW,NO,2000,4.1,,
dataflow,ESTAT:NAMA_10_LP_ULC(1.0),A,PCH_PRE,RLPR_HW,NO,2001,3.9,,
dataflow,ESTAT:NAMA_10_LP_ULC(1.0),A,PCH_PRE,RLPR_HW,NO,2002,2.4,,
dataflow,ESTAT:NAMA_10_LP_ULC(1.0),A,PCH_PRE,RLPR_HW,NO,2003,3.5,,
dataflow,ESTAT:NAMA_10_LP_ULC(1.0),A,PCH_PRE,RLPR_HW,NO,2004,2.4,,
dataflow,ESTAT:NAMA_10_LP_ULC(1.0),A,PCH_PRE,RLPR_HW,NO,2005,1.5,,
dataflow,ESTAT:NAMA_10_LP_ULC(1.0),A,PCH_PRE,RLPR_HW,NO,2006,-0.2,,
dataflow,ESTAT:NAMA_10_LP_ULC(1.0),A,PCH_PRE,RLPR_HW,NO,2007,-1.3,,
dataflow,ESTAT:NAMA_10_LP_ULC(1.0),A,PCH_PRE,RLPR_HW,NO,2008,-2.7,,
dataflow,ESTAT:NAMA_10_LP_ULC(1.0),A,PCH_PRE,RLPR_HW,NO,2009,0.3,,
dataflow,ESTAT:NAMA_10_LP_ULC(1.0),A,PCH_PRE,RLPR_HW,NO,2010,0.7,,
dataflow,ESTAT:NAMA_10_LP_ULC(1.0),A,PCH_PRE,RLPR_HW,NO,2011,-0.3,,
dataflow,ESTAT:NAMA_10_LP_ULC(1.0),A,PCH_PRE,RLPR_HW,NO,2012,1.1,,
dataflow,ESTAT:NAMA_10_LP_ULC(1.0),A,PCH_PRE,RLPR_HW,NO,2013,0.9,,
dataflow,ESTAT:NAMA_10_LP_ULC(1.0),A,PCH_PRE,RLPR_HW,NO,2014,1.0,,
dataflow,ESTAT:NAMA_10_LP_ULC(1.0),A,PCH_PRE,RLPR_HW,NO,2015,1.5,,
dataflow,ESTAT:NAMA_10_LP_ULC(1.0),A,PCH_PRE,RLPR_HW,NO,2016,0.8,,
dataflow,ESTAT:NAMA_10_LP_ULC(1.0),A,PCH_PRE,RLPR_HW,NO,2017,2.3,,
dataflow,ESTAT:NAMA_10_LP_ULC(1.0),A,PCH_PRE,RLPR_HW,NO,2018,-0.4,,
dataflow,ESTAT:NAMA_10_LP_ULC(1.0),A,PCH_PRE,RLPR_HW,NO,2019,0.0,,
dataflow,ESTAT:NAMA_10_LP_ULC(1.0),A,PCH_PRE,RLPR_HW,NO,2020,0.8,,
dataflow,ESTAT:NAMA_10_LP_ULC(1.0),A,PCH_PRE,RLPR_HW,NO,2021,1.8,,
dataflow,ESTAT:NAMA_10_LP_ULC(1.0),A,PCH_PRE,RLPR_HW,NO,2022,0.5,,
dataflow,ESTAT:NAMA_10_LP_ULC(1.0),A,PCH_PRE,RLPR_HW,NO,2023,0.0,,
dataflow,ESTAT:NAMA_10_LP_ULC(1.0),A,PCH_PRE,RLPR_HW,NO,2024,1.0,,
dataflow,ESTAT:NAMA_10_LP_ULC(1.0),A,PCH_PRE,RLPR_HW,NO,2025,0.6,,
dataflow,ESTAT:NAMA_10_LP_ULC(1.0),A,PCH_PRE,RLPR_HW,PL,1996,4.8,,
dataflow,ESTAT:NAMA_10_LP_ULC(1.0),A,PCH_PRE,RLPR_HW,PL,1997,4.9,,
dataflow,ESTAT:NAMA_10_LP_ULC(1.0),A,PCH_PRE,RLPR_HW,PL,1998,3.4,,
dataflow,ESTAT:NAMA_10_LP_ULC(1.0),A,PCH_PRE,RLPR_HW,PL,1999,7.3,e,
dataflow,ESTAT:NAMA_10_LP_ULC(1.0),A,PCH_PRE,RLPR_HW,PL,2000,8.0,e,
dataflow,ESTAT:NAMA_10_LP_ULC(1.0),A,PCH_PRE,RLPR_HW,PL,2001,3.4,,
dataflow,ESTAT:NAMA_10_LP_ULC(1.0),A,PCH_PRE,RLPR_HW,PL,2002,5.3,,
dataflow,ESTAT:NAMA_10_LP_ULC(1.0),A,PCH_PRE,RLPR_HW,PL,2003,4.5,b,
dataflow,ESTAT:NAMA_10_LP_ULC(1.0),A,PCH_PRE,RLPR_HW,PL,2004,3.9,,
dataflow,ESTAT:NAMA_10_LP_ULC(1.0),A,PCH_PRE,RLPR_HW,PL,2005,1.3,,
dataflow,ESTAT:NAMA_10_LP_ULC(1.0),A,PCH_PRE,RLPR_HW,PL,2006,2.9,,
dataflow,ESTAT:NAMA_10_LP_ULC(1.0),A,PCH_PRE,RLPR_HW,PL,2007,2.3,,
dataflow,ESTAT:NAMA_10_LP_ULC(1.0),A,PCH_PRE,RLPR_HW,PL,2008,1.0,,
dataflow,ESTAT:NAMA_10_LP_ULC(1.0),A,PCH_PRE,RLPR_HW,PL,2009,3.0,,
dataflow,ESTAT:NAMA_10_LP_ULC(1.0),A,PCH_PRE,RLPR_HW,PL,2010,6.3,b,
dataflow,ESTAT:NAMA_10_LP_ULC(1.0),A,PCH_PRE,RLPR_HW,PL,2011,4.9,,
dataflow,ESTAT:NAMA_10_LP_ULC(1.0),A,PCH_PRE,RLPR_HW,PL,2012,1.7,,
dataflow,ESTAT:NAMA_10_LP_ULC(1.0),A,PCH_PRE,RLPR_HW,PL,2013,0.9,,
dataflow,ESTAT:NAMA_10_LP_ULC(1.0),A,PCH_PRE,RLPR_HW,PL,2014,1.8,,
dataflow,ESTAT:NAMA_10_LP_ULC(1.0),A,PCH_PRE,RLPR_HW,PL,2015,2.5,,
dataflow,ESTAT:NAMA_10_LP_ULC(1.0),A,PCH_PRE,RLPR_HW,PL,2016,2.1,,
dataflow,ESTAT:NAMA_10_LP_ULC(1.0),A,PCH_PRE,RLPR_HW,PL,2017,4.9,,
dataflow,ESTAT:NAMA_10_LP_ULC(1.0),A,PCH_PRE,RLPR_HW,PL,2018,7.1,,
dataflow,ESTAT:NAMA_10_LP_ULC(1.0),A,PCH_PRE,RLPR_HW,PL,2019,1.6,b,
dataflow,ESTAT:NAMA_10_LP_ULC(1.0),A,PCH_PRE,RLPR_HW,PL,2020,-1.3,,
dataflow,ESTAT:NAMA_10_LP_ULC(1.0),A,PCH_PRE,RLPR_HW,PL,2021,1.2,,
dataflow,ESTAT:NAMA_10_LP_ULC(1.0),A,PCH_PRE,RLPR_HW,PL,2022,4.6,,
dataflow,ESTAT:NAMA_10_LP_ULC(1.0),A,PCH_PRE,RLPR_HW,PL,2023,0.8,,
dataflow,ESTAT:NAMA_10_LP_ULC(1.0),A,PCH_PRE,RLPR_HW,PL,2024,5.1,,
dataflow,ESTAT:NAMA_10_LP_ULC(1.0),A,PCH_PRE,RLPR_HW,PL,2025,4.1,p,
dataflow,ESTAT:NAMA_10_LP_ULC(1.0),A,PCH_PRE,RLPR_HW,PT,1996,1.7,,
dataflow,ESTAT:NAMA_10_LP_ULC(1.0),A,PCH_PRE,RLPR_HW,PT,1997,2.0,,
dataflow,ESTAT:NAMA_10_LP_ULC(1.0),A,PCH_PRE,RLPR_HW,PT,1998,1.1,,
dataflow,ESTAT:NAMA_10_LP_ULC(1.0),A,PCH_PRE,RLPR_HW,PT,1999,2.2,,
dataflow,ESTAT:NAMA_10_LP_ULC(1.0),A,PCH_PRE,RLPR_HW,PT,2000,1.1,,
dataflow,ESTAT:NAMA_10_LP_ULC(1.0),A,PCH_PRE,RLPR_HW,PT,2001,1.1,,
dataflow,ESTAT:NAMA_10_LP_ULC(1.0),A,PCH_PRE,RLPR_HW,PT,2002,0.8,,
dataflow,ESTAT:NAMA_10_LP_ULC(1.0),A,PCH_PRE,RLPR_HW,PT,2003,0.4,,
dataflow,ESTAT:NAMA_10_LP_ULC(1.0),A,PCH_PRE,RLPR_HW,PT,2004,2.2,,
dataflow,ESTAT:NAMA_10_LP_ULC(1.0),A,PCH_PRE,RLPR_HW,PT,2005,1.1,,
dataflow,ESTAT:NAMA_10_LP_ULC(1.0),A,PCH_PRE,RLPR_HW,PT,2006,1.9,,
dataflow,ESTAT:NAMA_10_LP_ULC(1.0),A,PCH_PRE,RLPR_HW,PT,2007,1.6,,
dataflow,ESTAT:NAMA_10_LP_ULC(1.0),A,PCH_PRE,RLPR_HW,PT,2008,0.6,,
dataflow,ESTAT:NAMA_10_LP_ULC(1.0),A,PCH_PRE,RLPR_HW,PT,2009,-0.4,,
dataflow,ESTAT:NAMA_10_LP_ULC(1.0),A,PCH_PRE,RLPR_HW,PT,2010,3.1,,
dataflow,ESTAT:NAMA_10_LP_ULC(1.0),A,PCH_PRE,RLPR_HW,PT,2011,1.7,,
dataflow,ESTAT:NAMA_10_LP_ULC(1.0),A,PCH_PRE,RLPR_HW,PT,2012,1.2,,
dataflow,ESTAT:NAMA_10_LP_ULC(1.0),A,PCH_PRE,RLPR_HW,PT,2013,1.4,,
dataflow,ESTAT:NAMA_10_LP_ULC(1.0),A,PCH_PRE,RLPR_HW,PT,2014,-1.2,,
dataflow,ESTAT:NAMA_10_LP_ULC(1.0),A,PCH_PRE,RLPR_HW,PT,2015,-0.3,,
dataflow,ESTAT:NAMA_10_LP_ULC(1.0),A,PCH_PRE,RLPR_HW,PT,2016,-0.1,,
dataflow,ESTAT:NAMA_10_LP_ULC(1.0),A,PCH_PRE,RLPR_HW,PT,2017,0.6,,
dataflow,ESTAT:NAMA_10_LP_ULC(1.0),A,PCH_PRE,RLPR_HW,PT,2018,0.0,,
dataflow,ESTAT:NAMA_10_LP_ULC(1.0),A,PCH_PRE,RLPR_HW,PT,2019,1.6,,
dataflow,ESTAT:NAMA_10_LP_ULC(1.0),A,PCH_PRE,RLPR_HW,PT,2020,0.0,,
dataflow,ESTAT:NAMA_10_LP_ULC(1.0),A,PCH_PRE,RLPR_HW,PT,2021,1.0,,
dataflow,ESTAT:NAMA_10_LP_ULC(1.0),A,PCH_PRE,RLPR_HW,PT,2022,0.8,,
dataflow,ESTAT:NAMA_10_LP_ULC(1.0),A,PCH_PRE,RLPR_HW,PT,2023,-1.7,,
dataflow,ESTAT:NAMA_10_LP_ULC(1.0),A,PCH_PRE,RLPR_HW,PT,2024,1.3,p,
dataflow,ESTAT:NAMA_10_LP_ULC(1.0),A,PCH_PRE,RLPR_HW,PT,2025,0.0,p,
dataflow,ESTAT:NAMA_10_LP_ULC(1.0),A,PCH_PRE,RLPR_HW,RO,1996,5.2,,
dataflow,ESTAT:NAMA_10_LP_ULC(1.0),A,PCH_PRE,RLPR_HW,RO,1997,-5.6,,
dataflow,ESTAT:NAMA_10_LP_ULC(1.0),A,PCH_PRE,RLPR_HW,RO,1998,1.1,,
dataflow,ESTAT:NAMA_10_LP_ULC(1.0),A,PCH_PRE,RLPR_HW,RO,1999,1.4,,
dataflow,ESTAT:NAMA_10_LP_ULC(1.0),A,PCH_PRE,RLPR_HW,RO,2000,3.1,,
dataflow,ESTAT:NAMA_10_LP_ULC(1.0),A,PCH_PRE,RLPR_HW,RO,2001,6.4,,
dataflow,ESTAT:NAMA_10_LP_ULC(1.0),A,PCH_PRE,RLPR_HW,RO,2002,16.7,,
dataflow,ESTAT:NAMA_10_LP_ULC(1.0),A,PCH_PRE,RLPR_HW,RO,2003,4.1,,
dataflow,ESTAT:NAMA_10_LP_ULC(1.0),A,PCH_PRE,RLPR_HW,RO,2004,12.0,b,
dataflow,ESTAT:NAMA_10_LP_ULC(1.0),A,PCH_PRE,RLPR_HW,RO,2005,5.5,,
dataflow,ESTAT:NAMA_10_LP_ULC(1.0),A,PCH_PRE,RLPR_HW,RO,2006,8.1,,
dataflow,ESTAT:NAMA_10_LP_ULC(1.0),A,PCH_PRE,RLPR_HW,RO,2007,5.5,,
dataflow,ESTAT:NAMA_10_LP_ULC(1.0),A,PCH_PRE,RLPR_HW,RO,2008,11.1,,
dataflow,ESTAT:NAMA_10_LP_ULC(1.0),A,PCH_PRE,RLPR_HW,RO,2009,-0.9,,
dataflow,ESTAT:NAMA_10_LP_ULC(1.0),A,PCH_PRE,RLPR_HW,RO,2010,-2.0,,
dataflow,ESTAT:NAMA_10_LP_ULC(1.0),A,PCH_PRE,RLPR_HW,RO,2011,6.5,,
dataflow,ESTAT:NAMA_10_LP_ULC(1.0),A,PCH_PRE,RLPR_HW,RO,2012,2.6,,
dataflow,ESTAT:NAMA_10_LP_ULC(1.0),A,PCH_PRE,RLPR_HW,RO,2013,1.5,,
dataflow,ESTAT:NAMA_10_LP_ULC(1.0),A,PCH_PRE,RLPR_HW,RO,2014,4.1,,
dataflow,ESTAT:NAMA_10_LP_ULC(1.0),A,PCH_PRE,RLPR_HW,RO,2015,4.9,,
dataflow,ESTAT:NAMA_10_LP_ULC(1.0),A,PCH_PRE,RLPR_HW,RO,2016,2.7,,
dataflow,ESTAT:NAMA_10_LP_ULC(1.0),A,PCH_PRE,RLPR_HW,RO,2017,7.0,,
dataflow,ESTAT:NAMA_10_LP_ULC(1.0),A,PCH_PRE,RLPR_HW,RO,2018,5.2,,
dataflow,ESTAT:NAMA_10_LP_ULC(1.0),A,PCH_PRE,RLPR_HW,RO,2019,2.9,,
dataflow,ESTAT:NAMA_10_LP_ULC(1.0),A,PCH_PRE,RLPR_HW,RO,2020,1.0,,
dataflow,ESTAT:NAMA_10_LP_ULC(1.0),A,PCH_PRE,RLPR_HW,RO,2021,0.9,,
dataflow,ESTAT:NAMA_10_LP_ULC(1.0),A,PCH_PRE,RLPR_HW,RO,2022,4.6,,
dataflow,ESTAT:NAMA_10_LP_ULC(1.0),A,PCH_PRE,RLPR_HW,RO,2023,4.4,,
dataflow,ESTAT:NAMA_10_LP_ULC(1.0),A,PCH_PRE,RLPR_HW,RO,2024,-2.9,p,
dataflow,ESTAT:NAMA_10_LP_ULC(1.0),A,PCH_PRE,RLPR_HW,RO,2025,3.9,p,
dataflow,ESTAT:NAMA_10_LP_ULC(1.0),A,PCH_PRE,RLPR_HW,RS,1996,5.4,,
dataflow,ESTAT:NAMA_10_LP_ULC(1.0),A,PCH_PRE,RLPR_HW,RS,1997,16.0,,
dataflow,ESTAT:NAMA_10_LP_ULC(1.0),A,PCH_PRE,RLPR_HW,RS,1998,6.0,,
dataflow,ESTAT:NAMA_10_LP_ULC(1.0),A,PCH_PRE,RLPR_HW,RS,1999,-9.0,,
dataflow,ESTAT:NAMA_10_LP_ULC(1.0),A,PCH_PRE,RLPR_HW,RS,2000,3.4,,
dataflow,ESTAT:NAMA_10_LP_ULC(1.0),A,PCH_PRE,RLPR_HW,RS,2001,8.4,,
dataflow,ESTAT:NAMA_10_LP_ULC(1.0),A,PCH_PRE,RLPR_HW,RS,2002,8.2,,
dataflow,ESTAT:NAMA_10_LP_ULC(1.0),A,PCH_PRE,RLPR_HW,RS,2003,6.3,,
dataflow,ESTAT:NAMA_10_LP_ULC(1.0),A,PCH_PRE,RLPR_HW,RS,2004,6.7,,
dataflow,ESTAT:NAMA_10_LP_ULC(1.0),A,PCH_PRE,RLPR_HW,RS,2005,6.6,,
dataflow,ESTAT:NAMA_10_LP_ULC(1.0),A,PCH_PRE,RLPR_HW,RS,2006,6.3,,
dataflow,ESTAT:NAMA_10_LP_ULC(1.0),A,PCH_PRE,RLPR_HW,RS,2007,8.7,,
dataflow,ESTAT:NAMA_10_LP_ULC(1.0),A,PCH_PRE,RLPR_HW,RS,2008,5.1,,
dataflow,ESTAT:NAMA_10_LP_ULC(1.0),A,PCH_PRE,RLPR_HW,RS,2009,-0.8,,
dataflow,ESTAT:NAMA_10_LP_ULC(1.0),A,PCH_PRE,RLPR_HW,RS,2010,4.0,,
dataflow,ESTAT:NAMA_10_LP_ULC(1.0),A,PCH_PRE,RLPR_HW,RS,2011,1.5,,
dataflow,ESTAT:NAMA_10_LP_ULC(1.0),A,PCH_PRE,RLPR_HW,RS,2012,-0.6,,
dataflow,ESTAT:NAMA_10_LP_ULC(1.0),A,PCH_PRE,RLPR_HW,RS,2013,1.5,,
dataflow,ESTAT:NAMA_10_LP_ULC(1.0),A,PCH_PRE,RLPR_HW,RS,2014,-1.0,,
dataflow,ESTAT:NAMA_10_LP_ULC(1.0),A,PCH_PRE,RLPR_HW,RS,2015,0.6,,
dataflow,ESTAT:NAMA_10_LP_ULC(1.0),A,PCH_PRE,RLPR_HW,RS,2016,2.3,,
dataflow,ESTAT:NAMA_10_LP_ULC(1.0),A,PCH_PRE,RLPR_HW,RS,2017,1.1,,
dataflow,ESTAT:NAMA_10_LP_ULC(1.0),A,PCH_PRE,RLPR_HW,RS,2018,3.5,,
dataflow,ESTAT:NAMA_10_LP_ULC(1.0),A,PCH_PRE,RLPR_HW,RS,2019,4.5,,
dataflow,ESTAT:NAMA_10_LP_ULC(1.0),A,PCH_PRE,RLPR_HW,RS,2020,0.6,,
dataflow,ESTAT:NAMA_10_LP_ULC(1.0),A,PCH_PRE,RLPR_HW,RS,2021,8.0,,
dataflow,ESTAT:NAMA_10_LP_ULC(1.0),A,PCH_PRE,RLPR_HW,RS,2022,2.7,,
dataflow,ESTAT:NAMA_10_LP_ULC(1.0),A,PCH_PRE,RLPR_HW,RS,2023,3.7,p,
dataflow,ESTAT:NAMA_10_LP_ULC(1.0),A,PCH_PRE,RLPR_HW,RS,2024,4.2,p,
dataflow,ESTAT:NAMA_10_LP_ULC(1.0),A,PCH_PRE,RLPR_HW,RS,2025,2.2,e,
dataflow,ESTAT:NAMA_10_LP_ULC(1.0),A,PCH_PRE,RLPR_HW,SE,1994,2.6,,
dataflow,ESTAT:NAMA_10_LP_ULC(1.0),A,PCH_PRE,RLPR_HW,SE,1995,2.1,,
dataflow,ESTAT:NAMA_10_LP_ULC(1.0),A,PCH_PRE,RLPR_HW,SE,1996,1.7,,
dataflow,ESTAT:NAMA_10_LP_ULC(1.0),A,PCH_PRE,RLPR_HW,SE,1997,4.1,,
dataflow,ESTAT:NAMA_10_LP_ULC(1.0),A,PCH_PRE,RLPR_HW,SE,1998,2.6,,
dataflow,ESTAT:NAMA_10_LP_ULC(1.0),A,PCH_PRE,RLPR_HW,SE,1999,1.4,,
dataflow,ESTAT:NAMA_10_LP_ULC(1.0),A,PCH_PRE,RLPR_HW,SE,2000,3.3,,
dataflow,ESTAT:NAMA_10_LP_ULC(1.0),A,PCH_PRE,RLPR_HW,SE,2001,0.7,,
dataflow,ESTAT:NAMA_10_LP_ULC(1.0),A,PCH_PRE,RLPR_HW,SE,2002,3.7,,
dataflow,ESTAT:NAMA_10_LP_ULC(1.0),A,PCH_PRE,RLPR_HW,SE,2003,3.3,,
dataflow,ESTAT:NAMA_10_LP_ULC(1.0),A,PCH_PRE,RLPR_HW,SE,2004,3.2,,
dataflow,ESTAT:NAMA_10_LP_ULC(1.0),A,PCH_PRE,RLPR_HW,SE,2005,2.9,,
dataflow,ESTAT:NAMA_10_LP_ULC(1.0),A,PCH_PRE,RLPR_HW,SE,2006,2.8,,
dataflow,ESTAT:NAMA_10_LP_ULC(1.0),A,PCH_PRE,RLPR_HW,SE,2007,0.1,,
dataflow,ESTAT:NAMA_10_LP_ULC(1.0),A,PCH_PRE,RLPR_HW,SE,2008,-2.3,,
dataflow,ESTAT:NAMA_10_LP_ULC(1.0),A,PCH_PRE,RLPR_HW,SE,2009,-1.3,,
dataflow,ESTAT:NAMA_10_LP_ULC(1.0),A,PCH_PRE,RLPR_HW,SE,2010,3.3,,
dataflow,ESTAT:NAMA_10_LP_ULC(1.0),A,PCH_PRE,RLPR_HW,SE,2011,0.8,,
dataflow,ESTAT:NAMA_10_LP_ULC(1.0),A,PCH_PRE,RLPR_HW,SE,2012,-0.3,,
dataflow,ESTAT:NAMA_10_LP_ULC(1.0),A,PCH_PRE,RLPR_HW,SE,2013,0.7,,
dataflow,ESTAT:NAMA_10_LP_ULC(1.0),A,PCH_PRE,RLPR_HW,SE,2014,0.8,,
dataflow,ESTAT:NAMA_10_LP_ULC(1.0),A,PCH_PRE,RLPR_HW,SE,2015,2.7,,
dataflow,ESTAT:NAMA_10_LP_ULC(1.0),A,PCH_PRE,RLPR_HW,SE,2016,-0.6,,
dataflow,ESTAT:NAMA_10_LP_ULC(1.0),A,PCH_PRE,RLPR_HW,SE,2017,0.2,,
dataflow,ESTAT:NAMA_10_LP_ULC(1.0),A,PCH_PRE,RLPR_HW,SE,2018,0.1,,
dataflow,ESTAT:NAMA_10_LP_ULC(1.0),A,PCH_PRE,RLPR_HW,SE,2019,2.9,,
dataflow,ESTAT:NAMA_10_LP_ULC(1.0),A,PCH_PRE,RLPR_HW,SE,2020,1.3,,
dataflow,ESTAT:NAMA_10_LP_ULC(1.0),A,PCH_PRE,RLPR_HW,SE,2021,2.6,,
dataflow,ESTAT:NAMA_10_LP_ULC(1.0),A,PCH_PRE,RLPR_HW,SE,2022,-1.8,,
dataflow,ESTAT:NAMA_10_LP_ULC(1.0),A,PCH_PRE,RLPR_HW,SE,2023,-1.2,,
dataflow,ESTAT:NAMA_10_LP_ULC(1.0),A,PCH_PRE,RLPR_HW,SE,2024,2.6,b,
dataflow,ESTAT:NAMA_10_LP_ULC(1.0),A,PCH_PRE,RLPR_HW,SE,2025,2.5,,
dataflow,ESTAT:NAMA_10_LP_ULC(1.0),A,PCH_PRE,RLPR_HW,SI,1996,6.7,,
dataflow,ESTAT:NAMA_10_LP_ULC(1.0),A,PCH_PRE,RLPR_HW,SI,1997,7.9,,
dataflow,ESTAT:NAMA_10_LP_ULC(1.0),A,PCH_PRE,RLPR_HW,SI,1998,2.4,,
dataflow,ESTAT:NAMA_10_LP_ULC(1.0),A,PCH_PRE,RLPR_HW,SI,1999,3.4,,
dataflow,ESTAT:NAMA_10_LP_ULC(1.0),A,PCH_PRE,RLPR_HW,SI,2000,3.2,,
dataflow,ESTAT:NAMA_10_LP_ULC(1.0),A,PCH_PRE,RLPR_HW,SI,2001,3.1,,
dataflow,ESTAT:NAMA_10_LP_ULC(1.0),A,PCH_PRE,RLPR_HW,SI,2002,0.4,,
dataflow,ESTAT:NAMA_10_LP_ULC(1.0),A,PCH_PRE,RLPR_HW,SI,2003,3.4,,
dataflow,ESTAT:NAMA_10_LP_ULC(1.0),A,PCH_PRE,RLPR_HW,SI,2004,3.2,,
dataflow,ESTAT:NAMA_10_LP_ULC(1.0),A,PCH_PRE,RLPR_HW,SI,2005,6.8,,
dataflow,ESTAT:NAMA_10_LP_ULC(1.0),A,PCH_PRE,RLPR_HW,SI,2006,6.1,,
dataflow,ESTAT:NAMA_10_LP_ULC(1.0),A,PCH_PRE,RLPR_HW,SI,2007,4.4,,
dataflow,ESTAT:NAMA_10_LP_ULC(1.0),A,PCH_PRE,RLPR_HW,SI,2008,-0.3,,
dataflow,ESTAT:NAMA_10_LP_ULC(1.0),A,PCH_PRE,RLPR_HW,SI,2009,-6.4,,
dataflow,ESTAT:NAMA_10_LP_ULC(1.0),A,PCH_PRE,RLPR_HW,SI,2010,3.2,,
dataflow,ESTAT:NAMA_10_LP_ULC(1.0),A,PCH_PRE,RLPR_HW,SI,2011,3.4,,
dataflow,ESTAT:NAMA_10_LP_ULC(1.0),A,PCH_PRE,RLPR_HW,SI,2012,-0.9,,
dataflow,ESTAT:NAMA_10_LP_ULC(1.0),A,PCH_PRE,RLPR_HW,SI,2013,-0.8,,
dataflow,ESTAT:NAMA_10_LP_ULC(1.0),A,PCH_PRE,RLPR_HW,SI,2014,1.1,,
dataflow,ESTAT:NAMA_10_LP_ULC(1.0),A,PCH_PRE,RLPR_HW,SI,2015,0.7,,
dataflow,ESTAT:NAMA_10_LP_ULC(1.0),A,PCH_PRE,RLPR_HW,SI,2016,3.3,,
dataflow,ESTAT:NAMA_10_LP_ULC(1.0),A,PCH_PRE,RLPR_HW,SI,2017,4.2,,
dataflow,ESTAT:NAMA_10_LP_ULC(1.0),A,PCH_PRE,RLPR_HW,SI,2018,2.3,,
dataflow,ESTAT:NAMA_10_LP_ULC(1.0),A,PCH_PRE,RLPR_HW,SI,2019,1.1,,
dataflow,ESTAT:NAMA_10_LP_ULC(1.0),A,PCH_PRE,RLPR_HW,SI,2020,0.9,,
dataflow,ESTAT:NAMA_10_LP_ULC(1.0),A,PCH_PRE,RLPR_HW,SI,2021,3.0,,
dataflow,ESTAT:NAMA_10_LP_ULC(1.0),A,PCH_PRE,RLPR_HW,SI,2022,-1.3,,
dataflow,ESTAT:NAMA_10_LP_ULC(1.0),A,PCH_PRE,RLPR_HW,SI,2023,2.3,,
dataflow,ESTAT:NAMA_10_LP_ULC(1.0),A,PCH_PRE,RLPR_HW,SI,2024,-0.7,,
dataflow,ESTAT:NAMA_10_LP_ULC(1.0),A,PCH_PRE,RLPR_HW,SI,2025,2.8,,
dataflow,ESTAT:NAMA_10_LP_ULC(1.0),A,PCH_PRE,RLPR_HW,SK,1996,5.9,,
dataflow,ESTAT:NAMA_10_LP_ULC(1.0),A,PCH_PRE,RLPR_HW,SK,1997,6.0,,
dataflow,ESTAT:NAMA_10_LP_ULC(1.0),A,PCH_PRE,RLPR_HW,SK,1998,4.8,,
dataflow,ESTAT:NAMA_10_LP_ULC(1.0),A,PCH_PRE,RLPR_HW,SK,1999,2.4,,
dataflow,ESTAT:NAMA_10_LP_ULC(1.0),A,PCH_PRE,RLPR_HW,SK,2000,2.8,,
dataflow,ESTAT:NAMA_10_LP_ULC(1.0),A,PCH_PRE,RLPR_HW,SK,2001,3.2,,
dataflow,ESTAT:NAMA_10_LP_ULC(1.0),A,PCH_PRE,RLPR_HW,SK,2002,7.1,,
dataflow,ESTAT:NAMA_10_LP_ULC(1.0),A,PCH_PRE,RLPR_HW,SK,2003,7.2,,
dataflow,ESTAT:NAMA_10_LP_ULC(1.0),A,PCH_PRE,RLPR_HW,SK,2004,2.9,,
dataflow,ESTAT:NAMA_10_LP_ULC(1.0),A,PCH_PRE,RLPR_HW,SK,2005,3.2,,
dataflow,ESTAT:NAMA_10_LP_ULC(1.0),A,PCH_PRE,RLPR_HW,SK,2006,6.4,,
dataflow,ESTAT:NAMA_10_LP_ULC(1.0),A,PCH_PRE,RLPR_HW,SK,2007,7.5,,
dataflow,ESTAT:NAMA_10_LP_ULC(1.0),A,PCH_PRE,RLPR_HW,SK,2008,2.0,,
dataflow,ESTAT:NAMA_10_LP_ULC(1.0),A,PCH_PRE,RLPR_HW,SK,2009,-2.9,,
dataflow,ESTAT:NAMA_10_LP_ULC(1.0),A,PCH_PRE,RLPR_HW,SK,2010,6.9,,
dataflow,ESTAT:NAMA_10_LP_ULC(1.0),A,PCH_PRE,RLPR_HW,SK,2011,1.5,,
dataflow,ESTAT:NAMA_10_LP_ULC(1.0),A,PCH_PRE,RLPR_HW,SK,2012,1.7,,
dataflow,ESTAT:NAMA_10_LP_ULC(1.0),A,PCH_PRE,RLPR_HW,SK,2013,2.5,,
dataflow,ESTAT:NAMA_10_LP_ULC(1.0),A,PCH_PRE,RLPR_HW,SK,2014,2.0,,
dataflow,ESTAT:NAMA_10_LP_ULC(1.0),A,PCH_PRE,RLPR_HW,SK,2015,3.5,,
dataflow,ESTAT:NAMA_10_LP_ULC(1.0),A,PCH_PRE,RLPR_HW,SK,2016,0.4,,
dataflow,ESTAT:NAMA_10_LP_ULC(1.0),A,PCH_PRE,RLPR_HW,SK,2017,2.2,,
dataflow,ESTAT:NAMA_10_LP_ULC(1.0),A,PCH_PRE,RLPR_HW,SK,2018,2.6,,
dataflow,ESTAT:NAMA_10_LP_ULC(1.0),A,PCH_PRE,RLPR_HW,SK,2019,1.9,,
dataflow,ESTAT:NAMA_10_LP_ULC(1.0),A,PCH_PRE,RLPR_HW,SK,2020,6.9,,
dataflow,ESTAT:NAMA_10_LP_ULC(1.0),A,PCH_PRE,RLPR_HW,SK,2021,5.6,,
dataflow,ESTAT:NAMA_10_LP_ULC(1.0),A,PCH_PRE,RLPR_HW,SK,2022,-3.0,,
dataflow,ESTAT:NAMA_10_LP_ULC(1.0),A,PCH_PRE,RLPR_HW,SK,2023,0.9,,
dataflow,ESTAT:NAMA_10_LP_ULC(1.0),A,PCH_PRE,RLPR_HW,SK,2024,1.7,,
dataflow,ESTAT:NAMA_10_LP_ULC(1.0),A,PCH_PRE,RLPR_HW,SK,2025,1.6,,
dataflow,ESTAT:NAMA_10_LP_ULC(1.0),A,PCH_PRE,RLPR_HW,UK,1996,1.4,,
dataflow,ESTAT:NAMA_10_LP_ULC(1.0),A,PCH_PRE,RLPR_HW,UK,1997,4.5,,
dataflow,ESTAT:NAMA_10_LP_ULC(1.0),A,PCH_PRE,RLPR_HW,UK,1998,1.7,,
dataflow,ESTAT:NAMA_10_LP_ULC(1.0),A,PCH_PRE,RLPR_HW,UK,1999,2.4,,
dataflow,ESTAT:NAMA_10_LP_ULC(1.0),A,PCH_PRE,RLPR_HW,UK,2000,3.1,,
dataflow,ESTAT:NAMA_10_LP_ULC(1.0),A,PCH_PRE,RLPR_HW,UK,2001,1.9,,
dataflow,ESTAT:NAMA_10_LP_ULC(1.0),A,PCH_PRE,RLPR_HW,UK,2002,2.4,,
dataflow,ESTAT:NAMA_10_LP_ULC(1.0),A,PCH_PRE,RLPR_HW,UK,2003,3.0,,
dataflow,ESTAT:NAMA_10_LP_ULC(1.0),A,PCH_PRE,RLPR_HW,UK,2004,2.1,,
dataflow,ESTAT:NAMA_10_LP_ULC(1.0),A,PCH_PRE,RLPR_HW,UK,2005,0.7,,
dataflow,ESTAT:NAMA_10_LP_ULC(1.0),A,PCH_PRE,RLPR_HW,UK,2006,2.0,,
dataflow,ESTAT:NAMA_10_LP_ULC(1.0),A,PCH_PRE,RLPR_HW,UK,2007,1.4,,
dataflow,ESTAT:NAMA_10_LP_ULC(1.0),A,PCH_PRE,RLPR_HW,UK,2008,0.2,,
dataflow,ESTAT:NAMA_10_LP_ULC(1.0),A,PCH_PRE,RLPR_HW,UK,2009,-2.2,,
dataflow,ESTAT:NAMA_10_LP_ULC(1.0),A,PCH_PRE,RLPR_HW,UK,2010,2.5,,
dataflow,ESTAT:NAMA_10_LP_ULC(1.0),A,PCH_PRE,RLPR_HW,UK,2011,0.0,,
dataflow,ESTAT:NAMA_10_LP_ULC(1.0),A,PCH_PRE,RLPR_HW,UK,2012,-0.5,,
dataflow,ESTAT:NAMA_10_LP_ULC(1.0),A,PCH_PRE,RLPR_HW,UK,2013,0.4,,
dataflow,ESTAT:NAMA_10_LP_ULC(1.0),A,PCH_PRE,RLPR_HW,UK,2014,0.1,,
dataflow,ESTAT:NAMA_10_LP_ULC(1.0),A,PCH_PRE,RLPR_HW,UK,2015,1.7,,
dataflow,ESTAT:NAMA_10_LP_ULC(1.0),A,PCH_PRE,RLPR_HW,UK,2016,-0.7,,
dataflow,ESTAT:NAMA_10_LP_ULC(1.0),A,PCH_PRE,RLPR_HW,UK,2017,0.8,,
dataflow,ESTAT:NAMA_10_LP_ULC(1.0),A,PCH_PRE,RLPR_HW,UK,2018,0.4,,
dataflow,ESTAT:NAMA_10_LP_ULC(1.0),A,PCH_PRE,RLPR_HW,UK,2019,0.0,,
dataflow,ESTAT:NAMA_10_LP_ULC(1.0),A,PCH_PRE,RLPR_HW,XK,2018,,,C
dataflow,ESTAT:NAMA_10_LP_ULC(1.0),A,PCH_PRE,RLPR_HW,XK,2019,,,C
