STRUCTURE,STRUCTURE_ID,freq,age,unit,sex,geo,TIME_PERIOD,OBS_VALUE,OBS_FLAG,CONF_STATUS
dataflow,ESTAT:UNE_RT_A(1.0),A,Y20-64,PC_ACT,T,AT,2009,5.3,,
dataflow,ESTAT:UNE_RT_A(1.0),A,Y20-64,PC_ACT,T,AT,2010,4.9,,
dataflow,ESTAT:UNE_RT_A(1.0),A,Y20-64,PC_ACT,T,AT,2011,4.6,,
dataflow,ESTAT:UNE_RT_A(1.0),A,Y20-64,PC_ACT,T,AT,2012,5.0,,
dataflow,ESTAT:UNE_RT_A(1.0),A,Y20-64,PC_ACT,T,AT,2013,5.5,,
dataflow,ESTAT:UNE_RT_A(1.0),A,Y20-64,PC_ACT,T,AT,2014,5.9,,
dataflow,ESTAT:UNE_RT_A(1.0),A,Y20-64,PC_ACT,T,AT,2015,6.0,,
dataflow,ESTAT:UNE_RT_A(1.0),A,Y20-64,PC_ACT,T,AT,2016,6.2,,
dataflow,ESTAT:UNE_RT_A(1.0),A,Y20-64,PC_ACT,T,AT,2017,5.7,,
dataflow,ESTAT:UNE_RT_A(1.0),A,Y20-64,PC_ACT,T,AT,2018,5.0,,
dataflow,ESTAT:UNE_RT_A(1.0),A,Y20-64,PC_ACT,T,AT,2019,4.7,,
dataflow,ESTAT:UNE_RT_A(1.0),A,Y20-64,PC_ACT,T,AT,2020,5.9,,
dataflow,ESTAT:UNE_RT_A(1.0),A,Y20-64,PC_ACT,T,AT,2021,6.0,,
dataflow,ESTAT:UNE_RT_A(1.0),A,Y20-64,PC_ACT,T,AT,2022,4.5,,
dataflow,ESTAT:UNE_RT_A(1.0),A,Y20-64,PC_ACT,T,AT,2023,4.8,,
dataflow,ESTAT:UNE_RT_A(1.0),A,Y20-64,PC_ACT,T,AT,2024,4.9,,
dataflow,ESTAT:UNE_RT_A(1.0),A,Y20-64,PC_ACT,T,AT,2025,5.4,,
dataflow,ESTAT:UNE_RT_A(1.0),A,Y20-64,PC_ACT,T,BA,2021,17.1,,
dataflow,ESTAT:UNE_RT_A(1.0),A,Y20-64,PC_ACT,T,BA,2022,15.2,,
dataflow,ESTAT:UNE_RT_A(1.0),A,Y20-64,PC_ACT,T,BA,2023,13.0,,
dataflow,ESTAT:UNE_RT_A(1.0),A,Y20-64,PC_ACT,T,BA,2024,12.6,,
dataflow,ESTAT:UNE_RT_A(1.0),A,Y20-64,PC_ACT,T,BA,2025,12.1,,
dataflow,ESTAT:UNE_RT_A(1.0),A,Y20-64,PC_ACT,T,BE,2009,7.8,,
dataflow,ESTAT:UNE_RT_A(1.0),A,Y20-64,PC_ACT,T,BE,2010,8.1,,
dataflow,ESTAT:UNE_RT_A(1.0),A,Y20-64,PC_ACT,T,BE,2011,7.0,,
dataflow,ESTAT:UNE_RT_A(1.0),A,Y20-64,PC_ACT,T,BE,2012,7.4,,
dataflow,ESTAT:UNE_RT_A(1.0),A,Y20-64,PC_ACT,T,BE,2013,8.4,,
dataflow,ESTAT:UNE_RT_A(1.0),A,Y20-64,PC_ACT,T,BE,2014,8.5,,
dataflow,ESTAT:UNE_RT_A(1.0),A,Y20-64,PC_ACT,T,BE,2015,8.5,,
dataflow,ESTAT:UNE_RT_A(1.0),A,Y20-64,PC_ACT,T,BE,2016,7.8,,
dataflow,ESTAT:UNE_RT_A(1.0),A,Y20-64,PC_ACT,T,BE,2017,7.1,b,
dataflow,ESTAT:UNE_RT_A(1.0),A,Y20-64,PC_ACT,T,BE,2018,5.9,,
dataflow,ESTAT:UNE_RT_A(1.0),A,Y20-64,PC_ACT,T,BE,2019,5.3,,
dataflow,ESTAT:UNE_RT_A(1.0),A,Y20-64,PC_ACT,T,BE,2020,5.6,,
dataflow,ESTAT:UNE_RT_A(1.0),A,Y20-64,PC_ACT,T,BE,2021,6.0,,
dataflow,ESTAT:UNE_RT_A(1.0),A,Y20-64,PC_ACT,T,BE,2022,5.3,,
dataflow,ESTAT:UNE_RT_A(1.0),A,Y20-64,PC_ACT,T,BE,2023,5.3,,
dataflow,ESTAT:UNE_RT_A(1.0),A,Y20-64,PC_ACT,T,BE,2024,5.4,,
dataflow,ESTAT:UNE_RT_A(1.0),A,Y20-64,PC_ACT,T,BE,2025,5.8,,
dataflow,ESTAT:UNE_RT_A(1.0),A,Y20-64,PC_ACT,T,BG,2009,7.6,,
dataflow,ESTAT:UNE_RT_A(1.0),A,Y20-64,PC_ACT,T,BG,2010,11.1,b,
dataflow,ESTAT:UNE_RT_A(1.0),A,Y20-64,PC_ACT,T,BG,2011,12.0,b,
dataflow,ESTAT:UNE_RT_A(1.0),A,Y20-64,PC_ACT,T,BG,2012,13.0,,
dataflow,ESTAT:UNE_RT_A(1.0),A,Y20-64,PC_ACT,T,BG,2013,13.7,,
dataflow,ESTAT:UNE_RT_A(1.0),A,Y20-64,PC_ACT,T,BG,2014,12.3,,
dataflow,ESTAT:UNE_RT_A(1.0),A,Y20-64,PC_ACT,T,BG,2015,10.1,,
dataflow,ESTAT:UNE_RT_A(1.0),A,Y20-64,PC_ACT,T,BG,2016,8.6,,
dataflow,ESTAT:UNE_RT_A(1.0),A,Y20-64,PC_ACT,T,BG,2017,7.1,,
dataflow,ESTAT:UNE_RT_A(1.0),A,Y20-64,PC_ACT,T,BG,2018,6.2,,
dataflow,ESTAT:UNE_RT_A(1.0),A,Y20-64,PC_ACT,T,BG,2019,5.3,b,
dataflow,ESTAT:UNE_RT_A(1.0),A,Y20-64,PC_ACT,T,BG,2020,6.1,,
dataflow,ESTAT:UNE_RT_A(1.0),A,Y20-64,PC_ACT,T,BG,2021,5.1,,
dataflow,ESTAT:UNE_RT_A(1.0),A,Y20-64,PC_ACT,T,BG,2022,4.1,,
dataflow,ESTAT:UNE_RT_A(1.0),A,Y20-64,PC_ACT,T,BG,2023,4.3,,
dataflow,ESTAT:UNE_RT_A(1.0),A,Y20-64,PC_ACT,T,BG,2024,4.1,b,
dataflow,ESTAT:UNE_RT_A(1.0),A,Y20-64,PC_ACT,T,BG,2025,3.5,,
dataflow,ESTAT:UNE_RT_A(1.0),A,Y20-64,PC_ACT,T,CH,2010,4.7,b,
dataflow,ESTAT:UNE_RT_A(1.0),A,Y20-64,PC_ACT,T,CH,2011,4.3,,
dataflow,ESTAT:UNE_RT_A(1.0),A,Y20-64,PC_ACT,T,CH,2012,4.4,,
dataflow,ESTAT:UNE_RT_A(1.0),A,Y20-64,PC_ACT,T,CH,2013,4.6,,
dataflow,ESTAT:UNE_RT_A(1.0),A,Y20-64,PC_ACT,T,CH,2014,4.8,,
dataflow,ESTAT:UNE_RT_A(1.0),A,Y20-64,PC_ACT,T,CH,2015,4.7,,
dataflow,ESTAT:UNE_RT_A(1.0),A,Y20-64,PC_ACT,T,CH,2016,4.8,,
dataflow,ESTAT:UNE_RT_A(1.0),A,Y20-64,PC_ACT,T,CH,2017,4.8,,
dataflow,ESTAT:UNE_RT_A(1.0),A,Y20-64,PC_ACT,T,CH,2018,4.7,,
dataflow,ESTAT:UNE_RT_A(1.0),A,Y20-64,PC_ACT,T,CH,2019,4.3,,
dataflow,ESTAT:UNE_RT_A(1.0),A,Y20-64,PC_ACT,T,CH,2020,4.8,,
dataflow,ESTAT:UNE_RT_A(1.0),A,Y20-64,PC_ACT,T,CH,2021,5.0,,
dataflow,ESTAT:UNE_RT_A(1.0),A,Y20-64,PC_ACT,T,CH,2022,4.1,,
dataflow,ESTAT:UNE_RT_A(1.0),A,Y20-64,PC_ACT,T,CH,2023,3.9,,
dataflow,ESTAT:UNE_RT_A(1.0),A,Y20-64,PC_ACT,T,CH,2024,4.2,,
dataflow,ESTAT:UNE_RT_A(1.0),A,Y20-64,PC_ACT,T,CH,2025,4.8,,
dataflow,ESTAT:UNE_RT_A(1.0),A,Y20-64,PC_ACT,T,CY,2009,5.4,,
dataflow,ESTAT:UNE_RT_A(1.0),A,Y20-64,PC_ACT,T,CY,2010,6.2,,
dataflow,ESTAT:UNE_RT_A(1.0),A,Y20-64,PC_ACT,T,CY,2011,7.8,,
dataflow,ESTAT:UNE_RT_A(1.0),A,Y20-64,PC_ACT,T,CY,2012,11.8,,
dataflow,ESTAT:UNE_RT_A(1.0),A,Y20-64,PC_ACT,T,CY,2013,15.8,,
dataflow,ESTAT:UNE_RT_A(1.0),A,Y20-64,PC_ACT,T,CY,2014,16.0,,
dataflow,ESTAT:UNE_RT_A(1.0),A,Y20-64,PC_ACT,T,CY,2015,14.9,,
dataflow,ESTAT:UNE_RT_A(1.0),A,Y20-64,PC_ACT,T,CY,2016,12.9,,
dataflow,ESTAT:UNE_RT_A(1.0),A,Y20-64,PC_ACT,T,CY,2017,11.1,,
dataflow,ESTAT:UNE_RT_A(1.0),A,Y20-64,PC_ACT,T,CY,2018,8.4,,
dataflow,ESTAT:UNE_RT_A(1.0),A,Y20-64,PC_ACT,T,CY,2019,7.1,,
dataflow,ESTAT:UNE_RT_A(1.0),A,Y20-64,PC_ACT,T,CY,2020,7.7,,
dataflow,ESTAT:UNE_RT_A(1.0),A,Y20-64,PC_ACT,T,CY,2021,7.2,,
dataflow,ESTAT:UNE_RT_A(1.0),A,Y20-64,PC_ACT,T,CY,2022,6.2,,
dataflow,ESTAT:UNE_RT_A(1.0),A,Y20-64,PC_ACT,T,CY,2023,5.8,,
dataflow,ESTAT:UNE_RT_A(1.0),A,Y20-64,PC_ACT,T,CY,2024,4.8,,
dataflow,ESTAT:UNE_RT_A(1.0),A,Y20-64,PC_ACT,T,CY,2025,4.2,,
dataflow,ESTAT:UNE_RT_A(1.0),A,Y20-64,PC_ACT,T,CZ,2009,6.5,,
dataflow,ESTAT:UNE_RT_A(1.0),A,Y20-64,PC_ACT,T,CZ,2010,7.1,,
dataflow,ESTAT:UNE_RT_A(1.0),A,Y20-64,PC_ACT,T,CZ,2011,6.5,b,
dataflow,ESTAT:UNE_RT_A(1.0),A,Y20-64,PC_ACT,T,CZ,2012,6.8,,
dataflow,ESTAT:UNE_RT_A(1.0),A,Y20-64,PC_ACT,T,CZ,2013,6.8,,
dataflow,ESTAT:UNE_RT_A(1.0),A,Y20-64,PC_ACT,T,CZ,2014,6.0,,
dataflow,ESTAT:UNE_RT_A(1.0),A,Y20-64,PC_ACT,T,CZ,2015,5.0,,
dataflow,ESTAT:UNE_RT_A(1.0),A,Y20-64,PC_ACT,T,CZ,2016,3.9,,
dataflow,ESTAT:UNE_RT_A(1.0),A,Y20-64,PC_ACT,T,CZ,2017,2.8,,
dataflow,ESTAT:UNE_RT_A(1.0),A,Y20-64,PC_ACT,T,CZ,2018,2.2,,
dataflow,ESTAT:UNE_RT_A(1.0),A,Y20-64,PC_ACT,T,CZ,2019,2.0,,
dataflow,ESTAT:UNE_RT_A(1.0),A,Y20-64,PC_ACT,T,CZ,2020,2.5,,
dataflow,ESTAT:UNE_RT_A(1.0),A,Y20-64,PC_ACT,T,CZ,2021,2.8,,
dataflow,ESTAT:UNE_RT_A(1.0),A,Y20-64,PC_ACT,T,CZ,2022,2.2,,
dataflow,ESTAT:UNE_RT_A(1.0),A,Y20-64,PC_ACT,T,CZ,2023,2.5,,
dataflow,ESTAT:UNE_RT_A(1.0),A,Y20-64,PC_ACT,T,CZ,2024,2.5,,
dataflow,ESTAT:UNE_RT_A(1.0),A,Y20-64,PC_ACT,T,CZ,2025,2.6,,
dataflow,ESTAT:UNE_RT_A(1.0),A,Y20-64,PC_ACT,T,DE,2009,7.3,,
dataflow,ESTAT:UNE_RT_A(1.0),A,Y20-64,PC_ACT,T,DE,2010,6.5,b,
dataflow,ESTAT:UNE_RT_A(1.0),A,Y20-64,PC_ACT,T,DE,2011,5.4,b,
dataflow,ESTAT:UNE_RT_A(1.0),A,Y20-64,PC_ACT,T,DE,2012,5.0,,
dataflow,ESTAT:UNE_RT_A(1.0),A,Y20-64,PC_ACT,T,DE,2013,4.9,,
dataflow,ESTAT:UNE_RT_A(1.0),A,Y20-64,PC_ACT,T,DE,2014,4.7,,
dataflow,ESTAT:UNE_RT_A(1.0),A,Y20-64,PC_ACT,T,DE,2015,4.3,,
dataflow,ESTAT:UNE_RT_A(1.0),A,Y20-64,PC_ACT,T,DE,2016,3.8,,
dataflow,ESTAT:UNE_RT_A(1.0),A,Y20-64,PC_ACT,T,DE,2017,3.5,,
dataflow,ESTAT:UNE_RT_A(1.0),A,Y20-64,PC_ACT,T,DE,2018,3.1,,
dataflow,ESTAT:UNE_RT_A(1.0),A,Y20-64,PC_ACT,T,DE,2019,2.9,,
dataflow,ESTAT:UNE_RT_A(1.0),A,Y20-64,PC_ACT,T,DE,2020,3.5,b,
dataflow,ESTAT:UNE_RT_A(1.0),A,Y20-64,PC_ACT,T,DE,2021,3.5,,
dataflow,ESTAT:UNE_RT_A(1.0),A,Y20-64,PC_ACT,T,DE,2022,3.1,,
dataflow,ESTAT:UNE_RT_A(1.0),A,Y20-64,PC_ACT,T,DE,2023,3.0,,
dataflow,ESTAT:UNE_RT_A(1.0),A,Y20-64,PC_ACT,T,DE,2024,3.4,,
dataflow,ESTAT:UNE_RT_A(1.0),A,Y20-64,PC_ACT,T,DE,2025,3.8,,
dataflow,ESTAT:UNE_RT_A(1.0),A,Y20-64,PC_ACT,T,DK,2009,5.8,,
dataflow,ESTAT:UNE_RT_A(1.0),A,Y20-64,PC_ACT,T,DK,2010,7.1,,
dataflow,ESTAT:UNE_RT_A(1.0),A,Y20-64,PC_ACT,T,DK,2011,7.0,,
dataflow,ESTAT:UNE_RT_A(1.0),A,Y20-64,PC_ACT,T,DK,2012,7.2,,
dataflow,ESTAT:UNE_RT_A(1.0),A,Y20-64,PC_ACT,T,DK,2013,6.9,,
dataflow,ESTAT:UNE_RT_A(1.0),A,Y20-64,PC_ACT,T,DK,2014,6.5,,
dataflow,ESTAT:UNE_RT_A(1.0),A,Y20-64,PC_ACT,T,DK,2015,6.0,,
dataflow,ESTAT:UNE_RT_A(1.0),A,Y20-64,PC_ACT,T,DK,2016,5.6,b,
dataflow,ESTAT:UNE_RT_A(1.0),A,Y20-64,PC_ACT,T,DK,2017,5.3,b,
dataflow,ESTAT:UNE_RT_A(1.0),A,Y20-64,PC_ACT,T,DK,2018,4.8,,
dataflow,ESTAT:UNE_RT_A(1.0),A,Y20-64,PC_ACT,T,DK,2019,4.7,,
dataflow,ESTAT:UNE_RT_A(1.0),A,Y20-64,PC_ACT,T,DK,2020,5.2,,
dataflow,ESTAT:UNE_RT_A(1.0),A,Y20-64,PC_ACT,T,DK,2021,4.7,,
dataflow,ESTAT:UNE_RT_A(1.0),A,Y20-64,PC_ACT,T,DK,2022,4.1,,
dataflow,ESTAT:UNE_RT_A(1.0),A,Y20-64,PC_ACT,T,DK,2023,4.7,b,
dataflow,ESTAT:UNE_RT_A(1.0),A,Y20-64,PC_ACT,T,DK,2024,5.5,,
dataflow,ESTAT:UNE_RT_A(1.0),A,Y20-64,PC_ACT,T,DK,2025,5.8,,
dataflow,ESTAT:UNE_RT_A(1.0),A,Y20-64,PC_ACT,T,EE,2009,13.2,,
dataflow,ESTAT:UNE_RT_A(1.0),A,Y20-64,PC_ACT,T,EE,2010,16.5,,
dataflow,ESTAT:UNE_RT_A(1.0),A,Y20-64,PC_ACT,T,EE,2011,12.1,,
dataflow,ESTAT:UNE_RT_A(1.0),A,Y20-64,PC_ACT,T,EE,2012,9.8,,
dataflow,ESTAT:UNE_RT_A(1.0),A,Y20-64,PC_ACT,T,EE,2013,8.6,,
dataflow,ESTAT:UNE_RT_A(1.0),A,Y20-64,PC_ACT,T,EE,2014,7.3,,
dataflow,ESTAT:UNE_RT_A(1.0),A,Y20-64,PC_ACT,T,EE,2015,6.3,,
dataflow,ESTAT:UNE_RT_A(1.0),A,Y20-64,PC_ACT,T,EE,2016,6.8,,
dataflow,ESTAT:UNE_RT_A(1.0),A,Y20-64,PC_ACT,T,EE,2017,5.7,,
dataflow,ESTAT:UNE_RT_A(1.0),A,Y20-64,PC_ACT,T,EE,2018,5.2,,
dataflow,ESTAT:UNE_RT_A(1.0),A,Y20-64,PC_ACT,T,EE,2019,4.4,,
dataflow,ESTAT:UNE_RT_A(1.0),A,Y20-64,PC_ACT,T,EE,2020,6.8,,
dataflow,ESTAT:UNE_RT_A(1.0),A,Y20-64,PC_ACT,T,EE,2021,6.1,,
dataflow,ESTAT:UNE_RT_A(1.0),A,Y20-64,PC_ACT,T,EE,2022,5.5,,
dataflow,ESTAT:UNE_RT_A(1.0),A,Y20-64,PC_ACT,T,EE,2023,6.2,,
dataflow,ESTAT:UNE_RT_A(1.0),A,Y20-64,PC_ACT,T,EE,2024,7.4,,
dataflow,ESTAT:UNE_RT_A(1.0),A,Y20-64,PC_ACT,T,EE,2025,7.1,,
dataflow,ESTAT:UNE_RT_A(1.0),A,Y20-64,PC_ACT,T,EL,2009,9.7,,
dataflow,ESTAT:UNE_RT_A(1.0),A,Y20-64,PC_ACT,T,EL,2010,12.9,,
dataflow,ESTAT:UNE_RT_A(1.0),A,Y20-64,PC_ACT,T,EL,2011,18.0,,
dataflow,ESTAT:UNE_RT_A(1.0),A,Y20-64,PC_ACT,T,EL,2012,24.6,,
dataflow,ESTAT:UNE_RT_A(1.0),A,Y20-64,PC_ACT,T,EL,2013,27.6,,
dataflow,ESTAT:UNE_RT_A(1.0),A,Y20-64,PC_ACT,T,EL,2014,26.5,,
dataflow,ESTAT:UNE_RT_A(1.0),A,Y20-64,PC_ACT,T,EL,2015,24.9,,
dataflow,ESTAT:UNE_RT_A(1.0),A,Y20-64,PC_ACT,T,EL,2016,23.8,,
dataflow,ESTAT:UNE_RT_A(1.0),A,Y20-64,PC_ACT,T,EL,2017,21.8,,
dataflow,ESTAT:UNE_RT_A(1.0),A,Y20-64,PC_ACT,T,EL,2018,19.7,,
dataflow,ESTAT:UNE_RT_A(1.0),A,Y20-64,PC_ACT,T,EL,2019,17.9,,
dataflow,ESTAT:UNE_RT_A(1.0),A,Y20-64,PC_ACT,T,EL,2020,17.7,,
dataflow,ESTAT:UNE_RT_A(1.0),A,Y20-64,PC_ACT,T,EL,2021,14.7,,
dataflow,ESTAT:UNE_RT_A(1.0),A,Y20-64,PC_ACT,T,EL,2022,12.3,,
dataflow,ESTAT:UNE_RT_A(1.0),A,Y20-64,PC_ACT,T,EL,2023,11.0,,
dataflow,ESTAT:UNE_RT_A(1.0),A,Y20-64,PC_ACT,T,EL,2024,10.0,,
dataflow,ESTAT:UNE_RT_A(1.0),A,Y20-64,PC_ACT,T,EL,2025,8.8,,
dataflow,ESTAT:UNE_RT_A(1.0),A,Y20-64,PC_ACT,T,ES,2009,17.2,,
dataflow,ESTAT:UNE_RT_A(1.0),A,Y20-64,PC_ACT,T,ES,2010,19.3,,
dataflow,ESTAT:UNE_RT_A(1.0),A,Y20-64,PC_ACT,T,ES,2011,20.9,,
dataflow,ESTAT:UNE_RT_A(1.0),A,Y20-64,PC_ACT,T,ES,2012,24.3,,
dataflow,ESTAT:UNE_RT_A(1.0),A,Y20-64,PC_ACT,T,ES,2013,25.6,,
dataflow,ESTAT:UNE_RT_A(1.0),A,Y20-64,PC_ACT,T,ES,2014,24.1,,
dataflow,ESTAT:UNE_RT_A(1.0),A,Y20-64,PC_ACT,T,ES,2015,21.7,,
dataflow,ESTAT:UNE_RT_A(1.0),A,Y20-64,PC_ACT,T,ES,2016,19.3,,
dataflow,ESTAT:UNE_RT_A(1.0),A,Y20-64,PC_ACT,T,ES,2017,16.9,,
dataflow,ESTAT:UNE_RT_A(1.0),A,Y20-64,PC_ACT,T,ES,2018,14.9,,
dataflow,ESTAT:UNE_RT_A(1.0),A,Y20-64,PC_ACT,T,ES,2019,13.8,,
dataflow,ESTAT:UNE_RT_A(1.0),A,Y20-64,PC_ACT,T,ES,2020,15.2,,
dataflow,ESTAT:UNE_RT_A(1.0),A,Y20-64,PC_ACT,T,ES,2021,14.6,d,
dataflow,ESTAT:UNE_RT_A(1.0),A,Y20-64,PC_ACT,T,ES,2022,12.7,d,
dataflow,ESTAT:UNE_RT_A(1.0),A,Y20-64,PC_ACT,T,ES,2023,11.9,d,
dataflow,ESTAT:UNE_RT_A(1.0),A,Y20-64,PC_ACT,T,ES,2024,11.0,d,
dataflow,ESTAT:UNE_RT_A(1.0),A,Y20-64,PC_ACT,T,ES,2025,10.3,d,
dataflow,ESTAT:UNE_RT_A(1.0),A,Y20-64,PC_ACT,T,FI,2009,7.5,,
dataflow,ESTAT:UNE_RT_A(1.0),A,Y20-64,PC_ACT,T,FI,2010,7.8,,
dataflow,ESTAT:UNE_RT_A(1.0),A,Y20-64,PC_ACT,T,FI,2011,7.3,,
dataflow,ESTAT:UNE_RT_A(1.0),A,Y20-64,PC_ACT,T,FI,2012,7.1,,
dataflow,ESTAT:UNE_RT_A(1.0),A,Y20-64,PC_ACT,T,FI,2013,7.6,,
dataflow,ESTAT:UNE_RT_A(1.0),A,Y20-64,PC_ACT,T,FI,2014,8.1,,
dataflow,ESTAT:UNE_RT_A(1.0),A,Y20-64,PC_ACT,T,FI,2015,8.9,,
dataflow,ESTAT:UNE_RT_A(1.0),A,Y20-64,PC_ACT,T,FI,2016,8.3,,
dataflow,ESTAT:UNE_RT_A(1.0),A,Y20-64,PC_ACT,T,FI,2017,8.1,,
dataflow,ESTAT:UNE_RT_A(1.0),A,Y20-64,PC_ACT,T,FI,2018,6.9,,
dataflow,ESTAT:UNE_RT_A(1.0),A,Y20-64,PC_ACT,T,FI,2019,6.1,,
dataflow,ESTAT:UNE_RT_A(1.0),A,Y20-64,PC_ACT,T,FI,2020,7.1,,
dataflow,ESTAT:UNE_RT_A(1.0),A,Y20-64,PC_ACT,T,FI,2021,7.1,,
dataflow,ESTAT:UNE_RT_A(1.0),A,Y20-64,PC_ACT,T,FI,2022,6.3,,
dataflow,ESTAT:UNE_RT_A(1.0),A,Y20-64,PC_ACT,T,FI,2023,6.6,,
dataflow,ESTAT:UNE_RT_A(1.0),A,Y20-64,PC_ACT,T,FI,2024,7.8,,
dataflow,ESTAT:UNE_RT_A(1.0),A,Y20-64,PC_ACT,T,FI,2025,9.0,,
dataflow,ESTAT:UNE_RT_A(1.0),A,Y20-64,PC_ACT,T,FR,2003,8.1,,
dataflow,ESTAT:UNE_RT_A(1.0),A,Y20-64,PC_ACT,T,FR,2004,8.4,,
dataflow,ESTAT:UNE_RT_A(1.0),A,Y20-64,PC_ACT,T,FR,2005,8.4,,
dataflow,ESTAT:UNE_RT_A(1.0),A,Y20-64,PC_ACT,T,FR,2006,8.3,,
dataflow,ESTAT:UNE_RT_A(1.0),A,Y20-64,PC_ACT,T,FR,2007,7.5,,
dataflow,ESTAT:UNE_RT_A(1.0),A,Y20-64,PC_ACT,T,FR,2008,7.0,,
dataflow,ESTAT:UNE_RT_A(1.0),A,Y20-64,PC_ACT,T,FR,2009,8.5,,
dataflow,ESTAT:UNE_RT_A(1.0),A,Y20-64,PC_ACT,T,FR,2010,8.7,,
dataflow,ESTAT:UNE_RT_A(1.0),A,Y20-64,PC_ACT,T,FR,2011,8.7,,
dataflow,ESTAT:UNE_RT_A(1.0),A,Y20-64,PC_ACT,T,FR,2012,9.3,,
dataflow,ESTAT:UNE_RT_A(1.0),A,Y20-64,PC_ACT,T,FR,2013,9.8,,
dataflow,ESTAT:UNE_RT_A(1.0),A,Y20-64,PC_ACT,T,FR,2014,9.8,,
dataflow,ESTAT:UNE_RT_A(1.0),A,Y20-64,PC_ACT,T,FR,2015,9.9,,
dataflow,ESTAT:UNE_RT_A(1.0),A,Y20-64,PC_ACT,T,FR,2016,9.6,,
dataflow,ESTAT:UNE_RT_A(1.0),A,Y20-64,PC_ACT,T,FR,2017,9.0,,
dataflow,ESTAT:UNE_RT_A(1.0),A,Y20-64,PC_ACT,T,FR,2018,8.7,,
dataflow,ESTAT:UNE_RT_A(1.0),A,Y20-64,PC_ACT,T,FR,2019,8.1,,
dataflow,ESTAT:UNE_RT_A(1.0),A,Y20-64,PC_ACT,T,FR,2020,7.6,,
dataflow,ESTAT:UNE_RT_A(1.0),A,Y20-64,PC_ACT,T,FR,2021,7.5,d,
dataflow,ESTAT:UNE_RT_A(1.0),A,Y20-64,PC_ACT,T,FR,2022,6.9,d,
dataflow,ESTAT:UNE_RT_A(1.0),A,Y20-64,PC_ACT,T,FR,2023,7.0,d,
dataflow,ESTAT:UNE_RT_A(1.0),A,Y20-64,PC_ACT,T,FR,2024,7.0,bd,
dataflow,ESTAT:UNE_RT_A(1.0),A,Y20-64,PC_ACT,T,FR,2025,7.2,d,
dataflow,ESTAT:UNE_RT_A(1.0),A,Y20-64,PC_ACT,T,HR,2009,8.6,,
dataflow,ESTAT:UNE_RT_A(1.0),A,Y20-64,PC_ACT,T,HR,2010,11.1,,
dataflow,ESTAT:UNE_RT_A(1.0),A,Y20-64,PC_ACT,T,HR,2011,13.0,,
dataflow,ESTAT:UNE_RT_A(1.0),A,Y20-64,PC_ACT,T,HR,2012,15.6,,
dataflow,ESTAT:UNE_RT_A(1.0),A,Y20-64,PC_ACT,T,HR,2013,16.6,,
dataflow,ESTAT:UNE_RT_A(1.0),A,Y20-64,PC_ACT,T,HR,2014,16.6,,
dataflow,ESTAT:UNE_RT_A(1.0),A,Y20-64,PC_ACT,T,HR,2015,15.5,,
dataflow,ESTAT:UNE_RT_A(1.0),A,Y20-64,PC_ACT,T,HR,2016,12.4,,
dataflow,ESTAT:UNE_RT_A(1.0),A,Y20-64,PC_ACT,T,HR,2017,10.6,,
dataflow,ESTAT:UNE_RT_A(1.0),A,Y20-64,PC_ACT,T,HR,2018,8.1,,
dataflow,ESTAT:UNE_RT_A(1.0),A,Y20-64,PC_ACT,T,HR,2019,6.3,,
dataflow,ESTAT:UNE_RT_A(1.0),A,Y20-64,PC_ACT,T,HR,2020,6.9,,
dataflow,ESTAT:UNE_RT_A(1.0),A,Y20-64,PC_ACT,T,HR,2021,7.1,,
dataflow,ESTAT:UNE_RT_A(1.0),A,Y20-64,PC_ACT,T,HR,2022,6.5,,
dataflow,ESTAT:UNE_RT_A(1.0),A,Y20-64,PC_ACT,T,HR,2023,5.8,,
dataflow,ESTAT:UNE_RT_A(1.0),A,Y20-64,PC_ACT,T,HR,2024,4.7,,
dataflow,ESTAT:UNE_RT_A(1.0),A,Y20-64,PC_ACT,T,HR,2025,4.5,,
dataflow,ESTAT:UNE_RT_A(1.0),A,Y20-64,PC_ACT,T,HU,2009,9.5,,
dataflow,ESTAT:UNE_RT_A(1.0),A,Y20-64,PC_ACT,T,HU,2010,10.7,,
dataflow,ESTAT:UNE_RT_A(1.0),A,Y20-64,PC_ACT,T,HU,2011,10.6,,
dataflow,ESTAT:UNE_RT_A(1.0),A,Y20-64,PC_ACT,T,HU,2012,10.5,,
dataflow,ESTAT:UNE_RT_A(1.0),A,Y20-64,PC_ACT,T,HU,2013,9.7,,
dataflow,ESTAT:UNE_RT_A(1.0),A,Y20-64,PC_ACT,T,HU,2014,7.4,,
dataflow,ESTAT:UNE_RT_A(1.0),A,Y20-64,PC_ACT,T,HU,2015,6.5,,
dataflow,ESTAT:UNE_RT_A(1.0),A,Y20-64,PC_ACT,T,HU,2016,4.8,,
dataflow,ESTAT:UNE_RT_A(1.0),A,Y20-64,PC_ACT,T,HU,2017,3.9,,
dataflow,ESTAT:UNE_RT_A(1.0),A,Y20-64,PC_ACT,T,HU,2018,3.5,b,
dataflow,ESTAT:UNE_RT_A(1.0),A,Y20-64,PC_ACT,T,HU,2019,3.2,,
dataflow,ESTAT:UNE_RT_A(1.0),A,Y20-64,PC_ACT,T,HU,2020,4.0,,
dataflow,ESTAT:UNE_RT_A(1.0),A,Y20-64,PC_ACT,T,HU,2021,3.9,,
dataflow,ESTAT:UNE_RT_A(1.0),A,Y20-64,PC_ACT,T,HU,2022,3.5,,
dataflow,ESTAT:UNE_RT_A(1.0),A,Y20-64,PC_ACT,T,HU,2023,4.0,,
dataflow,ESTAT:UNE_RT_A(1.0),A,Y20-64,PC_ACT,T,HU,2024,4.3,,
dataflow,ESTAT:UNE_RT_A(1.0),A,Y20-64,PC_ACT,T,HU,2025,4.3,,
dataflow,ESTAT:UNE_RT_A(1.0),A,Y20-64,PC_ACT,T,IE,2009,12.0,,
dataflow,ESTAT:UNE_RT_A(1.0),A,Y20-64,PC_ACT,T,IE,2010,14.0,,
dataflow,ESTAT:UNE_RT_A(1.0),A,Y20-64,PC_ACT,T,IE,2011,14.9,,
dataflow,ESTAT:UNE_RT_A(1.0),A,Y20-64,PC_ACT,T,IE,2012,14.9,,
dataflow,ESTAT:UNE_RT_A(1.0),A,Y20-64,PC_ACT,T,IE,2013,13.3,,
dataflow,ESTAT:UNE_RT_A(1.0),A,Y20-64,PC_ACT,T,IE,2014,11.5,,
dataflow,ESTAT:UNE_RT_A(1.0),A,Y20-64,PC_ACT,T,IE,2015,9.6,,
dataflow,ESTAT:UNE_RT_A(1.0),A,Y20-64,PC_ACT,T,IE,2016,8.1,,
dataflow,ESTAT:UNE_RT_A(1.0),A,Y20-64,PC_ACT,T,IE,2017,6.4,,
dataflow,ESTAT:UNE_RT_A(1.0),A,Y20-64,PC_ACT,T,IE,2018,5.4,,
dataflow,ESTAT:UNE_RT_A(1.0),A,Y20-64,PC_ACT,T,IE,2019,4.6,,
dataflow,ESTAT:UNE_RT_A(1.0),A,Y20-64,PC_ACT,T,IE,2020,5.5,,
dataflow,ESTAT:UNE_RT_A(1.0),A,Y20-64,PC_ACT,T,IE,2021,5.7,b,
dataflow,ESTAT:UNE_RT_A(1.0),A,Y20-64,PC_ACT,T,IE,2022,4.1,,
dataflow,ESTAT:UNE_RT_A(1.0),A,Y20-64,PC_ACT,T,IE,2023,3.9,,
dataflow,ESTAT:UNE_RT_A(1.0),A,Y20-64,PC_ACT,T,IE,2024,3.9,,
dataflow,ESTAT:UNE_RT_A(1.0),A,Y20-64,PC_ACT,T,IE,2025,4.2,,
dataflow,ESTAT:UNE_RT_A(1.0),A,Y20-64,PC_ACT,T,IS,2009,6.6,,
dataflow,ESTAT:UNE_RT_A(1.0),A,Y20-64,PC_ACT,T,IS,2010,6.8,,
dataflow,ESTAT:UNE_RT_A(1.0),A,Y20-64,PC_ACT,T,IS,2011,6.4,,
dataflow,ESTAT:UNE_RT_A(1.0),A,Y20-64,PC_ACT,T,IS,2012,5.3,,
dataflow,ESTAT:UNE_RT_A(1.0),A,Y20-64,PC_ACT,T,IS,2013,4.8,,
dataflow,ESTAT:UNE_RT_A(1.0),A,Y20-64,PC_ACT,T,IS,2014,4.4,,
dataflow,ESTAT:UNE_RT_A(1.0),A,Y20-64,PC_ACT,T,IS,2015,3.5,,
dataflow,ESTAT:UNE_RT_A(1.0),A,Y20-64,PC_ACT,T,IS,2016,2.8,,
dataflow,ESTAT:UNE_RT_A(1.0),A,Y20-64,PC_ACT,T,IS,2017,2.4,,
dataflow,ESTAT:UNE_RT_A(1.0),A,Y20-64,PC_ACT,T,IS,2018,2.3,,
dataflow,ESTAT:UNE_RT_A(1.0),A,Y20-64,PC_ACT,T,IS,2019,3.1,,
dataflow,ESTAT:UNE_RT_A(1.0),A,Y20-64,PC_ACT,T,IS,2020,5.2,b,
dataflow,ESTAT:UNE_RT_A(1.0),A,Y20-64,PC_ACT,T,IS,2021,5.8,,
dataflow,ESTAT:UNE_RT_A(1.0),A,Y20-64,PC_ACT,T,IS,2022,3.3,,
dataflow,ESTAT:UNE_RT_A(1.0),A,Y20-64,PC_ACT,T,IS,2023,3.0,,
dataflow,ESTAT:UNE_RT_A(1.0),A,Y20-64,PC_ACT,T,IS,2024,3.0,,
dataflow,ESTAT:UNE_RT_A(1.0),A,Y20-64,PC_ACT,T,IS,2025,4.0,,
dataflow,ESTAT:UNE_RT_A(1.0),A,Y20-64,PC_ACT,T,IT,2009,7.6,,
dataflow,ESTAT:UNE_RT_A(1.0),A,Y20-64,PC_ACT,T,IT,2010,8.2,,
dataflow,ESTAT:UNE_RT_A(1.0),A,Y20-64,PC_ACT,T,IT,2011,8.3,,
dataflow,ESTAT:UNE_RT_A(1.0),A,Y20-64,PC_ACT,T,IT,2012,10.6,,
dataflow,ESTAT:UNE_RT_A(1.0),A,Y20-64,PC_ACT,T,IT,2013,12.1,,
dataflow,ESTAT:UNE_RT_A(1.0),A,Y20-64,PC_ACT,T,IT,2014,12.6,,
dataflow,ESTAT:UNE_RT_A(1.0),A,Y20-64,PC_ACT,T,IT,2015,11.8,,
dataflow,ESTAT:UNE_RT_A(1.0),A,Y20-64,PC_ACT,T,IT,2016,11.6,,
dataflow,ESTAT:UNE_RT_A(1.0),A,Y20-64,PC_ACT,T,IT,2017,11.1,,
dataflow,ESTAT:UNE_RT_A(1.0),A,Y20-64,PC_ACT,T,IT,2018,10.4,b,
dataflow,ESTAT:UNE_RT_A(1.0),A,Y20-64,PC_ACT,T,IT,2019,9.8,,
dataflow,ESTAT:UNE_RT_A(1.0),A,Y20-64,PC_ACT,T,IT,2020,9.3,,
dataflow,ESTAT:UNE_RT_A(1.0),A,Y20-64,PC_ACT,T,IT,2021,9.4,,
dataflow,ESTAT:UNE_RT_A(1.0),A,Y20-64,PC_ACT,T,IT,2022,8.0,,
dataflow,ESTAT:UNE_RT_A(1.0),A,Y20-64,PC_ACT,T,IT,2023,7.6,,
dataflow,ESTAT:UNE_RT_A(1.0),A,Y20-64,PC_ACT,T,IT,2024,6.4,,
dataflow,ESTAT:UNE_RT_A(1.0),A,Y20-64,PC_ACT,T,IT,2025,6.1,,
dataflow,ESTAT:UNE_RT_A(1.0),A,Y20-64,PC_ACT,T,LT,2009,13.7,,
dataflow,ESTAT:UNE_RT_A(1.0),A,Y20-64,PC_ACT,T,LT,2010,17.8,,
dataflow,ESTAT:UNE_RT_A(1.0),A,Y20-64,PC_ACT,T,LT,2011,15.4,,
dataflow,ESTAT:UNE_RT_A(1.0),A,Y20-64,PC_ACT,T,LT,2012,13.5,,
dataflow,ESTAT:UNE_RT_A(1.0),A,Y20-64,PC_ACT,T,LT,2013,11.9,,
dataflow,ESTAT:UNE_RT_A(1.0),A,Y20-64,PC_ACT,T,LT,2014,10.8,,
dataflow,ESTAT:UNE_RT_A(1.0),A,Y20-64,PC_ACT,T,LT,2015,9.2,,
dataflow,ESTAT:UNE_RT_A(1.0),A,Y20-64,PC_ACT,T,LT,2016,8.0,,
dataflow,ESTAT:UNE_RT_A(1.0),A,Y20-64,PC_ACT,T,LT,2017,7.2,,
dataflow,ESTAT:UNE_RT_A(1.0),A,Y20-64,PC_ACT,T,LT,2018,6.3,,
dataflow,ESTAT:UNE_RT_A(1.0),A,Y20-64,PC_ACT,T,LT,2019,6.4,,
dataflow,ESTAT:UNE_RT_A(1.0),A,Y20-64,PC_ACT,T,LT,2020,8.7,,
dataflow,ESTAT:UNE_RT_A(1.0),A,Y20-64,PC_ACT,T,LT,2021,7.3,,
dataflow,ESTAT:UNE_RT_A(1.0),A,Y20-64,PC_ACT,T,LT,2022,6.1,,
dataflow,ESTAT:UNE_RT_A(1.0),A,Y20-64,PC_ACT,T,LT,2023,7.0,,
dataflow,ESTAT:UNE_RT_A(1.0),A,Y20-64,PC_ACT,T,LT,2024,7.2,,
dataflow,ESTAT:UNE_RT_A(1.0),A,Y20-64,PC_ACT,T,LT,2025,6.9,,
dataflow,ESTAT:UNE_RT_A(1.0),A,Y20-64,PC_ACT,T,LU,2009,4.9,,
dataflow,ESTAT:UNE_RT_A(1.0),A,Y20-64,PC_ACT,T,LU,2010,4.2,,
dataflow,ESTAT:UNE_RT_A(1.0),A,Y20-64,PC_ACT,T,LU,2011,4.8,,
dataflow,ESTAT:UNE_RT_A(1.0),A,Y20-64,PC_ACT,T,LU,2012,5.0,,
dataflow,ESTAT:UNE_RT_A(1.0),A,Y20-64,PC_ACT,T,LU,2013,5.7,,
dataflow,ESTAT:UNE_RT_A(1.0),A,Y20-64,PC_ACT,T,LU,2014,5.6,,
dataflow,ESTAT:UNE_RT_A(1.0),A,Y20-64,PC_ACT,T,LU,2015,6.3,b,
dataflow,ESTAT:UNE_RT_A(1.0),A,Y20-64,PC_ACT,T,LU,2016,5.9,,
dataflow,ESTAT:UNE_RT_A(1.0),A,Y20-64,PC_ACT,T,LU,2017,5.3,,
dataflow,ESTAT:UNE_RT_A(1.0),A,Y20-64,PC_ACT,T,LU,2018,5.3,,
dataflow,ESTAT:UNE_RT_A(1.0),A,Y20-64,PC_ACT,T,LU,2019,5.3,,
dataflow,ESTAT:UNE_RT_A(1.0),A,Y20-64,PC_ACT,T,LU,2020,6.5,,
dataflow,ESTAT:UNE_RT_A(1.0),A,Y20-64,PC_ACT,T,LU,2021,4.8,,
dataflow,ESTAT:UNE_RT_A(1.0),A,Y20-64,PC_ACT,T,LU,2022,4.1,,
dataflow,ESTAT:UNE_RT_A(1.0),A,Y20-64,PC_ACT,T,LU,2023,4.6,,
dataflow,ESTAT:UNE_RT_A(1.0),A,Y20-64,PC_ACT,T,LU,2024,5.8,,
dataflow,ESTAT:UNE_RT_A(1.0),A,Y20-64,PC_ACT,T,LU,2025,6.1,,
dataflow,ESTAT:UNE_RT_A(1.0),A,Y20-64,PC_ACT,T,LV,2009,17.4,,
dataflow,ESTAT:UNE_RT_A(1.0),A,Y20-64,PC_ACT,T,LV,2010,19.4,,
dataflow,ESTAT:UNE_RT_A(1.0),A,Y20-64,PC_ACT,T,LV,2011,16.2,,
dataflow,ESTAT:UNE_RT_A(1.0),A,Y20-64,PC_ACT,T,LV,2012,15.0,,
dataflow,ESTAT:UNE_RT_A(1.0),A,Y20-64,PC_ACT,T,LV,2013,11.9,,
dataflow,ESTAT:UNE_RT_A(1.0),A,Y20-64,PC_ACT,T,LV,2014,11.0,,
dataflow,ESTAT:UNE_RT_A(1.0),A,Y20-64,PC_ACT,T,LV,2015,9.9,,
dataflow,ESTAT:UNE_RT_A(1.0),A,Y20-64,PC_ACT,T,LV,2016,9.9,,
dataflow,ESTAT:UNE_RT_A(1.0),A,Y20-64,PC_ACT,T,LV,2017,8.8,,
dataflow,ESTAT:UNE_RT_A(1.0),A,Y20-64,PC_ACT,T,LV,2018,7.6,,
dataflow,ESTAT:UNE_RT_A(1.0),A,Y20-64,PC_ACT,T,LV,2019,6.4,,
dataflow,ESTAT:UNE_RT_A(1.0),A,Y20-64,PC_ACT,T,LV,2020,8.3,,
dataflow,ESTAT:UNE_RT_A(1.0),A,Y20-64,PC_ACT,T,LV,2021,7.7,,
dataflow,ESTAT:UNE_RT_A(1.0),A,Y20-64,PC_ACT,T,LV,2022,6.9,,
dataflow,ESTAT:UNE_RT_A(1.0),A,Y20-64,PC_ACT,T,LV,2023,6.7,,
dataflow,ESTAT:UNE_RT_A(1.0),A,Y20-64,PC_ACT,T,LV,2024,7.1,,
dataflow,ESTAT:UNE_RT_A(1.0),A,Y20-64,PC_ACT,T,LV,2025,7.1,,
dataflow,ESTAT:UNE_RT_A(1.0),A,Y20-64,PC_ACT,T,ME,2011,19.6,,
dataflow,ESTAT:UNE_RT_A(1.0),A,Y20-64,PC_ACT,T,ME,2012,19.6,,
dataflow,ESTAT:UNE_RT_A(1.0),A,Y20-64,PC_ACT,T,ME,2013,19.0,,
dataflow,ESTAT:UNE_RT_A(1.0),A,Y20-64,PC_ACT,T,ME,2014,17.8,,
dataflow,ESTAT:UNE_RT_A(1.0),A,Y20-64,PC_ACT,T,ME,2015,17.2,,
dataflow,ESTAT:UNE_RT_A(1.0),A,Y20-64,PC_ACT,T,ME,2016,17.3,,
dataflow,ESTAT:UNE_RT_A(1.0),A,Y20-64,PC_ACT,T,ME,2017,16.0,,
dataflow,ESTAT:UNE_RT_A(1.0),A,Y20-64,PC_ACT,T,ME,2018,15.2,,
dataflow,ESTAT:UNE_RT_A(1.0),A,Y20-64,PC_ACT,T,ME,2019,15.2,,
dataflow,ESTAT:UNE_RT_A(1.0),A,Y20-64,PC_ACT,T,ME,2020,17.8,,
dataflow,ESTAT:UNE_RT_A(1.0),A,Y20-64,PC_ACT,T,MK,2009,31.7,,
dataflow,ESTAT:UNE_RT_A(1.0),A,Y20-64,PC_ACT,T,MK,2010,31.6,,
dataflow,ESTAT:UNE_RT_A(1.0),A,Y20-64,PC_ACT,T,MK,2011,31.0,,
dataflow,ESTAT:UNE_RT_A(1.0),A,Y20-64,PC_ACT,T,MK,2012,30.7,,
dataflow,ESTAT:UNE_RT_A(1.0),A,Y20-64,PC_ACT,T,MK,2013,28.5,,
dataflow,ESTAT:UNE_RT_A(1.0),A,Y20-64,PC_ACT,T,MK,2014,27.5,,
dataflow,ESTAT:UNE_RT_A(1.0),A,Y20-64,PC_ACT,T,MK,2015,26.0,,
dataflow,ESTAT:UNE_RT_A(1.0),A,Y20-64,PC_ACT,T,MK,2016,23.4,,
dataflow,ESTAT:UNE_RT_A(1.0),A,Y20-64,PC_ACT,T,MK,2017,22.0,,
dataflow,ESTAT:UNE_RT_A(1.0),A,Y20-64,PC_ACT,T,MK,2018,20.4,,
dataflow,ESTAT:UNE_RT_A(1.0),A,Y20-64,PC_ACT,T,MK,2019,17.2,,
dataflow,ESTAT:UNE_RT_A(1.0),A,Y20-64,PC_ACT,T,MK,2020,16.3,,
dataflow,ESTAT:UNE_RT_A(1.0),A,Y20-64,PC_ACT,T,MK,2021,15.3,b,
dataflow,ESTAT:UNE_RT_A(1.0),A,Y20-64,PC_ACT,T,MK,2022,14.3,,
dataflow,ESTAT:UNE_RT_A(1.0),A,Y20-64,PC_ACT,T,MK,2023,13.0,,
dataflow,ESTAT:UNE_RT_A(1.0),A,Y20-64,PC_ACT,T,MK,2024,12.1,,
dataflow,ESTAT:UNE_RT_A(1.0),A,Y20-64,PC_ACT,T,MK,2025,11.3,,
dataflow,ESTAT:UNE_RT_A(1.0),A,Y20-64,PC_ACT,T,MT,2009,5.9,,
dataflow,ESTAT:UNE_RT_A(1.0),A,Y20-64,PC_ACT,T,MT,2010,6.0,,
dataflow,ESTAT:UNE_RT_A(1.0),A,Y20-64,PC_ACT,T,MT,2011,5.6,,
dataflow,ESTAT:UNE_RT_A(1.0),A,Y20-64,PC_ACT,T,MT,2012,5.3,,
dataflow,ESTAT:UNE_RT_A(1.0),A,Y20-64,PC_ACT,T,MT,2013,5.5,,
dataflow,ESTAT:UNE_RT_A(1.0),A,Y20-64,PC_ACT,T,MT,2014,5.3,,
dataflow,ESTAT:UNE_RT_A(1.0),A,Y20-64,PC_ACT,T,MT,2015,4.9,,
dataflow,ESTAT:UNE_RT_A(1.0),A,Y20-64,PC_ACT,T,MT,2016,4.3,,
dataflow,ESTAT:UNE_RT_A(1.0),A,Y20-64,PC_ACT,T,MT,2017,3.6,,
dataflow,ESTAT:UNE_RT_A(1.0),A,Y20-64,PC_ACT,T,MT,2018,3.6,,
dataflow,ESTAT:UNE_RT_A(1.0),A,Y20-64,PC_ACT,T,MT,2019,3.8,,
dataflow,ESTAT:UNE_RT_A(1.0),A,Y20-64,PC_ACT,T,MT,2020,4.7,,
dataflow,ESTAT:UNE_RT_A(1.0),A,Y20-64,PC_ACT,T,MT,2021,3.5,,
dataflow,ESTAT:UNE_RT_A(1.0),A,Y20-64,PC_ACT,T,MT,2022,3.2,,
dataflow,ESTAT:UNE_RT_A(1.0),A,Y20-64,PC_ACT,T,MT,2023,3.2,,
dataflow,ESTAT:UNE_RT_A(1.0),A,Y20-64,PC_ACT,T,MT,2024,2.9,,
dataflow,ESTAT:UNE_RT_A(1.0),A,Y20-64,PC_ACT,T,MT,2025,2.9,,
dataflow,ESTAT:UNE_RT_A(1.0),A,Y20-64,PC_ACT,T,NL,2009,4.7,,
dataflow,ESTAT:UNE_RT_A(1.0),A,Y20-64,PC_ACT,T,NL,2010,5.3,,
dataflow,ESTAT:UNE_RT_A(1.0),A,Y20-64,PC_ACT,T,NL,2011,5.3,,
dataflow,ESTAT:UNE_RT_A(1.0),A,Y20-64,PC_ACT,T,NL,2012,6.0,,
dataflow,ESTAT:UNE_RT_A(1.0),A,Y20-64,PC_ACT,T,NL,2013,7.5,,
dataflow,ESTAT:UNE_RT_A(1.0),A,Y20-64,PC_ACT,T,NL,2014,7.7,,
dataflow,ESTAT:UNE_RT_A(1.0),A,Y20-64,PC_ACT,T,NL,2015,7.2,,
dataflow,ESTAT:UNE_RT_A(1.0),A,Y20-64,PC_ACT,T,NL,2016,6.3,,
dataflow,ESTAT:UNE_RT_A(1.0),A,Y20-64,PC_ACT,T,NL,2017,5.2,,
dataflow,ESTAT:UNE_RT_A(1.0),A,Y20-64,PC_ACT,T,NL,2018,4.3,,
dataflow,ESTAT:UNE_RT_A(1.0),A,Y20-64,PC_ACT,T,NL,2019,3.9,,
dataflow,ESTAT:UNE_RT_A(1.0),A,Y20-64,PC_ACT,T,NL,2020,4.2,,
dataflow,ESTAT:UNE_RT_A(1.0),A,Y20-64,PC_ACT,T,NL,2021,3.5,,
dataflow,ESTAT:UNE_RT_A(1.0),A,Y20-64,PC_ACT,T,NL,2022,2.9,,
dataflow,ESTAT:UNE_RT_A(1.0),A,Y20-64,PC_ACT,T,NL,2023,2.9,,
dataflow,ESTAT:UNE_RT_A(1.0),A,Y20-64,PC_ACT,T,NL,2024,3.0,,
dataflow,ESTAT:UNE_RT_A(1.0),A,Y20-64,PC_ACT,T,NL,2025,3.3,,
dataflow,ESTAT:UNE_RT_A(1.0),A,Y20-64,PC_ACT,T,NO,2009,2.9,,
dataflow,ESTAT:UNE_RT_A(1.0),A,Y20-64,PC_ACT,T,NO,2010,3.4,,
dataflow,ESTAT:UNE_RT_A(1.0),A,Y20-64,PC_ACT,T,NO,2011,3.0,,
dataflow,ESTAT:UNE_RT_A(1.0),A,Y20-64,PC_ACT,T,NO,2012,3.0,,
dataflow,ESTAT:UNE_RT_A(1.0),A,Y20-64,PC_ACT,T,NO,2013,3.4,,
dataflow,ESTAT:UNE_RT_A(1.0),A,Y20-64,PC_ACT,T,NO,2014,3.4,,
dataflow,ESTAT:UNE_RT_A(1.0),A,Y20-64,PC_ACT,T,NO,2015,4.2,,
dataflow,ESTAT:UNE_RT_A(1.0),A,Y20-64,PC_ACT,T,NO,2016,4.3,,
dataflow,ESTAT:UNE_RT_A(1.0),A,Y20-64,PC_ACT,T,NO,2017,3.8,,
dataflow,ESTAT:UNE_RT_A(1.0),A,Y20-64,PC_ACT,T,NO,2018,3.5,,
dataflow,ESTAT:UNE_RT_A(1.0),A,Y20-64,PC_ACT,T,NO,2019,3.3,,
dataflow,ESTAT:UNE_RT_A(1.0),A,Y20-64,PC_ACT,T,NO,2020,4.2,,
dataflow,ESTAT:UNE_RT_A(1.0),A,Y20-64,PC_ACT,T,NO,2021,3.7,,
dataflow,ESTAT:UNE_RT_A(1.0),A,Y20-64,PC_ACT,T,NO,2022,2.6,,
dataflow,ESTAT:UNE_RT_A(1.0),A,Y20-64,PC_ACT,T,NO,2023,2.8,,
dataflow,ESTAT:UNE_RT_A(1.0),A,Y20-64,PC_ACT,T,NO,2024,3.1,,
dataflow,ESTAT:UNE_RT_A(1.0),A,Y20-64,PC_ACT,T,NO,2025,3.4,,
dataflow,ESTAT:UNE_RT_A(1.0),A,Y20-64,PC_ACT,T,PL,2009,8.3,,
dataflow,ESTAT:UNE_RT_A(1.0),A,Y20-64,PC_ACT,T,PL,2010,9.8,b,
dataflow,ESTAT:UNE_RT_A(1.0),A,Y20-64,PC_ACT,T,PL,2011,9.8,,
dataflow,ESTAT:UNE_RT_A(1.0),A,Y20-64,PC_ACT,T,PL,2012,10.2,,
dataflow,ESTAT:UNE_RT_A(1.0),A,Y20-64,PC_ACT,T,PL,2013,10.5,,
dataflow,ESTAT:UNE_RT_A(1.0),A,Y20-64,PC_ACT,T,PL,2014,9.1,,
dataflow,ESTAT:UNE_RT_A(1.0),A,Y20-64,PC_ACT,T,PL,2015,7.6,,
dataflow,ESTAT:UNE_RT_A(1.0),A,Y20-64,PC_ACT,T,PL,2016,6.1,,
dataflow,ESTAT:UNE_RT_A(1.0),A,Y20-64,PC_ACT,T,PL,2017,4.9,,
dataflow,ESTAT:UNE_RT_A(1.0),A,Y20-64,PC_ACT,T,PL,2018,3.9,,
dataflow,ESTAT:UNE_RT_A(1.0),A,Y20-64,PC_ACT,T,PL,2019,3.2,b,
dataflow,ESTAT:UNE_RT_A(1.0),A,Y20-64,PC_ACT,T,PL,2020,3.2,,
dataflow,ESTAT:UNE_RT_A(1.0),A,Y20-64,PC_ACT,T,PL,2021,3.4,,
dataflow,ESTAT:UNE_RT_A(1.0),A,Y20-64,PC_ACT,T,PL,2022,2.8,,
dataflow,ESTAT:UNE_RT_A(1.0),A,Y20-64,PC_ACT,T,PL,2023,2.8,,
dataflow,ESTAT:UNE_RT_A(1.0),A,Y20-64,PC_ACT,T,PL,2024,2.8,,
dataflow,ESTAT:UNE_RT_A(1.0),A,Y20-64,PC_ACT,T,PL,2025,3.0,,
dataflow,ESTAT:UNE_RT_A(1.0),A,Y20-64,PC_ACT,T,PT,2009,10.7,,
dataflow,ESTAT:UNE_RT_A(1.0),A,Y20-64,PC_ACT,T,PT,2010,12.1,,
dataflow,ESTAT:UNE_RT_A(1.0),A,Y20-64,PC_ACT,T,PT,2011,13.2,,
dataflow,ESTAT:UNE_RT_A(1.0),A,Y20-64,PC_ACT,T,PT,2012,16.2,,
dataflow,ESTAT:UNE_RT_A(1.0),A,Y20-64,PC_ACT,T,PT,2013,17.0,,
dataflow,ESTAT:UNE_RT_A(1.0),A,Y20-64,PC_ACT,T,PT,2014,14.3,,
dataflow,ESTAT:UNE_RT_A(1.0),A,Y20-64,PC_ACT,T,PT,2015,12.7,,
dataflow,ESTAT:UNE_RT_A(1.0),A,Y20-64,PC_ACT,T,PT,2016,11.4,,
dataflow,ESTAT:UNE_RT_A(1.0),A,Y20-64,PC_ACT,T,PT,2017,9.0,,
dataflow,ESTAT:UNE_RT_A(1.0),A,Y20-64,PC_ACT,T,PT,2018,7.0,,
dataflow,ESTAT:UNE_RT_A(1.0),A,Y20-64,PC_ACT,T,PT,2019,6.5,,
dataflow,ESTAT:UNE_RT_A(1.0),A,Y20-64,PC_ACT,T,PT,2020,7.0,,
dataflow,ESTAT:UNE_RT_A(1.0),A,Y20-64,PC_ACT,T,PT,2021,6.7,,
dataflow,ESTAT:UNE_RT_A(1.0),A,Y20-64,PC_ACT,T,PT,2022,6.1,,
dataflow,ESTAT:UNE_RT_A(1.0),A,Y20-64,PC_ACT,T,PT,2023,6.4,,
dataflow,ESTAT:UNE_RT_A(1.0),A,Y20-64,PC_ACT,T,PT,2024,6.3,,
dataflow,ESTAT:UNE_RT_A(1.0),A,Y20-64,PC_ACT,T,PT,2025,5.9,,
dataflow,ESTAT:UNE_RT_A(1.0),A,Y20-64,PC_ACT,T,RO,2009,8.0,,
dataflow,ESTAT:UNE_RT_A(1.0),A,Y20-64,PC_ACT,T,RO,2010,8.8,,
dataflow,ESTAT:UNE_RT_A(1.0),A,Y20-64,PC_ACT,T,RO,2011,8.8,,
dataflow,ESTAT:UNE_RT_A(1.0),A,Y20-64,PC_ACT,T,RO,2012,8.4,,
dataflow,ESTAT:UNE_RT_A(1.0),A,Y20-64,PC_ACT,T,RO,2013,8.7,,
dataflow,ESTAT:UNE_RT_A(1.0),A,Y20-64,PC_ACT,T,RO,2014,8.3,,
dataflow,ESTAT:UNE_RT_A(1.0),A,Y20-64,PC_ACT,T,RO,2015,8.1,,
dataflow,ESTAT:UNE_RT_A(1.0),A,Y20-64,PC_ACT,T,RO,2016,6.8,,
dataflow,ESTAT:UNE_RT_A(1.0),A,Y20-64,PC_ACT,T,RO,2017,5.8,,
dataflow,ESTAT:UNE_RT_A(1.0),A,Y20-64,PC_ACT,T,RO,2018,4.9,,
dataflow,ESTAT:UNE_RT_A(1.0),A,Y20-64,PC_ACT,T,RO,2019,4.5,,
dataflow,ESTAT:UNE_RT_A(1.0),A,Y20-64,PC_ACT,T,RO,2020,5.7,,
dataflow,ESTAT:UNE_RT_A(1.0),A,Y20-64,PC_ACT,T,RO,2021,5.3,,
dataflow,ESTAT:UNE_RT_A(1.0),A,Y20-64,PC_ACT,T,RO,2022,5.2,,
dataflow,ESTAT:UNE_RT_A(1.0),A,Y20-64,PC_ACT,T,RO,2023,5.2,,
dataflow,ESTAT:UNE_RT_A(1.0),A,Y20-64,PC_ACT,T,RO,2024,4.9,,
dataflow,ESTAT:UNE_RT_A(1.0),A,Y20-64,PC_ACT,T,RO,2025,5.6,,
dataflow,ESTAT:UNE_RT_A(1.0),A,Y20-64,PC_ACT,T,RS,2010,21.0,,
dataflow,ESTAT:UNE_RT_A(1.0),A,Y20-64,PC_ACT,T,RS,2011,24.7,,
dataflow,ESTAT:UNE_RT_A(1.0),A,Y20-64,PC_ACT,T,RS,2012,25.6,,
dataflow,ESTAT:UNE_RT_A(1.0),A,Y20-64,PC_ACT,T,RS,2013,23.9,,
dataflow,ESTAT:UNE_RT_A(1.0),A,Y20-64,PC_ACT,T,RS,2014,20.5,,
dataflow,ESTAT:UNE_RT_A(1.0),A,Y20-64,PC_ACT,T,RS,2015,18.8,,
dataflow,ESTAT:UNE_RT_A(1.0),A,Y20-64,PC_ACT,T,RS,2016,16.5,,
dataflow,ESTAT:UNE_RT_A(1.0),A,Y20-64,PC_ACT,T,RS,2017,14.5,,
dataflow,ESTAT:UNE_RT_A(1.0),A,Y20-64,PC_ACT,T,RS,2018,13.7,,
dataflow,ESTAT:UNE_RT_A(1.0),A,Y20-64,PC_ACT,T,RS,2019,11.3,,
dataflow,ESTAT:UNE_RT_A(1.0),A,Y20-64,PC_ACT,T,RS,2020,9.7,,
dataflow,ESTAT:UNE_RT_A(1.0),A,Y20-64,PC_ACT,T,RS,2021,11.1,,
dataflow,ESTAT:UNE_RT_A(1.0),A,Y20-64,PC_ACT,T,RS,2022,9.4,,
dataflow,ESTAT:UNE_RT_A(1.0),A,Y20-64,PC_ACT,T,RS,2023,9.4,,
dataflow,ESTAT:UNE_RT_A(1.0),A,Y20-64,PC_ACT,T,RS,2024,8.6,,
dataflow,ESTAT:UNE_RT_A(1.0),A,Y20-64,PC_ACT,T,RS,2025,8.7,,
dataflow,ESTAT:UNE_RT_A(1.0),A,Y20-64,PC_ACT,T,SE,2005,7.0,,
dataflow,ESTAT:UNE_RT_A(1.0),A,Y20-64,PC_ACT,T,SE,2006,6.2,,
dataflow,ESTAT:UNE_RT_A(1.0),A,Y20-64,PC_ACT,T,SE,2007,5.3,,
dataflow,ESTAT:UNE_RT_A(1.0),A,Y20-64,PC_ACT,T,SE,2008,5.2,,
dataflow,ESTAT:UNE_RT_A(1.0),A,Y20-64,PC_ACT,T,SE,2009,7.4,,
dataflow,ESTAT:UNE_RT_A(1.0),A,Y20-64,PC_ACT,T,SE,2010,7.7,,
dataflow,ESTAT:UNE_RT_A(1.0),A,Y20-64,PC_ACT,T,SE,2011,7.0,,
dataflow,ESTAT:UNE_RT_A(1.0),A,Y20-64,PC_ACT,T,SE,2012,7.2,,
dataflow,ESTAT:UNE_RT_A(1.0),A,Y20-64,PC_ACT,T,SE,2013,7.3,,
dataflow,ESTAT:UNE_RT_A(1.0),A,Y20-64,PC_ACT,T,SE,2014,7.2,,
dataflow,ESTAT:UNE_RT_A(1.0),A,Y20-64,PC_ACT,T,SE,2015,6.8,,
dataflow,ESTAT:UNE_RT_A(1.0),A,Y20-64,PC_ACT,T,SE,2016,6.4,,
dataflow,ESTAT:UNE_RT_A(1.0),A,Y20-64,PC_ACT,T,SE,2017,6.1,,
dataflow,ESTAT:UNE_RT_A(1.0),A,Y20-64,PC_ACT,T,SE,2018,5.8,,
dataflow,ESTAT:UNE_RT_A(1.0),A,Y20-64,PC_ACT,T,SE,2019,6.1,,
dataflow,ESTAT:UNE_RT_A(1.0),A,Y20-64,PC_ACT,T,SE,2020,7.7,,
dataflow,ESTAT:UNE_RT_A(1.0),A,Y20-64,PC_ACT,T,SE,2021,7.9,,
dataflow,ESTAT:UNE_RT_A(1.0),A,Y20-64,PC_ACT,T,SE,2022,6.3,,
dataflow,ESTAT:UNE_RT_A(1.0),A,Y20-64,PC_ACT,T,SE,2023,6.5,,
dataflow,ESTAT:UNE_RT_A(1.0),A,Y20-64,PC_ACT,T,SE,2024,7.1,,
dataflow,ESTAT:UNE_RT_A(1.0),A,Y20-64,PC_ACT,T,SE,2025,7.6,,
dataflow,ESTAT:UNE_RT_A(1.0),A,Y20-64,PC_ACT,T,SI,2009,5.8,,
dataflow,ESTAT:UNE_RT_A(1.0),A,Y20-64,PC_ACT,T,SI,2010,7.3,,
dataflow,ESTAT:UNE_RT_A(1.0),A,Y20-64,PC_ACT,T,SI,2011,8.2,,
dataflow,ESTAT:UNE_RT_A(1.0),A,Y20-64,PC_ACT,T,SI,2012,8.9,,
dataflow,ESTAT:UNE_RT_A(1.0),A,Y20-64,PC_ACT,T,SI,2013,10.2,,
dataflow,ESTAT:UNE_RT_A(1.0),A,Y20-64,PC_ACT,T,SI,2014,9.8,,
dataflow,ESTAT:UNE_RT_A(1.0),A,Y20-64,PC_ACT,T,SI,2015,9.0,,
dataflow,ESTAT:UNE_RT_A(1.0),A,Y20-64,PC_ACT,T,SI,2016,8.1,,
dataflow,ESTAT:UNE_RT_A(1.0),A,Y20-64,PC_ACT,T,SI,2017,6.6,,
dataflow,ESTAT:UNE_RT_A(1.0),A,Y20-64,PC_ACT,T,SI,2018,5.2,,
dataflow,ESTAT:UNE_RT_A(1.0),A,Y20-64,PC_ACT,T,SI,2019,4.4,,
dataflow,ESTAT:UNE_RT_A(1.0),A,Y20-64,PC_ACT,T,SI,2020,5.0,,
dataflow,ESTAT:UNE_RT_A(1.0),A,Y20-64,PC_ACT,T,SI,2021,4.6,,
dataflow,ESTAT:UNE_RT_A(1.0),A,Y20-64,PC_ACT,T,SI,2022,3.9,,
dataflow,ESTAT:UNE_RT_A(1.0),A,Y20-64,PC_ACT,T,SI,2023,3.4,,
dataflow,ESTAT:UNE_RT_A(1.0),A,Y20-64,PC_ACT,T,SI,2024,3.3,,
dataflow,ESTAT:UNE_RT_A(1.0),A,Y20-64,PC_ACT,T,SI,2025,3.6,,
dataflow,ESTAT:UNE_RT_A(1.0),A,Y20-64,PC_ACT,T,SK,2009,11.6,,
dataflow,ESTAT:UNE_RT_A(1.0),A,Y20-64,PC_ACT,T,SK,2010,13.9,,
dataflow,ESTAT:UNE_RT_A(1.0),A,Y20-64,PC_ACT,T,SK,2011,13.1,b,
dataflow,ESTAT:UNE_RT_A(1.0),A,Y20-64,PC_ACT,T,SK,2012,13.5,,
dataflow,ESTAT:UNE_RT_A(1.0),A,Y20-64,PC_ACT,T,SK,2013,13.8,,
dataflow,ESTAT:UNE_RT_A(1.0),A,Y20-64,PC_ACT,T,SK,2014,12.8,,
dataflow,ESTAT:UNE_RT_A(1.0),A,Y20-64,PC_ACT,T,SK,2015,11.2,,
dataflow,ESTAT:UNE_RT_A(1.0),A,Y20-64,PC_ACT,T,SK,2016,9.4,,
dataflow,ESTAT:UNE_RT_A(1.0),A,Y20-64,PC_ACT,T,SK,2017,7.9,,
dataflow,ESTAT:UNE_RT_A(1.0),A,Y20-64,PC_ACT,T,SK,2018,6.3,,
dataflow,ESTAT:UNE_RT_A(1.0),A,Y20-64,PC_ACT,T,SK,2019,5.6,,
dataflow,ESTAT:UNE_RT_A(1.0),A,Y20-64,PC_ACT,T,SK,2020,6.5,,
dataflow,ESTAT:UNE_RT_A(1.0),A,Y20-64,PC_ACT,T,SK,2021,6.7,,
dataflow,ESTAT:UNE_RT_A(1.0),A,Y20-64,PC_ACT,T,SK,2022,6.0,,
dataflow,ESTAT:UNE_RT_A(1.0),A,Y20-64,PC_ACT,T,SK,2023,5.7,,
dataflow,ESTAT:UNE_RT_A(1.0),A,Y20-64,PC_ACT,T,SK,2024,5.1,,
dataflow,ESTAT:UNE_RT_A(1.0),A,Y20-64,PC_ACT,T,SK,2025,5.3,,
dataflow,ESTAT:UNE_RT_A(1.0),A,Y20-64,PC_ACT,T,TR,2009,12.2,,
dataflow,ESTAT:UNE_RT_A(1.0),A,Y20-64,PC_ACT,T,TR,2010,10.5,,
dataflow,ESTAT:UNE_RT_A(1.0),A,Y20-64,PC_ACT,T,TR,2011,8.6,,
dataflow,ESTAT:UNE_RT_A(1.0),A,Y20-64,PC_ACT,T,TR,2012,8.0,,
dataflow,ESTAT:UNE_RT_A(1.0),A,Y20-64,PC_ACT,T,TR,2013,8.6,,
dataflow,ESTAT:UNE_RT_A(1.0),A,Y20-64,PC_ACT,T,TR,2014,9.7,b,
dataflow,ESTAT:UNE_RT_A(1.0),A,Y20-64,PC_ACT,T,TR,2015,10.0,,
dataflow,ESTAT:UNE_RT_A(1.0),A,Y20-64,PC_ACT,T,TR,2016,10.7,,
dataflow,ESTAT:UNE_RT_A(1.0),A,Y20-64,PC_ACT,T,TR,2017,10.7,,
dataflow,ESTAT:UNE_RT_A(1.0),A,Y20-64,PC_ACT,T,TR,2018,10.8,,
dataflow,ESTAT:UNE_RT_A(1.0),A,Y20-64,PC_ACT,T,TR,2019,13.5,,
dataflow,ESTAT:UNE_RT_A(1.0),A,Y20-64,PC_ACT,T,TR,2020,13.0,,
dataflow,ESTAT:UNE_RT_A(1.0),A,Y20-64,PC_ACT,T,TR,2021,11.9,b,
dataflow,ESTAT:UNE_RT_A(1.0),A,Y20-64,PC_ACT,T,TR,2022,10.4,,
dataflow,ESTAT:UNE_RT_A(1.0),A,Y20-64,PC_ACT,T,TR,2023,9.3,,
dataflow,ESTAT:UNE_RT_A(1.0),A,Y20-64,PC_ACT,T,TR,2024,8.6,,
dataflow,ESTAT:UNE_RT_A(1.0),A,Y20-64,PC_ACT,T,TR,2025,8.3,,
