mean,sd,min,max,cv,n,region_id,indicator
793831,32352.379081332212,768140,865530,0.04075474387033539,10,BE10,pop_tot_total
1070509,15022.010850748311,1054710,1096240,0.014032587162507097,10,BE21,pop_tot_total
483788,15935.030453549674,470700,514620,0.03293804404728864,10,BE22,pop_tot_total
867613,5135.352524954403,859500,875270,0.005918943728314817,10,BE23,pop_tot_total
674110,9668.21941552149,666080,695450,0.014342198477283364,10,BE24,pop_tot_total
672185,25188.014014606233,646650,714570,0.037471847801730525,10,BE25,pop_tot_total
256108,3227.395923100301,252130,261530,0.01260169898285216,10,BE31,pop_tot_total
813160,14307.902245495901,792850,832980,0.017595432935087685,10,BE32,pop_tot_total
683212,14151.471694177644,668860,713730,0.020713148618843998,10,BE33,pop_tot_total
185092,3888.326689521399,179520,190390,0.021007535115085466,10,BE34,pop_tot_total
311486,3874.509861474954,305670,316580,0.012438792952090797,10,BE35,pop_tot_total
284764,34619.24615650151,257200,357210,0.12157170905206245,10,BG31,pop_tot_total
300064,54286.59670878459,252590,404440,0.18091672679423254,10,BG32,pop_tot_total
383725,55429.986319079435,330390,498160,0.14445237167002264,10,BG33,pop_tot_total
404938,50729.50375384241,361540,513960,0.12527721219999705,10,BG34,pop_tot_total
1015039,133406.57525441208,899430,1286070,0.13142999949205111,10,BG41,pop_tot_total
580994,73944.64298829678,515280,734580,0.1272726447920233,10,BG42,pop_tot_total
592438,51770.63534905134,527490,676680,0.08738574390746601,10,CZ01,pop_tot_total
642186,47406.229126561,587090,730740,0.07382009126103807,10,CZ02,pop_tot_total
604359,55682.37192625089,543670,713210,0.09213459537501864,10,CZ03,pop_tot_total
569767,57669.11113316113,514650,682550,0.10121525313533626,10,CZ04,pop_tot_total
769722,72338.1872104139,703110,912440,0.09397962798310806,10,CZ05,pop_tot_total
840842,92574.38988306768,751680,1019500,0.11009724761972842,10,CZ06,pop_tot_total
606996,73898.94198611146,541560,751900,0.12174535250003535,10,CZ07,pop_tot_total
617959,79330.79960239626,548410,772150,0.128375506469517,10,CZ08,pop_tot_total
1313370,17461.0951673841,1285020,1336740,0.013294878950626329,10,DK01,pop_tot_total
420225,16623.434763409557,398570,443240,0.03955841457174027,10,DK02,pop_tot_total
734768,23606.170003247502,698990,762840,0.03212737898662912,10,DK03,pop_tot_total
948933,12969.151475713436,920740,966860,0.01366708869405262,10,DK04,pop_tot_total
402675,14595.030546959011,375340,419980,0.03624518668146523,10,DK05,pop_tot_total
2356387,65728.31421845536,2245730,2426880,0.027893683940055414,10,DE11,pop_tot_total
1754558,40460.676327625675,1698470,1807190,0.02306032421135447,10,DE12,pop_tot_total
1364419,36670.841110857786,1307090,1406920,0.02687652481448718,10,DE13,pop_tot_total
1151843,28732.89019379862,1101440,1176990,0.02494514460199751,10,DE14,pop_tot_total
2695209,71035.45757030233,2569700,2768840,0.02635619633590654,10,DE21,pop_tot_total
721956,25701.823627473943,675210,744420,0.035600263211987906,10,DE22,pop_tot_total
653097,24675.43224883136,610120,676120,0.03778218587565302,10,DE23,pop_tot_total
602049,28976.461884317992,550200,638310,0.048129740078163064,10,DE24,pop_tot_total
1014946,36022.545471166006,950150,1044040,0.03549208083106491,10,DE25,pop_tot_total
754247,38159.50152539557,693370,801640,0.050592844950520945,10,DE26,pop_tot_total
1087391,33124.85855735002,1024400,1114380,0.03046269332498615,10,DE27,pop_tot_total
1973344,32335.22991001198,1904760,2020150,0.016386007665167342,10,DE30,pop_tot_total
891639,81367.61169053828,790270,1013880,0.09125622779010147,10,DE40,pop_tot_total
440161,6564.843147825814,430720,450100,0.01491464066063512,10,DE50,pop_tot_total
1100030,22131.263959486012,1065280,1124860,0.020118782178200605,10,DE60,pop_tot_total
2194122,45921.10717790289,2132820,2253170,0.02092914941735368,10,DE71,pop_tot_total
697642,30958.52343593495,638160,724750,0.044375945593778686,10,DE72,pop_tot_total
675980,31858.37130523502,614320,704910,0.04712916255693219,10,DE73,pop_tot_total
628264,39886.056098730936,570550,676200,0.06348613974178202,10,DE80,pop_tot_total
913872,34758.98950071925,849580,951350,0.038034855538542876,10,DE91,pop_tot_total
1201286,40235.28722126608,1124200,1242670,0.03349351213721469,10,DE92,pop_tot_total
874842,25541.058796464262,824620,892750,0.029195053274150375,10,DE93,pop_tot_total
1523573,43441.52878678803,1433610,1557920,0.028512929007529032,10,DE94,pop_tot_total
2815143,97624.7202357636,2659860,2931680,0.03467842316918309,10,DEA1,pop_tot_total
2708330,73522.52066166152,2566800,2770480,0.0271468102711492,10,DEA2,pop_tot_total
1578719,43124.878473258716,1502650,1632680,0.027316373891274327,10,DEA3,pop_tot_total
1212222,31987.427321787956,1152820,1255170,0.026387433425385742,10,DEA4,pop_tot_total
2061284,79258.05647097054,1922090,2163860,0.038450818262292116,10,DEA5,pop_tot_total
786104,30269.76349795654,734550,821560,0.038506054539802034,10,DEB1,pop_tot_total
312128,22399.228558144587,275000,344530,0.0717629580112793,10,DEB2,pop_tot_total
1177270,45560.56603882109,1097950,1216220,0.038700184357726854,10,DEB3,pop_tot_total
526731,25128.86275447684,495690,562830,0.04770720302104269,10,DEC0,pop_tot_total
666671,41963.66323645044,608320,730200,0.06294508571161854,10,DED2,pop_tot_total
508956,36670.70195976922,460760,568750,0.07205082946221131,10,DED4,pop_tot_total
533470,54396.05908928003,461950,608830,0.10196648188141795,10,DED5,pop_tot_total
882182,41176.081460532936,827030,933960,0.04667526821056532,10,DEE0,pop_tot_total
1556961,30279.14223429132,1499110,1581240,0.01944759196556068,10,DEF0,pop_tot_total
865335,58653.287347485195,786860,958170,0.0677810181576906,10,DEG0,pop_tot_total
675073,59621.943210719175,620270,804990,0.08831925319294236,10,EE00,pop_tot_total
494527,33908.5315550854,446240,543020,0.06856760410470085,10,IE04,pop_tot_total
964915,62478.15373748207,876820,1073950,0.0647499041236607,10,IE05,pop_tot_total
1518300,84684.78257632832,1413340,1610750,0.055776053860454665,10,IE06,pop_tot_total
1888402,48574.97956767455,1820330,1974370,0.025722796082441424,10,EL30,pop_tot_total
126716,14158.654361673405,105210,147580,0.11173533225222865,10,EL41,pop_tot_total
173930,13052.755349818757,158060,196840,0.07504602627389614,10,EL42,pop_tot_total
348222,12566.063469166114,326390,369080,0.03608635717779495,10,EL43,pop_tot_total
343074,17750.7152907519,309440,367970,0.051740193925368584,10,EL51,pop_tot_total
989065,28780.85638830861,944960,1034410,0.02909905454981079,10,EL52,pop_tot_total
134767,7636.028708985086,122990,140630,0.056660968256213216,10,EL53,pop_tot_total
170692,8307.493003307316,159200,188140,0.04866949243846997,10,EL54,pop_tot_total
353389,18425.428353229676,329690,382160,0.05213922434832345,10,EL61,pop_tot_total
88397,6663.45931179894,76300,92660,0.07538105718292408,10,EL62,pop_tot_total
382441,17214.48902007324,367890,419390,0.04501214310200329,10,EL63,pop_tot_total
248702,21206.38677380001,219340,280610,0.08526825990060398,10,EL64,pop_tot_total
236343,7726.409328472774,228730,252020,0.03269150907144605,10,EL65,pop_tot_total
1124515,38166.31331714163,1079070,1192300,0.03394024385369837,10,ES11,pop_tot_total
392104,12026.387838600767,377170,411830,0.03067142349631926,10,ES12,pop_tot_total
251501,13537.684399072425,237800,279550,0.053827556944395547,10,ES13,pop_tot_total
974257,81367.92994376429,885810,1119170,0.08351793206901699,10,ES21,pop_tot_total
337225,28583.7413965041,303590,384690,0.08476163213434385,10,ES22,pop_tot_total
150039,7434.321982086419,141470,163920,0.04954926373867074,10,ES23,pop_tot_total
633997,30517.99835070009,603250,694150,0.04813587185854206,10,ES24,pop_tot_total
3359050,298480.95591585815,3069940,3945010,0.0888587415834412,10,ES30,pop_tot_total
1060274,30603.494426472138,1025170,1119510,0.02886376014735072,10,ES41,pop_tot_total
1090378,31798.091766645368,1051720,1139540,0.029162448037878028,10,ES42,pop_tot_total
567591,34103.51055569239,538910,635770,0.060084657007761555,10,ES43,pop_tot_total
3874158,326766.4329898175,3541000,4478050,0.08434514880131826,10,ES51,pop_tot_total
2521245,152293.5656516351,2388570,2848640,0.06040411211589317,10,ES52,pop_tot_total
610522,39385.58670376766,573120,692100,0.06451133080178545,10,ES53,pop_tot_total
4565384,130397.80776957529,4399510,4779520,0.028562286933492404,10,ES61,pop_tot_total
843777,47718.0343382993,798020,933310,0.05655289767118481,10,ES62,pop_tot_total
55809,1533.1264353166266,54490,59400,0.0274709533465324,10,ES63,pop_tot_total
60576,1602.0833658430859,58790,63730,0.026447493493183535,10,ES64,pop_tot_total
1170708,47963.21850010577,1127190,1268210,0.04096941209943536,10,ES70,pop_tot_total
8021498,292376.6951041071,7580970,8438800,0.03644913893939849,10,FR10,pop_tot_total
1293643,32534.571714818478,1239410,1330110,0.02514957504877194,10,FRB0,pop_tot_total
818421,15227.395232131974,791310,839040,0.018605821737384516,10,FRC1,pop_tot_total
629958,10193.25899253467,609840,643510,0.01618085490228661,10,FRC2,pop_tot_total
769678,7559.198664173634,757120,779470,0.009821248189728217,10,FRD1,pop_tot_total
1038856,20286.17109702513,1007520,1065960,0.019527413902432223,10,FRD2,pop_tot_total
2563731,28494.297070739533,2511400,2598020,0.01111438644332792,10,FRE1,pop_tot_total
1062800,17373.368508534357,1039210,1091550,0.01634679009083022,10,FRE2,pop_tot_total
1122112,15458.322318055374,1098730,1145140,0.013776095717767365,10,FRF1,pop_tot_total
746296,11666.83828445203,725790,770290,0.015632990508393493,10,FRF2,pop_tot_total
1319177,24596.179039300663,1291120,1378240,0.01864509390271409,10,FRF3,pop_tot_total
2096826,86290.11945498486,1998860,2229540,0.04115273248947927,10,FRG0,pop_tot_total
1792626,59303.693945280975,1719050,1870180,0.03308202265574692,10,FRH0,pop_tot_total
1844260,45475.48839148893,1785090,1907530,0.024657851057599756,10,FRI1,pop_tot_total
362364,8313.277465730482,345580,369960,0.022941786341166566,10,FRI2,pop_tot_total
901561,29551.121599319675,866420,943810,0.03277772840586458,10,FRI3,pop_tot_total
1556507,47686.68718252972,1496990,1624910,0.030636988579254523,10,FRJ1,pop_tot_total
1759759,53137.03237855874,1685930,1838830,0.030195630412209136,10,FRJ2,pop_tot_total
707666,18012.51675918721,681280,731140,0.02545341553668992,10,FRK1,pop_tot_total
3889541,63748.94882793493,3788770,3973470,0.016389838499693134,10,FRK2,pop_tot_total
2666368,62692.80479714824,2563210,2744110,0.023512435191672055,10,FRL0,pop_tot_total
159708,2903.3230003643143,154910,164130,0.01817894532749965,10,FRM0,pop_tot_total
206688,8399.518240153222,197530,225280,0.040638635238394206,10,FRY1,pop_tot_total
171661,11821.04944579795,154320,194230,0.06886275534802867,10,FRY2,pop_tot_total
193951,9116.933512243395,181470,205960,0.04700637538472808,10,FRY3,pop_tot_total
511540,19623.21471002026,491860,555800,0.03836105624197572,10,FRY4,pop_tot_total
707209,40118.02378261201,654750,771080,0.056727252880848525,10,HR03,pop_tot_total
1975144,28689.272559617122,1936350,2021680,0.014525154904967497,10,ITC1,pop_tot_total
58693,1578.0793530252033,56270,61110,0.026887011279457574,10,ITC2,pop_tot_total
668324,9106.100763285629,655830,684910,0.013625278702075085,10,ITC3,pop_tot_total
4754389,150531.49566711206,4570980,4977240,0.031661585887715976,10,ITC4,pop_tot_total
631407,29423.953601709538,600690,686790,0.04660061355307993,10,ITF1,pop_tot_total
155948,10377.966831492358,143250,169650,0.06654761094398362,10,ITF2,pop_tot_total
3421691,189749.6611883961,3211970,3727450,0.0554549376867742,10,ITF3,pop_tot_total
2198578,100513.28389819925,2081830,2384150,0.045717406386400324,10,ITF4,pop_tot_total
298474,17832.158341353723,279650,331890,0.059744427793890664,10,ITF5,pop_tot_total
1046756,82961.07148670527,953730,1184290,0.07925540573610781,10,ITF6,pop_tot_total
2769274,191876.87500061074,2572120,3098750,0.06928778986861205,10,ITG1,pop_tot_total
736702,43978.000510356185,693280,818370,0.059695779990221534,10,ITG2,pop_tot_total
300349,5742.000135454157,291710,309340,0.019117760123903052,10,ITH1,pop_tot_total
283085,5505.904406483401,275760,289160,0.019449650834496356,10,ITH2,pop_tot_total
2360308,52218.186657311046,2291760,2427710,0.022123462979115882,10,ITH3,pop_tot_total
534152,16243.593472162767,515840,558730,0.030410058320782786,10,ITH4,pop_tot_total
2006092,82894.77839070713,1904320,2127830,0.041321523833755945,10,ITH5,pop_tot_total
1651200,34535.29338066913,1608250,1705070,0.020915269731509888,10,ITI1,pop_tot_total
397767,4621.704952359753,392710,407820,0.011619126152646533,10,ITI2,pop_tot_total
719522,6852.744462379045,713080,736380,0.009524023535595916,10,ITI3,pop_tot_total
2734671,46453.80177002619,2669340,2821860,0.016986980068178656,10,ITI4,pop_tot_total
585770,48742.15218883959,527400,668650,0.08321039348010241,10,CY00,pop_tot_total
943006,144873.30635190642,828830,1245030,0.15362925193679194,10,LV00,pop_tot_total
380782,53344.70437114114,322950,499260,0.14009250534726206,10,LT01,pop_tot_total
1185644,185003.40628695942,979060,1501950,0.15603621853352223,10,LT02,pop_tot_total
377029,15372.821218703553,347030,391320,0.04077357767891476,10,LU00,pop_tot_total
920162,63869.8003406583,830420,1031240,0.06941147356732652,10,HU11,pop_tot_total
683406,34938.83519014972,640240,740470,0.05112456605612143,10,HU12,pop_tot_total
580003,56243.41483429169,517480,671400,0.09697090331307198,10,HU21,pop_tot_total
507121,41825.41185292342,452940,569510,0.08247619769822867,10,HU22,pop_tot_total
495298,47941.69231704511,440840,570550,0.09679363194893803,10,HU23,pop_tot_total
672075,57009.157207904376,600040,759820,0.0848255882273621,10,HU31,pop_tot_total
901838,69599.80201121264,821000,1002640,0.07717550381688579,10,HU32,pop_tot_total
694957,70934.25893036454,609830,806810,0.10206999703631237,10,HU33,pop_tot_total
305327,10145.805975322459,294470,322840,0.0332293114441974,10,MT00,pop_tot_total
536320,16009.519390384932,522900,574100,0.02985068502085496,10,NL11,pop_tot_total
381040,15634.650975033344,366180,406620,0.04103152155950384,10,NL12,pop_tot_total
242278,21037.981948001678,219060,272620,0.08683405818110468,10,NL13,pop_tot_total
736742,42823.140629025955,694090,802030,0.058125016123725746,10,NL21,pop_tot_total
1313726,55947.748480166745,1256260,1413470,0.042587075600366245,10,NL22,pop_tot_total
259177,12581.528833086137,247590,282380,0.04854415643782487,10,NL23,pop_tot_total
1788403,74990.12483876348,1734730,1934730,0.04193133473761981,10,NL32,pop_tot_total
199440,6194.813242633802,193300,209220,0.03106103711709688,10,NL34,pop_tot_total
1580048,63363.53311557752,1511400,1677980,0.04010228367465895,10,NL41,pop_tot_total
672283,18165.91744632422,656510,706300,0.027021235768752476,10,NL42,pop_tot_total
140252,7770.056198852962,130910,151410,0.055400680196025454,10,AT11,pop_tot_total
890955,51627.142570551005,825100,954500,0.05794584751255788,10,AT12,pop_tot_total
1318137,29551.538425830444,1273710,1357130,0.022419170712779053,10,AT13,pop_tot_total
285984,15723.167761123852,268690,309620,0.05497918681158335,10,AT21,pop_tot_total
726414,53898.60340388134,658970,793850,0.07419818919222557,10,AT22,pop_tot_total
870325,38295.492989819744,824980,917650,0.0440013707406081,10,AT31,pop_tot_total
324422,9399.740894774115,311580,337860,0.028973808480232892,10,AT32,pop_tot_total
471722,38003.630469849704,423330,518870,0.08056361685452386,10,AT33,pop_tot_total
229991,5935.245852812951,221220,237650,0.02580642656805245,10,AT34,pop_tot_total
1957169,199909.0258342529,1693550,2312320,0.1021419334938643,10,PL21,pop_tot_total
2265309,321512.63892384974,1875730,2789800,0.14192882248022223,10,PL22,pop_tot_total
1966865,204246.66281783461,1704380,2327010,0.10384376295161825,10,PL41,pop_tot_total
901111,136377.91206382687,731820,1101060,0.15134418741290126,10,PL42,pop_tot_total
547668,78196.68759679729,448060,663560,0.142781187867097,10,PL43,pop_tot_total
1467621,170252.93728580556,1221150,1759540,0.11600606511204566,10,PL51,pop_tot_total
512102,79683.88109691111,411040,639090,0.1556015815148371,10,PL52,pop_tot_total
1157949,167338.8394479231,950160,1410330,0.144513134384954,10,PL61,pop_tot_total
814591,133112.5343000342,660580,1012050,0.16341026883434043,10,PL62,pop_tot_total
1288190,122837.5095626558,1124490,1507000,0.09535667064847252,10,PL63,pop_tot_total
1295985,169249.2313621148,1081740,1560180,0.1305950542345126,10,PL71,pop_tot_total
688349,111858.18208288963,554620,851540,0.16250213493865703,10,PL72,pop_tot_total
1227427,179920.79634290937,1010540,1508170,0.14658370423895625,10,PL81,pop_tot_total
1268078,184990.46737001822,1046420,1552280,0.14588256193232452,10,PL82,pop_tot_total
674778,110823.83877126798,538940,841440,0.16423748072887376,10,PL84,pop_tot_total
1416378,98287.31712009778,1277800,1577860,0.06939342260335714,10,PL91,pop_tot_total
1423436,205017.40393331382,1175070,1715010,0.14402994158733784,10,PL92,pop_tot_total
1994586,26329.36982830306,1960090,2021550,0.013200418446887255,10,PT11,pop_tot_total
225783,6659.257632966473,218520,239050,0.029494061257785007,10,PT15,pop_tot_total
147216,6267.576529692761,139680,160800,0.042574017292228844,10,PT20,pop_tot_total
139381,8201.775485290433,128770,151500,0.058844286418453254,10,PT30,pop_tot_total
1406709,104248.9658302022,1323070,1644260,0.07410840893902164,10,RO11,pop_tot_total
1208782,49855.40331799553,1160080,1329120,0.0412443296789624,10,RO12,pop_tot_total
1932733,65129.97638056791,1794560,1988210,0.03369838274638448,10,RO21,pop_tot_total
1238334,59361.42391224194,1125470,1289450,0.04793652109385831,10,RO22,pop_tot_total
1521243,83991.96245276488,1388770,1618240,0.055212719107180695,10,RO31,pop_tot_total
950819,116334.17444299562,838820,1210250,0.12235154581786399,10,RO32,pop_tot_total
1039672,72337.31506706003,932110,1111090,0.0695770541738741,10,RO41,pop_tot_total
912172,101245.56745304403,802660,1113300,0.11099394352495366,10,RO42,pop_tot_total
495803,15596.409166500118,480480,528540,0.03145686727692273,10,SI03,pop_tot_total
535184,11481.517708425525,516210,548640,0.021453402396980337,10,SI04,pop_tot_total
266678,28434.19373453964,236870,323450,0.10662369499748625,10,SK01,pop_tot_total
968777,137260.5314356607,801110,1205860,0.14168434163451515,10,SK02,pop_tot_total
782796,96538.35382893163,659170,943000,0.1233250474311719,10,SK03,pop_tot_total
1033972,99990.85133706538,901220,1200140,0.09670556972245417,10,SK04,pop_tot_total
834194,28331.64198873369,803940,876840,0.033962893510063236,10,FI19,pop_tot_total
991384,41299.7366685175,943090,1050510,0.04165866774985021,10,FI1B,pop_tot_total
633293,30682.17689292741,595540,677460,0.04844862787513428,10,FI1C,pop_tot_total
732604,44818.32715406599,687030,800870,0.0611767437170231,10,FI1D,pop_tot_total
13222,1179.583730719349,11890,15180,0.08921371431851073,10,FI20,pop_tot_total
1312196,61327.3207560147,1245550,1416370,0.04673640275996475,10,SE11,pop_tot_total
1114536,44052.555531874525,1072580,1196850,0.03952546668019205,10,SE12,pop_tot_total
513614,33398.68700014019,483000,572400,0.06502682364604584,10,SE21,pop_tot_total
918509,42032.17033812712,877990,993500,0.04576130483003119,10,SE22,pop_tot_total
1225039,74671.6135935649,1154030,1360860,0.060954478668487216,10,SE23,pop_tot_total
473385,43747.8774723224,428340,546590,0.09241500569794649,10,SE31,pop_tot_total
199808,20179.727891569248,181680,234290,0.10099559522926634,10,SE32,pop_tot_total
348317,24081.42993631769,328790,394430,0.06913653349195616,10,SE33,pop_tot_total
255346,4956.791524990962,248860,265120,0.019412058638047833,10,IS00,pop_tot_total
224926,7568.731289544724,211060,232480,0.033649872800586525,10,NO02,pop_tot_total
338679,2230.4132651446757,335450,341720,0.0065856261095157236,10,NO06,pop_tot_total
319571,16283.956282863885,292940,335870,0.05095567583686844,10,NO07,pop_tot_total
1013437,9426.643151785853,1001710,1028060,0.00930165678950527,10,CH01,pop_tot_total
1063266,39982.32948580049,1009750,1114510,0.037603317971044395,10,CH02,pop_tot_total
618492,16202.178042884647,595070,642250,0.026196261298261976,10,CH03,pop_tot_total
788810,5136.5877129991,783240,800900,0.0065118187053905255,10,CH04,pop_tot_total
693602,33267.22805137546,652120,748820,0.04796299326036468,10,CH05,pop_tot_total
465260,20935.02965526122,434000,487950,0.04499640986816236,10,CH06,pop_tot_total
186888,1561.771074418043,184080,189050,0.008356722071069534,10,CH07,pop_tot_total
NA,NA,Inf,-Inf,NA,0,RS11,pop_tot_total
NA,NA,Inf,-Inf,NA,0,RS12,pop_tot_total
NA,NA,Inf,-Inf,NA,0,RS21,pop_tot_total
NA,NA,Inf,-Inf,NA,0,RS22,pop_tot_total
11910949,376261.52862219536,11360620,12492890,0.031589550809276015,10,TR10,pop_tot_total
1411686,44289.65873780369,1345820,1476130,0.03137359068362489,10,TR21,pop_tot_total
1265060,32713.71849511727,1222660,1325500,0.0258594204979347,10,TR22,pop_tot_total
3066345,34928.98167870216,2993610,3105240,0.011391080155266992,10,TR31,pop_tot_total
2154587,65420.53755851021,2045210,2229750,0.03036337709199499,10,TR32,pop_tot_total
2357209,51656.608365027,2296210,2427970,0.021914309832105256,10,TR33,pop_tot_total
3027193,89203.75466063946,2889340,3163220,0.029467481809266692,10,TR41,pop_tot_total
3040248,160834.5159058424,2772920,3220020,0.05290177508737524,10,TR42,pop_tot_total
4343812,140267.45934503523,4159660,4534280,0.03229132829529345,10,TR51,pop_tot_total
2050941,100143.12629099081,1897590,2177620,0.04882789231430393,10,TR52,pop_tot_total
2349997,154532.73936109606,2089400,2507000,0.06575869644135549,10,TR61,pop_tot_total
2945883,66017.46503767015,2883200,3066900,0.022410077059296023,10,TR62,pop_tot_total
2445019,117659.10820388421,2316930,2613550,0.04812196068982867,10,TR63,pop_tot_total
1337951,88847.10180354162,1200140,1430510,0.06640534803108755,10,TR71,pop_tot_total
1981820,71154.26839699155,1881920,2070310,0.03590349698609942,10,TR72,pop_tot_total
827341,28410.0375258855,784220,859930,0.034338969694340665,10,TR81,pop_tot_total
594827,20818.09578761281,563810,638490,0.03499857233718848,10,TR82,pop_tot_total
2080604,58425.71526686211,1998020,2160150,0.02808113185731745,10,TR83,pop_tot_total
2041053,71108.07471729213,1893960,2130190,0.03483891634234492,10,TR90,pop_tot_total
1093207,39406.08414671239,1034050,1150680,0.03604631524195545,10,TRA1,pop_tot_total
1110036,33066.24031983208,1056110,1160610,0.029788439581988405,10,TRA2,pop_tot_total
1511278,71721.65794080458,1344950,1573350,0.047457620597140024,10,TRB1,pop_tot_total
2217165,73325.47613210569,2091720,2327840,0.03307172724272018,10,TRB2,pop_tot_total
2316045,88218.366851807,2167640,2430430,0.038090091881551096,10,TRC1,pop_tot_total
3322545,79038.21062555054,3210180,3473050,0.023788454520721477,10,TRC2,pop_tot_total
2283710,37506.362126977874,2223860,2336290,0.016423434729881586,10,TRC3,pop_tot_total
