"region_id","indicator","year","value"
"BE10","h_acc_internet_home_annual",2018,"87.78"
"BE10","h_acc_internet_home_annual",2020,"89.52"
"BE10","h_acc_internet_home_annual",2022,"95.76"
"BE10","h_acc_internet_home_annual",2024,"96.11"
"BE21","h_acc_internet_home_annual",2018,"89.42"
"BE21","h_acc_internet_home_annual",2020,"90.75"
"BE21","h_acc_internet_home_annual",2022,"96.79"
"BE21","h_acc_internet_home_annual",2024,"95.79"
"BE22","h_acc_internet_home_annual",2018,"89.46"
"BE22","h_acc_internet_home_annual",2020,"91.83"
"BE22","h_acc_internet_home_annual",2022,"96.34"
"BE22","h_acc_internet_home_annual",2024,"96.95"
"BE23","h_acc_internet_home_annual",2018,"88.24"
"BE23","h_acc_internet_home_annual",2020,"93.22"
"BE23","h_acc_internet_home_annual",2022,"94.27"
"BE23","h_acc_internet_home_annual",2024,"97.18"
"BE24","h_acc_internet_home_annual",2018,"89.99"
"BE24","h_acc_internet_home_annual",2020,"94.21"
"BE24","h_acc_internet_home_annual",2022,"94.48"
"BE24","h_acc_internet_home_annual",2024,"95.04"
"BE25","h_acc_internet_home_annual",2018,"88"
"BE25","h_acc_internet_home_annual",2020,"90.63"
"BE25","h_acc_internet_home_annual",2022,"94.54"
"BE25","h_acc_internet_home_annual",2024,"94.13"
"BE31","h_acc_internet_home_annual",2018,"88.92"
"BE31","h_acc_internet_home_annual",2020,"95.91"
"BE31","h_acc_internet_home_annual",2022,"97.68"
"BE31","h_acc_internet_home_annual",2024,"95.1"
"BE32","h_acc_internet_home_annual",2018,"82.15"
"BE32","h_acc_internet_home_annual",2020,"87.1"
"BE32","h_acc_internet_home_annual",2022,"91.74"
"BE32","h_acc_internet_home_annual",2024,"91.45"
"BE33","h_acc_internet_home_annual",2018,"85.59"
"BE33","h_acc_internet_home_annual",2020,"92.01"
"BE33","h_acc_internet_home_annual",2022,"92.91"
"BE33","h_acc_internet_home_annual",2024,"92.13"
"BE34","h_acc_internet_home_annual",2018,"86.15"
"BE34","h_acc_internet_home_annual",2020,"86.66"
"BE34","h_acc_internet_home_annual",2022,"90.48"
"BE34","h_acc_internet_home_annual",2024,"89.76"
"BE35","h_acc_internet_home_annual",2018,"80.94"
"BE35","h_acc_internet_home_annual",2020,"85.61"
"BE35","h_acc_internet_home_annual",2022,"90.58"
"BE35","h_acc_internet_home_annual",2024,"91.74"
"BG31","h_acc_internet_home_annual",2018,"65.22"
"BG31","h_acc_internet_home_annual",2020,"66.150000000000006"
"BG31","h_acc_internet_home_annual",2022,"83.07"
"BG31","h_acc_internet_home_annual",2024,"89.17"
"BG32","h_acc_internet_home_annual",2018,"68.53"
"BG32","h_acc_internet_home_annual",2020,"74.760000000000005"
"BG32","h_acc_internet_home_annual",2022,"85.63"
"BG32","h_acc_internet_home_annual",2024,"92.85"
"BG33","h_acc_internet_home_annual",2018,"73.89"
"BG33","h_acc_internet_home_annual",2020,"77.7"
"BG33","h_acc_internet_home_annual",2022,"85.39"
"BG33","h_acc_internet_home_annual",2024,"89.88"
"BG34","h_acc_internet_home_annual",2018,"69.97"
"BG34","h_acc_internet_home_annual",2020,"77.239999999999995"
"BG34","h_acc_internet_home_annual",2022,"84.92"
"BG34","h_acc_internet_home_annual",2024,"88.62"
"BG41","h_acc_internet_home_annual",2018,"75.27"
"BG41","h_acc_internet_home_annual",2020,"85.86"
"BG41","h_acc_internet_home_annual",2022,"90.48"
"BG41","h_acc_internet_home_annual",2024,"95.53"
"BG42","h_acc_internet_home_annual",2018,"73.7"
"BG42","h_acc_internet_home_annual",2020,"79.19"
"BG42","h_acc_internet_home_annual",2022,"88.61"
"BG42","h_acc_internet_home_annual",2024,"91.67"
"CZ01","h_acc_internet_home_annual",2018,"93.17"
"CZ01","h_acc_internet_home_annual",2020,"94.74"
"CZ01","h_acc_internet_home_annual",2022,"96.3"
"CZ01","h_acc_internet_home_annual",2024,"96.77"
"CZ02","h_acc_internet_home_annual",2018,"86.66"
"CZ02","h_acc_internet_home_annual",2020,"87.79"
"CZ02","h_acc_internet_home_annual",2022,"92.38"
"CZ02","h_acc_internet_home_annual",2024,"94.77"
"CZ03","h_acc_internet_home_annual",2018,"86.17"
"CZ03","h_acc_internet_home_annual",2020,"87.68"
"CZ03","h_acc_internet_home_annual",2022,"92.32"
"CZ03","h_acc_internet_home_annual",2024,"95.61"
"CZ04","h_acc_internet_home_annual",2018,"81.66"
"CZ04","h_acc_internet_home_annual",2020,"82.28"
"CZ04","h_acc_internet_home_annual",2022,"87.57"
"CZ04","h_acc_internet_home_annual",2024,"95.82"
"CZ05","h_acc_internet_home_annual",2018,"83.68"
"CZ05","h_acc_internet_home_annual",2020,"86.88"
"CZ05","h_acc_internet_home_annual",2022,"90.27"
"CZ05","h_acc_internet_home_annual",2024,"94.95"
"CZ06","h_acc_internet_home_annual",2018,"86.83"
"CZ06","h_acc_internet_home_annual",2020,"90.08"
"CZ06","h_acc_internet_home_annual",2022,"89.84"
"CZ06","h_acc_internet_home_annual",2024,"91.97"
"CZ07","h_acc_internet_home_annual",2018,"83.38"
"CZ07","h_acc_internet_home_annual",2020,"88.11"
"CZ07","h_acc_internet_home_annual",2022,"87.91"
"CZ07","h_acc_internet_home_annual",2024,"92.61"
"CZ08","h_acc_internet_home_annual",2018,"88.43"
"CZ08","h_acc_internet_home_annual",2020,"85.67"
"CZ08","h_acc_internet_home_annual",2022,"94.82"
"CZ08","h_acc_internet_home_annual",2024,"94.69"
"DK01","h_acc_internet_home_annual",2018,"92.69"
"DK01","h_acc_internet_home_annual",2020,"95.67"
"DK01","h_acc_internet_home_annual",2022,"95.95"
"DK01","h_acc_internet_home_annual",2024,"96.92"
"DK02","h_acc_internet_home_annual",2018,"91.13"
"DK02","h_acc_internet_home_annual",2020,"94.48"
"DK02","h_acc_internet_home_annual",2022,"95.49"
"DK02","h_acc_internet_home_annual",2024,"97.15"
"DK03","h_acc_internet_home_annual",2018,"91.79"
"DK03","h_acc_internet_home_annual",2020,"95.63"
"DK03","h_acc_internet_home_annual",2022,"94.54"
"DK03","h_acc_internet_home_annual",2024,"95.56"
"DK04","h_acc_internet_home_annual",2018,"93.9"
"DK04","h_acc_internet_home_annual",2020,"95.83"
"DK04","h_acc_internet_home_annual",2022,"94.43"
"DK04","h_acc_internet_home_annual",2024,"97.94"
"DK05","h_acc_internet_home_annual",2018,"93.95"
"DK05","h_acc_internet_home_annual",2020,"93.18"
"DK05","h_acc_internet_home_annual",2022,"95.11"
"DK05","h_acc_internet_home_annual",2024,"97.1"
"EE00","h_acc_internet_home_annual",2018,"90.47"
"EE00","h_acc_internet_home_annual",2020,"89.98"
"EE00","h_acc_internet_home_annual",2022,"92.41"
"EE00","h_acc_internet_home_annual",2024,"92.89"
"ES11","h_acc_internet_home_annual",2018,"82.56"
"ES11","h_acc_internet_home_annual",2020,"92.4"
"ES11","h_acc_internet_home_annual",2022,"93.35"
"ES11","h_acc_internet_home_annual",2024,"95.12"
"ES12","h_acc_internet_home_annual",2018,"85.86"
"ES12","h_acc_internet_home_annual",2020,"93.37"
"ES12","h_acc_internet_home_annual",2022,"94.26"
"ES12","h_acc_internet_home_annual",2024,"93.85"
"ES13","h_acc_internet_home_annual",2018,"83"
"ES13","h_acc_internet_home_annual",2020,"93.87"
"ES13","h_acc_internet_home_annual",2022,"94.68"
"ES13","h_acc_internet_home_annual",2024,"95.97"
"ES21","h_acc_internet_home_annual",2018,"89.11"
"ES21","h_acc_internet_home_annual",2020,"95.46"
"ES21","h_acc_internet_home_annual",2022,"96.35"
"ES21","h_acc_internet_home_annual",2024,"96.17"
"ES22","h_acc_internet_home_annual",2018,"87.19"
"ES22","h_acc_internet_home_annual",2020,"96.49"
"ES22","h_acc_internet_home_annual",2022,"96.43"
"ES22","h_acc_internet_home_annual",2024,"96.96"
"ES23","h_acc_internet_home_annual",2018,"82.5"
"ES23","h_acc_internet_home_annual",2020,"93.63"
"ES23","h_acc_internet_home_annual",2022,"94.33"
"ES23","h_acc_internet_home_annual",2024,"96.14"
"ES24","h_acc_internet_home_annual",2018,"88.68"
"ES24","h_acc_internet_home_annual",2020,"96.28"
"ES24","h_acc_internet_home_annual",2022,"98.15"
"ES24","h_acc_internet_home_annual",2024,"97.41"
"ES30","h_acc_internet_home_annual",2018,"91.48"
"ES30","h_acc_internet_home_annual",2020,"97.07"
"ES30","h_acc_internet_home_annual",2022,"97.78"
"ES30","h_acc_internet_home_annual",2024,"97.95"
"ES41","h_acc_internet_home_annual",2018,"82.27"
"ES41","h_acc_internet_home_annual",2020,"93.89"
"ES41","h_acc_internet_home_annual",2022,"94.85"
"ES41","h_acc_internet_home_annual",2024,"95.45"
"ES42","h_acc_internet_home_annual",2018,"80.930000000000007"
"ES42","h_acc_internet_home_annual",2020,"93.23"
"ES42","h_acc_internet_home_annual",2022,"95.02"
"ES42","h_acc_internet_home_annual",2024,"96.01"
"ES43","h_acc_internet_home_annual",2018,"78.58"
"ES43","h_acc_internet_home_annual",2020,"94.2"
"ES43","h_acc_internet_home_annual",2022,"94.61"
"ES43","h_acc_internet_home_annual",2024,"94.97"
"ES51","h_acc_internet_home_annual",2018,"87.66"
"ES51","h_acc_internet_home_annual",2020,"96.66"
"ES51","h_acc_internet_home_annual",2022,"97.4"
"ES51","h_acc_internet_home_annual",2024,"97.7"
"ES52","h_acc_internet_home_annual",2018,"86.8"
"ES52","h_acc_internet_home_annual",2020,"95.81"
"ES52","h_acc_internet_home_annual",2022,"96.25"
"ES52","h_acc_internet_home_annual",2024,"97.78"
"ES53","h_acc_internet_home_annual",2018,"90.75"
"ES53","h_acc_internet_home_annual",2020,"95.61"
"ES53","h_acc_internet_home_annual",2022,"97.51"
"ES53","h_acc_internet_home_annual",2024,"97.74"
"ES61","h_acc_internet_home_annual",2018,"83.69"
"ES61","h_acc_internet_home_annual",2020,"94.74"
"ES61","h_acc_internet_home_annual",2022,"94.5"
"ES61","h_acc_internet_home_annual",2024,"96.31"
"ES62","h_acc_internet_home_annual",2018,"87.36"
"ES62","h_acc_internet_home_annual",2020,"94.38"
"ES62","h_acc_internet_home_annual",2022,"96.94"
"ES62","h_acc_internet_home_annual",2024,"97.19"
"ES63","h_acc_internet_home_annual",2018,"91.69"
"ES63","h_acc_internet_home_annual",2020,"96.01"
"ES63","h_acc_internet_home_annual",2022,"97.27"
"ES63","h_acc_internet_home_annual",2024,"98.8"
"ES64","h_acc_internet_home_annual",2018,"88.86"
"ES64","h_acc_internet_home_annual",2020,"98.86"
"ES64","h_acc_internet_home_annual",2022,"100"
"ES64","h_acc_internet_home_annual",2024,"96.73"
"ES70","h_acc_internet_home_annual",2018,"87.35"
"ES70","h_acc_internet_home_annual",2020,"96.18"
"ES70","h_acc_internet_home_annual",2022,"96.94"
"ES70","h_acc_internet_home_annual",2024,"96.83"
"HR03","h_acc_internet_home_annual",2018,"83.76"
"HR03","h_acc_internet_home_annual",2020,"88.28"
"HR03","h_acc_internet_home_annual",2022,"85.32"
"HR03","h_acc_internet_home_annual",2024,"88.79"
"ITC1","h_acc_internet_home_annual",2018,"85.66"
"ITC1","h_acc_internet_home_annual",2020,"88.39"
"ITC1","h_acc_internet_home_annual",2022,"92.09"
"ITC1","h_acc_internet_home_annual",2024,"94.03"
"ITC2","h_acc_internet_home_annual",2018,"82.03"
"ITC2","h_acc_internet_home_annual",2020,"87.49"
"ITC2","h_acc_internet_home_annual",2022,"88.87"
"ITC2","h_acc_internet_home_annual",2024,"92.97"
"ITC3","h_acc_internet_home_annual",2018,"86.24"
"ITC3","h_acc_internet_home_annual",2020,"89.6"
"ITC3","h_acc_internet_home_annual",2022,"93.69"
"ITC3","h_acc_internet_home_annual",2024,"96.37"
"ITC4","h_acc_internet_home_annual",2018,"87.84"
"ITC4","h_acc_internet_home_annual",2020,"90.1"
"ITC4","h_acc_internet_home_annual",2022,"94.26"
"ITC4","h_acc_internet_home_annual",2024,"94.66"
"ITF1","h_acc_internet_home_annual",2018,"82.8"
"ITF1","h_acc_internet_home_annual",2020,"86.67"
"ITF1","h_acc_internet_home_annual",2022,"89.37"
"ITF1","h_acc_internet_home_annual",2024,"92.05"
"ITF2","h_acc_internet_home_annual",2018,"75.239999999999995"
"ITF2","h_acc_internet_home_annual",2020,"81.25"
"ITF2","h_acc_internet_home_annual",2022,"91.13"
"ITF2","h_acc_internet_home_annual",2024,"88.95"
"ITF3","h_acc_internet_home_annual",2018,"78.25"
"ITF3","h_acc_internet_home_annual",2020,"84.94"
"ITF3","h_acc_internet_home_annual",2022,"89.27"
"ITF3","h_acc_internet_home_annual",2024,"90.34"
"ITF4","h_acc_internet_home_annual",2018,"78.44"
"ITF4","h_acc_internet_home_annual",2020,"81.819999999999993"
"ITF4","h_acc_internet_home_annual",2022,"87.84"
"ITF4","h_acc_internet_home_annual",2024,"89.91"
"ITF5","h_acc_internet_home_annual",2018,"78.599999999999994"
"ITF5","h_acc_internet_home_annual",2020,"80.790000000000006"
"ITF5","h_acc_internet_home_annual",2022,"86.43"
"ITF5","h_acc_internet_home_annual",2024,"89.61"
"ITF6","h_acc_internet_home_annual",2018,"74.739999999999995"
"ITF6","h_acc_internet_home_annual",2020,"77.38"
"ITF6","h_acc_internet_home_annual",2022,"83.22"
"ITF6","h_acc_internet_home_annual",2024,"84.74"
"ITG1","h_acc_internet_home_annual",2018,"75.78"
"ITG1","h_acc_internet_home_annual",2020,"79.87"
"ITG1","h_acc_internet_home_annual",2022,"88.55"
"ITG1","h_acc_internet_home_annual",2024,"90.24"
"ITG2","h_acc_internet_home_annual",2018,"86.8"
"ITG2","h_acc_internet_home_annual",2020,"86.45"
"ITG2","h_acc_internet_home_annual",2022,"89.51"
"ITG2","h_acc_internet_home_annual",2024,"93.27"
"ITH1","h_acc_internet_home_annual",2018,"87.4"
"ITH1","h_acc_internet_home_annual",2020,"92.24"
"ITH1","h_acc_internet_home_annual",2022,"92.98"
"ITH1","h_acc_internet_home_annual",2024,"95.89"
"ITH2","h_acc_internet_home_annual",2018,"88.94"
"ITH2","h_acc_internet_home_annual",2020,"93.42"
"ITH2","h_acc_internet_home_annual",2022,"97.16"
"ITH2","h_acc_internet_home_annual",2024,"95.34"
"ITH3","h_acc_internet_home_annual",2018,"86.77"
"ITH3","h_acc_internet_home_annual",2020,"91.45"
"ITH3","h_acc_internet_home_annual",2022,"93.19"
"ITH3","h_acc_internet_home_annual",2024,"95.82"
"ITH4","h_acc_internet_home_annual",2018,"84.76"
"ITH4","h_acc_internet_home_annual",2020,"93.23"
"ITH4","h_acc_internet_home_annual",2022,"92.66"
"ITH4","h_acc_internet_home_annual",2024,"95.66"
"ITH5","h_acc_internet_home_annual",2018,"89.87"
"ITH5","h_acc_internet_home_annual",2020,"92.07"
"ITH5","h_acc_internet_home_annual",2022,"92.37"
"ITH5","h_acc_internet_home_annual",2024,"96.03"
"ITI1","h_acc_internet_home_annual",2018,"87.11"
"ITI1","h_acc_internet_home_annual",2020,"91.8"
"ITI1","h_acc_internet_home_annual",2022,"93.42"
"ITI1","h_acc_internet_home_annual",2024,"95.7"
"ITI2","h_acc_internet_home_annual",2018,"84.55"
"ITI2","h_acc_internet_home_annual",2020,"87.04"
"ITI2","h_acc_internet_home_annual",2022,"91.94"
"ITI2","h_acc_internet_home_annual",2024,"92.88"
"ITI3","h_acc_internet_home_annual",2018,"88.23"
"ITI3","h_acc_internet_home_annual",2020,"90.64"
"ITI3","h_acc_internet_home_annual",2022,"92.83"
"ITI3","h_acc_internet_home_annual",2024,"93.84"
"ITI4","h_acc_internet_home_annual",2018,"86.51"
"ITI4","h_acc_internet_home_annual",2020,"92.09"
"ITI4","h_acc_internet_home_annual",2022,"91.4"
"ITI4","h_acc_internet_home_annual",2024,"94.69"
"CY00","h_acc_internet_home_annual",2018,"86.17"
"CY00","h_acc_internet_home_annual",2020,"92.78"
"CY00","h_acc_internet_home_annual",2022,"94"
"CY00","h_acc_internet_home_annual",2024,"94.92"
"LV00","h_acc_internet_home_annual",2018,"81.58"
"LV00","h_acc_internet_home_annual",2020,"89.73"
"LV00","h_acc_internet_home_annual",2022,"91.39"
"LV00","h_acc_internet_home_annual",2024,"94.33"
"LT01","h_acc_internet_home_annual",2018,"81.75"
"LT01","h_acc_internet_home_annual",2020,"86.59"
"LT01","h_acc_internet_home_annual",2022,"89.49"
"LT01","h_acc_internet_home_annual",2024,"93.53"
"LT02","h_acc_internet_home_annual",2018,"77.06"
"LT02","h_acc_internet_home_annual",2020,"80.34"
"LT02","h_acc_internet_home_annual",2022,"86.96"
"LT02","h_acc_internet_home_annual",2024,"89.01"
"LU00","h_acc_internet_home_annual",2018,"92.99"
"LU00","h_acc_internet_home_annual",2020,"93.57"
"LU00","h_acc_internet_home_annual",2022,"97.64"
"LU00","h_acc_internet_home_annual",2024,"98.84"
"HU11","h_acc_internet_home_annual",2018,"89.75"
"HU11","h_acc_internet_home_annual",2020,"94.21"
"HU11","h_acc_internet_home_annual",2022,"95.62"
"HU11","h_acc_internet_home_annual",2024,"98.45"
"HU12","h_acc_internet_home_annual",2018,"87.96"
"HU12","h_acc_internet_home_annual",2020,"87.21"
"HU12","h_acc_internet_home_annual",2022,"94.52"
"HU12","h_acc_internet_home_annual",2024,"95.86"
"HU21","h_acc_internet_home_annual",2018,"86.59"
"HU21","h_acc_internet_home_annual",2020,"91.27"
"HU21","h_acc_internet_home_annual",2022,"94.68"
"HU21","h_acc_internet_home_annual",2024,"95.2"
"HU22","h_acc_internet_home_annual",2018,"84.52"
"HU22","h_acc_internet_home_annual",2020,"85.84"
"HU22","h_acc_internet_home_annual",2022,"91.99"
"HU22","h_acc_internet_home_annual",2024,"95.87"
"HU23","h_acc_internet_home_annual",2018,"81.34"
"HU23","h_acc_internet_home_annual",2020,"86.68"
"HU23","h_acc_internet_home_annual",2022,"90.3"
"HU23","h_acc_internet_home_annual",2024,"92.55"
"HU31","h_acc_internet_home_annual",2018,"77.97"
"HU31","h_acc_internet_home_annual",2020,"83.76"
"HU31","h_acc_internet_home_annual",2022,"86.91"
"HU31","h_acc_internet_home_annual",2024,"92.46"
"HU32","h_acc_internet_home_annual",2018,"77.099999999999994"
"HU32","h_acc_internet_home_annual",2020,"85.49"
"HU32","h_acc_internet_home_annual",2022,"88.17"
"HU32","h_acc_internet_home_annual",2024,"93.22"
"HU33","h_acc_internet_home_annual",2018,"78.34"
"HU33","h_acc_internet_home_annual",2020,"82.92"
"HU33","h_acc_internet_home_annual",2022,"87.11"
"HU33","h_acc_internet_home_annual",2024,"92.07"
"MT00","h_acc_internet_home_annual",2018,"84.14"
"MT00","h_acc_internet_home_annual",2020,"90.36"
"MT00","h_acc_internet_home_annual",2022,"93.39"
"MT00","h_acc_internet_home_annual",2024,"95.58"
"NL11","h_acc_internet_home_annual",2018,"99.06"
"NL11","h_acc_internet_home_annual",2020,"96.04"
"NL11","h_acc_internet_home_annual",2022,"98.62"
"NL11","h_acc_internet_home_annual",2024,"100"
"NL12","h_acc_internet_home_annual",2018,"95.78"
"NL12","h_acc_internet_home_annual",2020,"96.4"
"NL12","h_acc_internet_home_annual",2022,"96.42"
"NL12","h_acc_internet_home_annual",2024,"98.66"
"NL13","h_acc_internet_home_annual",2018,"96.89"
"NL13","h_acc_internet_home_annual",2020,"97.85"
"NL13","h_acc_internet_home_annual",2022,"100"
"NL13","h_acc_internet_home_annual",2024,"98.56"
"NL21","h_acc_internet_home_annual",2018,"98.33"
"NL21","h_acc_internet_home_annual",2020,"97.48"
"NL21","h_acc_internet_home_annual",2022,"99.16"
"NL21","h_acc_internet_home_annual",2024,"98.84"
"NL22","h_acc_internet_home_annual",2018,"99.08"
"NL22","h_acc_internet_home_annual",2020,"97.22"
"NL22","h_acc_internet_home_annual",2022,"98.18"
"NL22","h_acc_internet_home_annual",2024,"99.15"
"NL23","h_acc_internet_home_annual",2018,"93.01"
"NL23","h_acc_internet_home_annual",2020,"98.74"
"NL23","h_acc_internet_home_annual",2022,"94.89"
"NL23","h_acc_internet_home_annual",2024,"100"
"NL32","h_acc_internet_home_annual",2018,"98.48"
"NL32","h_acc_internet_home_annual",2020,"97.88"
"NL32","h_acc_internet_home_annual",2022,"98.93"
"NL32","h_acc_internet_home_annual",2024,"98.88"
"NL34","h_acc_internet_home_annual",2018,"97.11"
"NL34","h_acc_internet_home_annual",2020,"94.62"
"NL34","h_acc_internet_home_annual",2022,"97.79"
"NL34","h_acc_internet_home_annual",2024,"100"
"NL41","h_acc_internet_home_annual",2018,"98.39"
"NL41","h_acc_internet_home_annual",2020,"96.93"
"NL41","h_acc_internet_home_annual",2022,"98.26"
"NL41","h_acc_internet_home_annual",2024,"99.04"
"NL42","h_acc_internet_home_annual",2018,"96.87"
"NL42","h_acc_internet_home_annual",2020,"96.07"
"NL42","h_acc_internet_home_annual",2022,"97.11"
"NL42","h_acc_internet_home_annual",2024,"98.62"
"AT11","h_acc_internet_home_annual",2018,"89.85"
"AT11","h_acc_internet_home_annual",2020,"87.19"
"AT11","h_acc_internet_home_annual",2022,"90.47"
"AT11","h_acc_internet_home_annual",2024,"93.19"
"AT12","h_acc_internet_home_annual",2018,"85.99"
"AT12","h_acc_internet_home_annual",2020,"91.65"
"AT12","h_acc_internet_home_annual",2022,"91.25"
"AT12","h_acc_internet_home_annual",2024,"93.95"
"AT13","h_acc_internet_home_annual",2018,"90.95"
"AT13","h_acc_internet_home_annual",2020,"92.95"
"AT13","h_acc_internet_home_annual",2022,"96.31"
"AT13","h_acc_internet_home_annual",2024,"95.44"
"AT21","h_acc_internet_home_annual",2018,"85.21"
"AT21","h_acc_internet_home_annual",2020,"87.37"
"AT21","h_acc_internet_home_annual",2022,"91.25"
"AT21","h_acc_internet_home_annual",2024,"95"
"AT22","h_acc_internet_home_annual",2018,"87.99"
"AT22","h_acc_internet_home_annual",2020,"85.97"
"AT22","h_acc_internet_home_annual",2022,"92.64"
"AT22","h_acc_internet_home_annual",2024,"94"
"AT31","h_acc_internet_home_annual",2018,"89.64"
"AT31","h_acc_internet_home_annual",2020,"90.44"
"AT31","h_acc_internet_home_annual",2022,"92.25"
"AT31","h_acc_internet_home_annual",2024,"96.04"
"AT32","h_acc_internet_home_annual",2018,"89.98"
"AT32","h_acc_internet_home_annual",2020,"88.08"
"AT32","h_acc_internet_home_annual",2022,"92.52"
"AT32","h_acc_internet_home_annual",2024,"95.5"
"AT33","h_acc_internet_home_annual",2018,"88.69"
"AT33","h_acc_internet_home_annual",2020,"91.54"
"AT33","h_acc_internet_home_annual",2022,"94.7"
"AT33","h_acc_internet_home_annual",2024,"95.28"
"AT34","h_acc_internet_home_annual",2018,"90.77"
"AT34","h_acc_internet_home_annual",2020,"93.4"
"AT34","h_acc_internet_home_annual",2022,"91.71"
"AT34","h_acc_internet_home_annual",2024,"95.42"
"PT11","h_acc_internet_home_annual",2018,"76.67"
"PT11","h_acc_internet_home_annual",2020,"81.790000000000006"
"PT11","h_acc_internet_home_annual",2022,"85.29"
"PT11","h_acc_internet_home_annual",2024,"88.82"
"PT15","h_acc_internet_home_annual",2018,"76.53"
"PT15","h_acc_internet_home_annual",2020,"85.75"
"PT15","h_acc_internet_home_annual",2022,"89.62"
"PT15","h_acc_internet_home_annual",2024,"90.67"
"PT20","h_acc_internet_home_annual",2018,"86.48"
"PT20","h_acc_internet_home_annual",2020,"87.81"
"PT20","h_acc_internet_home_annual",2022,"93.52"
"PT20","h_acc_internet_home_annual",2024,"93.67"
"PT30","h_acc_internet_home_annual",2018,"82.71"
"PT30","h_acc_internet_home_annual",2020,"87.97"
"PT30","h_acc_internet_home_annual",2022,"90.84"
"PT30","h_acc_internet_home_annual",2024,"92.58"
"RO11","h_acc_internet_home_annual",2018,"87.39"
"RO11","h_acc_internet_home_annual",2020,"89.78"
"RO11","h_acc_internet_home_annual",2022,"91.23"
"RO11","h_acc_internet_home_annual",2024,"95.18"
"RO12","h_acc_internet_home_annual",2018,"77.92"
"RO12","h_acc_internet_home_annual",2020,"85.33"
"RO12","h_acc_internet_home_annual",2022,"90.87"
"RO12","h_acc_internet_home_annual",2024,"95.27"
"RO21","h_acc_internet_home_annual",2018,"74.099999999999994"
"RO21","h_acc_internet_home_annual",2020,"81.819999999999993"
"RO21","h_acc_internet_home_annual",2022,"85.15"
"RO21","h_acc_internet_home_annual",2024,"93.59"
"RO22","h_acc_internet_home_annual",2018,"72.69"
"RO22","h_acc_internet_home_annual",2020,"80.53"
"RO22","h_acc_internet_home_annual",2022,"87.15"
"RO22","h_acc_internet_home_annual",2024,"92.13"
"RO31","h_acc_internet_home_annual",2018,"75.94"
"RO31","h_acc_internet_home_annual",2020,"82.91"
"RO31","h_acc_internet_home_annual",2022,"86.92"
"RO31","h_acc_internet_home_annual",2024,"93.71"
"RO32","h_acc_internet_home_annual",2018,"95.59"
"RO32","h_acc_internet_home_annual",2020,"95.89"
"RO32","h_acc_internet_home_annual",2022,"96.71"
"RO32","h_acc_internet_home_annual",2024,"97.77"
"RO41","h_acc_internet_home_annual",2018,"81.099999999999994"
"RO41","h_acc_internet_home_annual",2020,"84.89"
"RO41","h_acc_internet_home_annual",2022,"87.02"
"RO41","h_acc_internet_home_annual",2024,"92.51"
"RO42","h_acc_internet_home_annual",2018,"85.96"
"RO42","h_acc_internet_home_annual",2020,"91.22"
"RO42","h_acc_internet_home_annual",2022,"91.35"
"RO42","h_acc_internet_home_annual",2024,"96.74"
"SI03","h_acc_internet_home_annual",2018,"84.13"
"SI03","h_acc_internet_home_annual",2020,"89.44"
"SI03","h_acc_internet_home_annual",2022,"90.45"
"SI03","h_acc_internet_home_annual",2024,"93.35"
"SI04","h_acc_internet_home_annual",2018,"89.88"
"SI04","h_acc_internet_home_annual",2020,"90.61"
"SI04","h_acc_internet_home_annual",2022,"95.03"
"SI04","h_acc_internet_home_annual",2024,"95.02"
"SK01","h_acc_internet_home_annual",2018,"88.94"
"SK01","h_acc_internet_home_annual",2020,"90.13"
"SK01","h_acc_internet_home_annual",2022,"95.74"
"SK01","h_acc_internet_home_annual",2024,"94.27"
"SK02","h_acc_internet_home_annual",2018,"81.430000000000007"
"SK02","h_acc_internet_home_annual",2020,"85.03"
"SK02","h_acc_internet_home_annual",2022,"89.48"
"SK02","h_acc_internet_home_annual",2024,"89.62"
"SK03","h_acc_internet_home_annual",2018,"78.260000000000005"
"SK03","h_acc_internet_home_annual",2020,"85.94"
"SK03","h_acc_internet_home_annual",2022,"89.15"
"SK03","h_acc_internet_home_annual",2024,"90.3"
"SK04","h_acc_internet_home_annual",2018,"78.47"
"SK04","h_acc_internet_home_annual",2020,"84.46"
"SK04","h_acc_internet_home_annual",2022,"91.05"
"SK04","h_acc_internet_home_annual",2024,"89.79"
"FI19","h_acc_internet_home_annual",2018,"94.52"
"FI19","h_acc_internet_home_annual",2020,"97.12"
"FI19","h_acc_internet_home_annual",2022,"96.96"
"FI19","h_acc_internet_home_annual",2024,"96.32"
"FI1B","h_acc_internet_home_annual",2018,"96.91"
"FI1B","h_acc_internet_home_annual",2020,"97.86"
"FI1B","h_acc_internet_home_annual",2022,"98.23"
"FI1B","h_acc_internet_home_annual",2024,"97.57"
"FI1C","h_acc_internet_home_annual",2018,"92.01"
"FI1C","h_acc_internet_home_annual",2020,"95.99"
"FI1C","h_acc_internet_home_annual",2022,"98.11"
"FI1C","h_acc_internet_home_annual",2024,"97.15"
"FI1D","h_acc_internet_home_annual",2018,"92.88"
"FI1D","h_acc_internet_home_annual",2020,"92.45"
"FI1D","h_acc_internet_home_annual",2022,"96.91"
"FI1D","h_acc_internet_home_annual",2024,"98.34"
"SE11","h_acc_internet_home_annual",2018,"95.25"
"SE11","h_acc_internet_home_annual",2020,"96.6"
"SE11","h_acc_internet_home_annual",2022,"97.65"
"SE11","h_acc_internet_home_annual",2024,"96.93"
"SE12","h_acc_internet_home_annual",2018,"93.57"
"SE12","h_acc_internet_home_annual",2020,"94.59"
"SE12","h_acc_internet_home_annual",2022,"92.23"
"SE12","h_acc_internet_home_annual",2024,"95.07"
"SE21","h_acc_internet_home_annual",2018,"92.84"
"SE21","h_acc_internet_home_annual",2020,"94.75"
"SE21","h_acc_internet_home_annual",2022,"95.67"
"SE21","h_acc_internet_home_annual",2024,"96.14"
"SE22","h_acc_internet_home_annual",2018,"94.84"
"SE22","h_acc_internet_home_annual",2020,"94.68"
"SE22","h_acc_internet_home_annual",2022,"95.21"
"SE22","h_acc_internet_home_annual",2024,"95.42"
"SE23","h_acc_internet_home_annual",2018,"93.67"
"SE23","h_acc_internet_home_annual",2020,"93.95"
"SE23","h_acc_internet_home_annual",2022,"94.55"
"SE23","h_acc_internet_home_annual",2024,"93.82"
"SE31","h_acc_internet_home_annual",2018,"91.19"
"SE31","h_acc_internet_home_annual",2020,"85.56"
"SE31","h_acc_internet_home_annual",2022,"95.55"
"SE31","h_acc_internet_home_annual",2024,"95.04"
"SE32","h_acc_internet_home_annual",2018,"87.43"
"SE32","h_acc_internet_home_annual",2020,"94.39"
"SE32","h_acc_internet_home_annual",2022,"81.489999999999995"
"SE32","h_acc_internet_home_annual",2024,"98.51"
"SE33","h_acc_internet_home_annual",2018,"90.47"
"SE33","h_acc_internet_home_annual",2020,"89.71"
"SE33","h_acc_internet_home_annual",2022,"89.4"
"SE33","h_acc_internet_home_annual",2024,"93.65"
"NO02","h_acc_internet_home_annual",2018,"99.38"
"NO02","h_acc_internet_home_annual",2020,"81.63"
"NO02","h_acc_internet_home_annual",2022,"100"
"NO02","h_acc_internet_home_annual",2024,"99.48"
"NO06","h_acc_internet_home_annual",2018,"94.26"
"NO06","h_acc_internet_home_annual",2020,"100"
"NO06","h_acc_internet_home_annual",2022,"96.9"
"NO06","h_acc_internet_home_annual",2024,"97.38"
"NO07","h_acc_internet_home_annual",2018,"90.9"
"NO07","h_acc_internet_home_annual",2020,"100"
"NO07","h_acc_internet_home_annual",2022,"98.57"
"NO07","h_acc_internet_home_annual",2024,"99.16"
