cod_tara,an,fit,lower_95,upper_95,venit_progozat,venit_lower,venit_upper,d_cheltuieli_cd,d_rata_ocupare
AT,2024,NA,NA,NA,35823.61,35823.61,35823.61,NA,NA
AT,2025,0.0232,-0.0318,0.0782,36664.4336,34702.3419,38737.4632,0.0567,0.2583
AT,2026,0.0232,-0.0318,0.0782,37524.9923,33616.1691,41888.326,0.0567,0.2583
AT,2027,0.0232,-0.0318,0.0782,38405.7494,32563.9931,45295.4766,0.0567,0.2583
AT,2028,0.0232,-0.0318,0.0782,39307.179,31544.75,48979.7611,0.0567,0.2583
AT,2029,0.0232,-0.0318,0.0782,40229.7662,30557.4089,52963.7212,0.0567,0.2583
BE,2024,NA,NA,NA,33481.07,33481.07,33481.07,NA,NA
BE,2025,0.0258,-0.0244,0.076,34356.1212,32674.018,36124.8215,0.0592,0.2417
BE,2026,0.0258,-0.0244,0.076,35254.0425,31886.4197,38977.3304,0.0592,0.2417
BE,2027,0.0258,-0.0244,0.076,36175.4316,31117.8063,42055.0807,0.0592,0.2417
BE,2028,0.0258,-0.0244,0.076,37120.9019,30367.7201,45375.8581,0.0592,0.2417
BE,2029,0.0258,-0.0244,0.076,38091.0827,29635.7145,48958.8527,0.0592,0.2417
CZ,2024,NA,NA,NA,18139.73,18139.73,18139.73,NA,NA
CZ,2025,0.0685,-0.0597,0.1967,19425.8482,17088.4801,22082.9222,0.0300,0.4375
CZ,2026,0.0685,-0.0597,0.1967,20803.153,16098.1532,26883.2808,0.0300,0.4375
CZ,2027,0.0685,-0.0597,0.1967,22278.1095,15165.2187,32727.1353,0.0300,0.4375
CZ,2028,0.0685,-0.0597,0.1967,23857.6414,14286.3503,39841.3198,0.0300,0.4375
CZ,2029,0.0685,-0.0597,0.1967,25549.1631,13458.415,48501.977,0.0300,0.4375
DE,2024,NA,NA,NA,30145.27,30145.27,30145.27,NA,NA
DE,2025,0.0181,-0.105,0.1411,30695.8673,27140.5258,34713.4781,0.0308,0.5083
DE,2026,0.0181,-0.105,0.1411,31256.5211,24435.281,39973.9515,0.0308,0.5083
DE,2027,0.0181,-0.105,0.1411,31827.4151,21999.6827,46031.5959,0.0308,0.5083
DE,2028,0.0181,-0.105,0.1411,32408.7364,19806.8538,53007.2146,0.0308,0.5083
DE,2029,0.0181,-0.105,0.1411,33000.6754,17832.5962,61039.9171,0.0308,0.5083
DK,2024,NA,NA,NA,40184.44,40184.44,40184.44,NA,NA
DK,2025,0.0249,-0.0195,0.0692,41197.594,39408.4341,43063.6759,0.0342,0.0333
DK,2026,0.0249,-0.0195,0.0692,42236.2922,38647.4137,46149.2106,0.0342,0.0333
DK,2027,0.0249,-0.0195,0.0692,43301.1787,37901.0894,49455.8255,0.0342,0.0333
DK,2028,0.0249,-0.0195,0.0692,44392.9137,37169.1775,52999.361,0.0342,0.0333
DK,2029,0.0249,-0.0195,0.0692,45512.1742,36451.3996,56796.7926,0.0342,0.0333
EE,2024,NA,NA,NA,19702.96,19702.96,19702.96,NA,NA
EE,2025,0.0775,-0.0087,0.1636,21290.6685,19532.2877,23205.0257,0.0579,0.6167
EE,2026,0.0775,-0.0087,0.1636,23006.3181,19363.0939,27329.5594,0.0579,0.6167
EE,2027,0.0775,-0.0087,0.1636,24860.2186,19195.3657,32187.2007,0.0579,0.6167
EE,2028,0.0775,-0.0087,0.1636,26863.5105,19029.0903,37908.2542,0.0579,0.6167
EE,2029,0.0775,-0.0087,0.1636,29028.2321,18864.2553,44646.1858,0.0579,0.6167
ES,2024,NA,NA,NA,24541.18,24541.18,24541.18,NA,NA
ES,2025,0.0237,-0.0253,0.0728,25129.753,23928.0766,26394.4173,0.0258,0.4167
ES,2026,0.0237,-0.0253,0.0728,25732.4418,23330.2902,28387.6026,0.0258,0.4167
ES,2027,0.0237,-0.0253,0.0728,26349.5849,22747.438,30531.3042,0.0258,0.4167
ES,2028,0.0237,-0.0253,0.0728,26981.5291,22179.147,32836.8882,0.0258,0.4167
ES,2029,0.0237,-0.0253,0.0728,27628.6291,21625.0534,35316.5793,0.0258,0.4167
FI,2024,NA,NA,NA,32957.13,32957.13,32957.13,NA,NA
FI,2025,0.0265,-0.0384,0.0915,33842.1689,31715.5668,36114.976,-0.0008,0.1875
FI,2026,0.0265,-0.0384,0.0915,34750.9749,30520.7758,39575.3966,-0.0008,0.1875
FI,2027,0.0265,-0.0384,0.0915,35684.1862,29370.9951,43367.3835,-0.0008,0.1875
FI,2028,0.0265,-0.0384,0.0915,36642.4581,28264.529,47522.7064,-0.0008,0.1875
FI,2029,0.0265,-0.0384,0.0915,37626.4638,27199.7458,52076.1789,-0.0008,0.1875
FR,2024,NA,NA,NA,30124.11,30124.11,30124.11,NA,NA
FR,2025,0.0194,-0.0271,0.0658,30714.2233,29318.7091,32172.9439,0.0033,0.3042
FR,2026,0.0194,-0.0271,0.0658,31315.8966,28534.8415,34361.1253,0.0033,0.3042
FR,2027,0.0194,-0.0271,0.0658,31929.3563,27771.9314,36698.1318,0.0033,0.3042
FR,2028,0.0194,-0.0271,0.0658,32554.8334,27029.4185,39194.0852,0.0033,0.3042
FR,2029,0.0194,-0.0271,0.0658,33192.5631,26306.7576,41859.7962,0.0033,0.3042
HU,2024,NA,NA,NA,12001.77,12001.77,12001.77,NA,NA
HU,2025,0.0624,-0.0837,0.2085,12774.5401,11038.1134,14784.1275,0.0217,0.8000
HU,2026,0.0624,-0.0837,0.2085,13597.0674,10151.8316,18211.516,0.0217,0.8000
HU,2027,0.0624,-0.0837,0.2085,14472.5556,9336.7118,22433.4722,0.0217,0.8000
HU,2028,0.0624,-0.0837,0.2085,15404.4147,8587.0404,27634.2001,0.0217,0.8000
HU,2029,0.0624,-0.0837,0.2085,16396.2744,7897.5623,34040.6071,0.0217,0.8000
IE,2024,NA,NA,NA,42366.19,42366.19,42366.19,NA,NA
IE,2025,0.0293,-0.053,0.1116,43625.8838,40179.2478,47368.1773,0.0125,0.4167
IE,2026,0.0293,-0.053,0.1116,44923.0326,38105.1955,52960.727,0.0125,0.4167
IE,2027,0.0293,-0.053,0.1116,46258.7501,36138.2058,59213.5641,0.0125,0.4167
IE,2028,0.0293,-0.053,0.1116,47634.1832,34272.7521,66204.6458,0.0125,0.4167
IE,2029,0.0293,-0.053,0.1116,49050.5127,32503.593,74021.1334,0.0125,0.4167
IT,2024,NA,NA,NA,23959.46,23959.46,23959.46,NA,NA
IT,2025,0.0187,-0.0138,0.0512,24411.7173,23631.0904,25218.1314,0.0158,0.3667
IT,2026,0.0187,-0.0138,0.0512,24872.5114,23307.2212,26542.925,0.0158,0.3667
IT,2027,0.0187,-0.0138,0.0512,25342.0035,22987.7907,27937.3146,0.0158,0.3667
IT,2028,0.0187,-0.0138,0.0512,25820.3576,22672.738,29404.9561,0.0158,0.3667
IT,2029,0.0187,-0.0138,0.0512,26307.7411,22362.0033,30949.6978,0.0158,0.3667
LT,2024,NA,NA,NA,17425.03,17425.03,17425.03,NA,NA
LT,2025,0.0849,-0.0468,0.2167,18969.0306,16628.3269,21641.3899,0.0192,0.5833
LT,2026,0.0849,-0.0468,0.2167,20649.8422,15868.0504,26877.9884,0.0192,0.5833
LT,2027,0.0849,-0.0468,0.2167,22479.5876,15142.5351,33381.6944,0.0192,0.5833
LT,2028,0.0849,-0.0468,0.2167,24471.4634,14450.1917,41459.1116,0.0192,0.5833
LT,2029,0.0849,-0.0468,0.2167,26639.8357,13789.5034,51491.0331,0.0192,0.5833
LV,2024,NA,NA,NA,15450.48,15450.48,15450.48,NA,NA
LV,2025,0.0927,-0.0516,0.237,16951.2245,14673.4549,19582.5736,0.0196,0.5750
LV,2026,0.0927,-0.0516,0.237,18597.7401,13935.5074,24819.759,0.0196,0.5750
LV,2027,0.0927,-0.0516,0.237,20404.1859,13234.6722,31457.5831,0.0196,0.5750
LV,2028,0.0927,-0.0516,0.237,22386.0964,12569.083,39870.6343,0.0196,0.5750
LV,2029,0.0927,-0.0516,0.237,24560.515,11936.9672,50533.6813,0.0196,0.5750
NL,2024,NA,NA,NA,34223.41,34223.41,34223.41,NA,NA
NL,2025,0.02,-0.1235,0.1636,34914.7687,30247.3904,40306.3858,0.0208,0.3917
NL,2026,0.02,-0.1235,0.1636,35620.0939,26733.2982,47470.5687,0.0208,0.3917
NL,2027,0.02,-0.1235,0.1636,36339.6675,23627.4675,55908.1359,0.0208,0.3917
NL,2028,0.02,-0.1235,0.1636,37073.7775,20882.4671,65845.4226,0.0208,0.3917
NL,2029,0.02,-0.1235,0.1636,37822.7174,18456.3764,77548.9937,0.0208,0.3917
PL,2024,NA,NA,NA,15043.66,15043.66,15043.66,NA,NA
PL,2025,0.0536,-0.1187,0.226,15872.0014,13359.8861,18858.3661,0.0321,0.7250
PL,2026,0.0536,-0.1187,0.226,16745.9534,11864.5699,23640.3888,0.0321,0.7250
PL,2027,0.0536,-0.1187,0.226,17668.0273,10536.6182,29635.0161,0.0321,0.7250
PL,2028,0.0536,-0.1187,0.226,18640.8729,9357.2986,37149.7351,0.0321,0.7250
PL,2029,0.0536,-0.1187,0.226,19667.2859,8309.9753,46570.0039,0.0321,0.7250
PT,2024,NA,NA,NA,18834.92,18834.92,18834.92,NA,NA
PT,2025,0.0323,-0.0653,0.1298,19453.2197,17644.2966,21445.452,0.0421,0.1917
PT,2026,0.0323,-0.0653,0.1298,20091.8165,16528.9369,24417.8054,0.0421,0.1917
PT,2027,0.0323,-0.0653,0.1298,20751.3767,15484.083,27802.1288,0.0421,0.1917
PT,2028,0.0323,-0.0653,0.1298,21432.5886,14505.2782,31655.5217,0.0421,0.1917
PT,2029,0.0323,-0.0653,0.1298,22136.1627,13588.3471,36042.9972,0.0421,0.1917
SI,2024,NA,NA,NA,21319.53,21319.53,21319.53,NA,NA
SI,2025,0.0547,-0.0475,0.157,22518.1929,20330.5271,24943.7566,0.0329,0.4333
SI,2026,0.0547,-0.0475,0.157,23784.249,19387.4036,29184.0858,0.0329,0.4333
SI,2027,0.0547,-0.0475,0.157,25121.4875,18488.0311,34145.2524,0.0329,0.4333
SI,2028,0.0547,-0.0475,0.157,26533.9104,17630.3801,39949.7955,0.0329,0.4333
SI,2029,0.0547,-0.0475,0.157,28025.7451,16812.5151,46741.0855,0.0329,0.4333
SK,2024,NA,NA,NA,14980.51,14980.51,14980.51,NA,NA
SK,2025,0.053,-0.0122,0.1182,15795.8938,14798.8581,16860.1023,0.0142,0.6708
SK,2026,0.053,-0.0122,0.1182,16655.6587,14619.4089,18975.5256,0.0142,0.6708
SK,2027,0.053,-0.0122,0.1182,17562.2203,14442.1357,21356.3693,0.0142,0.6708
SK,2028,0.053,-0.0122,0.1182,18518.1258,14267.0121,24035.9355,0.0142,0.6708
SK,2029,0.053,-0.0122,0.1182,19526.0608,14094.012,27051.7047,0.0142,0.6708
