STRUCTURE,STRUCTURE_ID,freq,age,sex,isco08,isced11,unit,geo,TIME_PERIOD,OBS_VALUE,OBS_FLAG,CONF_STATUS
dataflow,ESTAT:LFSA_EGISED(1.0),A,Y20-64,T,TOTAL,ED5-8,THS_PER,AT,1995,316.1,,
dataflow,ESTAT:LFSA_EGISED(1.0),A,Y20-64,T,TOTAL,ED5-8,THS_PER,AT,1996,315.8,,
dataflow,ESTAT:LFSA_EGISED(1.0),A,Y20-64,T,TOTAL,ED5-8,THS_PER,AT,1997,323.5,,
dataflow,ESTAT:LFSA_EGISED(1.0),A,Y20-64,T,TOTAL,ED5-8,THS_PER,AT,1998,328.9,b,
dataflow,ESTAT:LFSA_EGISED(1.0),A,Y20-64,T,TOTAL,ED5-8,THS_PER,AT,1999,557.2,,
dataflow,ESTAT:LFSA_EGISED(1.0),A,Y20-64,T,TOTAL,ED5-8,THS_PER,AT,2000,567.0,,
dataflow,ESTAT:LFSA_EGISED(1.0),A,Y20-64,T,TOTAL,ED5-8,THS_PER,AT,2001,582.7,,
dataflow,ESTAT:LFSA_EGISED(1.0),A,Y20-64,T,TOTAL,ED5-8,THS_PER,AT,2002,661.7,,
dataflow,ESTAT:LFSA_EGISED(1.0),A,Y20-64,T,TOTAL,ED5-8,THS_PER,AT,2003,653.8,,
dataflow,ESTAT:LFSA_EGISED(1.0),A,Y20-64,T,TOTAL,ED5-8,THS_PER,AT,2004,698.5,b,
dataflow,ESTAT:LFSA_EGISED(1.0),A,Y20-64,T,TOTAL,ED5-8,THS_PER,AT,2005,691.1,b,
dataflow,ESTAT:LFSA_EGISED(1.0),A,Y20-64,T,TOTAL,ED5-8,THS_PER,AT,2006,687.7,b,
dataflow,ESTAT:LFSA_EGISED(1.0),A,Y20-64,T,TOTAL,ED5-8,THS_PER,AT,2007,689.3,b,
dataflow,ESTAT:LFSA_EGISED(1.0),A,Y20-64,T,TOTAL,ED5-8,THS_PER,AT,2008,711.1,,
dataflow,ESTAT:LFSA_EGISED(1.0),A,Y20-64,T,TOTAL,ED5-8,THS_PER,AT,2009,755.6,,
dataflow,ESTAT:LFSA_EGISED(1.0),A,Y20-64,T,TOTAL,ED5-8,THS_PER,AT,2010,765.4,,
dataflow,ESTAT:LFSA_EGISED(1.0),A,Y20-64,T,TOTAL,ED5-8,THS_PER,AT,2011,779.6,,
dataflow,ESTAT:LFSA_EGISED(1.0),A,Y20-64,T,TOTAL,ED5-8,THS_PER,AT,2012,818.1,,
dataflow,ESTAT:LFSA_EGISED(1.0),A,Y20-64,T,TOTAL,ED5-8,THS_PER,AT,2013,850.0,,
dataflow,ESTAT:LFSA_EGISED(1.0),A,Y20-64,T,TOTAL,ED5-8,THS_PER,AT,2014,1292.6,b,
dataflow,ESTAT:LFSA_EGISED(1.0),A,Y20-64,T,TOTAL,ED5-8,THS_PER,AT,2015,1337.4,,
dataflow,ESTAT:LFSA_EGISED(1.0),A,Y20-64,T,TOTAL,ED5-8,THS_PER,AT,2016,1404.2,,
dataflow,ESTAT:LFSA_EGISED(1.0),A,Y20-64,T,TOTAL,ED5-8,THS_PER,AT,2017,1455.7,,
dataflow,ESTAT:LFSA_EGISED(1.0),A,Y20-64,T,TOTAL,ED5-8,THS_PER,AT,2018,1473.3,,
dataflow,ESTAT:LFSA_EGISED(1.0),A,Y20-64,T,TOTAL,ED5-8,THS_PER,AT,2019,1528.1,,
dataflow,ESTAT:LFSA_EGISED(1.0),A,Y20-64,T,TOTAL,ED5-8,THS_PER,AT,2020,1540.5,,
dataflow,ESTAT:LFSA_EGISED(1.0),A,Y20-64,T,TOTAL,ED5-8,THS_PER,AT,2021,1569.9,b,
dataflow,ESTAT:LFSA_EGISED(1.0),A,Y20-64,T,TOTAL,ED5-8,THS_PER,AT,2022,1637.6,,
dataflow,ESTAT:LFSA_EGISED(1.0),A,Y20-64,T,TOTAL,ED5-8,THS_PER,AT,2023,1700.3,,
dataflow,ESTAT:LFSA_EGISED(1.0),A,Y20-64,T,TOTAL,ED5-8,THS_PER,AT,2024,1729.7,,
dataflow,ESTAT:LFSA_EGISED(1.0),A,Y20-64,T,TOTAL,ED5-8,THS_PER,AT,2025,1737.2,,
dataflow,ESTAT:LFSA_EGISED(1.0),A,Y20-64,T,TOTAL,ED5-8,THS_PER,BA,2021,246.3,b,
dataflow,ESTAT:LFSA_EGISED(1.0),A,Y20-64,T,TOTAL,ED5-8,THS_PER,BA,2022,251.8,,
dataflow,ESTAT:LFSA_EGISED(1.0),A,Y20-64,T,TOTAL,ED5-8,THS_PER,BA,2023,265.4,,
dataflow,ESTAT:LFSA_EGISED(1.0),A,Y20-64,T,TOTAL,ED5-8,THS_PER,BA,2024,282.6,,
dataflow,ESTAT:LFSA_EGISED(1.0),A,Y20-64,T,TOTAL,ED5-8,THS_PER,BA,2025,292.1,,
dataflow,ESTAT:LFSA_EGISED(1.0),A,Y20-64,T,TOTAL,ED5-8,THS_PER,BE,1992,1018.4,b,
dataflow,ESTAT:LFSA_EGISED(1.0),A,Y20-64,T,TOTAL,ED5-8,THS_PER,BE,1993,1073.9,,
dataflow,ESTAT:LFSA_EGISED(1.0),A,Y20-64,T,TOTAL,ED5-8,THS_PER,BE,1994,1106.1,,
dataflow,ESTAT:LFSA_EGISED(1.0),A,Y20-64,T,TOTAL,ED5-8,THS_PER,BE,1995,1127.5,,
dataflow,ESTAT:LFSA_EGISED(1.0),A,Y20-64,T,TOTAL,ED5-8,THS_PER,BE,1996,1187.7,,
dataflow,ESTAT:LFSA_EGISED(1.0),A,Y20-64,T,TOTAL,ED5-8,THS_PER,BE,1997,1240.2,,
dataflow,ESTAT:LFSA_EGISED(1.0),A,Y20-64,T,TOTAL,ED5-8,THS_PER,BE,1998,1240.5,b,
dataflow,ESTAT:LFSA_EGISED(1.0),A,Y20-64,T,TOTAL,ED5-8,THS_PER,BE,1999,1307.8,b,
dataflow,ESTAT:LFSA_EGISED(1.0),A,Y20-64,T,TOTAL,ED5-8,THS_PER,BE,2000,1364.5,,
dataflow,ESTAT:LFSA_EGISED(1.0),A,Y20-64,T,TOTAL,ED5-8,THS_PER,BE,2001,1366.2,b,
dataflow,ESTAT:LFSA_EGISED(1.0),A,Y20-64,T,TOTAL,ED5-8,THS_PER,BE,2002,1382.1,,
dataflow,ESTAT:LFSA_EGISED(1.0),A,Y20-64,T,TOTAL,ED5-8,THS_PER,BE,2003,1375.1,,
dataflow,ESTAT:LFSA_EGISED(1.0),A,Y20-64,T,TOTAL,ED5-8,THS_PER,BE,2004,1488.5,,
dataflow,ESTAT:LFSA_EGISED(1.0),A,Y20-64,T,TOTAL,ED5-8,THS_PER,BE,2005,1546.9,b,
dataflow,ESTAT:LFSA_EGISED(1.0),A,Y20-64,T,TOTAL,ED5-8,THS_PER,BE,2006,1592.7,,
dataflow,ESTAT:LFSA_EGISED(1.0),A,Y20-64,T,TOTAL,ED5-8,THS_PER,BE,2007,1648.3,,
dataflow,ESTAT:LFSA_EGISED(1.0),A,Y20-64,T,TOTAL,ED5-8,THS_PER,BE,2008,1669.7,b,
dataflow,ESTAT:LFSA_EGISED(1.0),A,Y20-64,T,TOTAL,ED5-8,THS_PER,BE,2009,1718.4,,
dataflow,ESTAT:LFSA_EGISED(1.0),A,Y20-64,T,TOTAL,ED5-8,THS_PER,BE,2010,1805.1,,
dataflow,ESTAT:LFSA_EGISED(1.0),A,Y20-64,T,TOTAL,ED5-8,THS_PER,BE,2011,1800.6,b,
dataflow,ESTAT:LFSA_EGISED(1.0),A,Y20-64,T,TOTAL,ED5-8,THS_PER,BE,2012,1849.7,,
dataflow,ESTAT:LFSA_EGISED(1.0),A,Y20-64,T,TOTAL,ED5-8,THS_PER,BE,2013,1852.8,,
dataflow,ESTAT:LFSA_EGISED(1.0),A,Y20-64,T,TOTAL,ED5-8,THS_PER,BE,2014,1943.4,b,
dataflow,ESTAT:LFSA_EGISED(1.0),A,Y20-64,T,TOTAL,ED5-8,THS_PER,BE,2015,1945.4,,
dataflow,ESTAT:LFSA_EGISED(1.0),A,Y20-64,T,TOTAL,ED5-8,THS_PER,BE,2016,1988.6,,
dataflow,ESTAT:LFSA_EGISED(1.0),A,Y20-64,T,TOTAL,ED5-8,THS_PER,BE,2017,2127.6,b,
dataflow,ESTAT:LFSA_EGISED(1.0),A,Y20-64,T,TOTAL,ED5-8,THS_PER,BE,2018,2186.5,,
dataflow,ESTAT:LFSA_EGISED(1.0),A,Y20-64,T,TOTAL,ED5-8,THS_PER,BE,2019,2205.9,,
dataflow,ESTAT:LFSA_EGISED(1.0),A,Y20-64,T,TOTAL,ED5-8,THS_PER,BE,2020,2298.4,,
dataflow,ESTAT:LFSA_EGISED(1.0),A,Y20-64,T,TOTAL,ED5-8,THS_PER,BE,2021,2448.6,b,
dataflow,ESTAT:LFSA_EGISED(1.0),A,Y20-64,T,TOTAL,ED5-8,THS_PER,BE,2022,2528.0,,
dataflow,ESTAT:LFSA_EGISED(1.0),A,Y20-64,T,TOTAL,ED5-8,THS_PER,BE,2023,2494.4,,
dataflow,ESTAT:LFSA_EGISED(1.0),A,Y20-64,T,TOTAL,ED5-8,THS_PER,BE,2024,2491.9,,
dataflow,ESTAT:LFSA_EGISED(1.0),A,Y20-64,T,TOTAL,ED5-8,THS_PER,BE,2025,2620.3,,
dataflow,ESTAT:LFSA_EGISED(1.0),A,Y20-64,T,TOTAL,ED5-8,THS_PER,BG,2000,646.8,,
dataflow,ESTAT:LFSA_EGISED(1.0),A,Y20-64,T,TOTAL,ED5-8,THS_PER,BG,2001,720.4,b,
dataflow,ESTAT:LFSA_EGISED(1.0),A,Y20-64,T,TOTAL,ED5-8,THS_PER,BG,2002,712.3,,
dataflow,ESTAT:LFSA_EGISED(1.0),A,Y20-64,T,TOTAL,ED5-8,THS_PER,BG,2003,718.1,b,
dataflow,ESTAT:LFSA_EGISED(1.0),A,Y20-64,T,TOTAL,ED5-8,THS_PER,BG,2004,745.0,,
dataflow,ESTAT:LFSA_EGISED(1.0),A,Y20-64,T,TOTAL,ED5-8,THS_PER,BG,2005,756.0,b,
dataflow,ESTAT:LFSA_EGISED(1.0),A,Y20-64,T,TOTAL,ED5-8,THS_PER,BG,2006,781.3,b,
dataflow,ESTAT:LFSA_EGISED(1.0),A,Y20-64,T,TOTAL,ED5-8,THS_PER,BG,2007,814.9,,
dataflow,ESTAT:LFSA_EGISED(1.0),A,Y20-64,T,TOTAL,ED5-8,THS_PER,BG,2008,840.8,b,
dataflow,ESTAT:LFSA_EGISED(1.0),A,Y20-64,T,TOTAL,ED5-8,THS_PER,BG,2009,841.4,,
dataflow,ESTAT:LFSA_EGISED(1.0),A,Y20-64,T,TOTAL,ED5-8,THS_PER,BG,2010,829.6,b,
dataflow,ESTAT:LFSA_EGISED(1.0),A,Y20-64,T,TOTAL,ED5-8,THS_PER,BG,2011,817.2,b,
dataflow,ESTAT:LFSA_EGISED(1.0),A,Y20-64,T,TOTAL,ED5-8,THS_PER,BG,2012,825.2,,
dataflow,ESTAT:LFSA_EGISED(1.0),A,Y20-64,T,TOTAL,ED5-8,THS_PER,BG,2013,870.0,,
dataflow,ESTAT:LFSA_EGISED(1.0),A,Y20-64,T,TOTAL,ED5-8,THS_PER,BG,2014,925.4,b,
dataflow,ESTAT:LFSA_EGISED(1.0),A,Y20-64,T,TOTAL,ED5-8,THS_PER,BG,2015,956.8,,
dataflow,ESTAT:LFSA_EGISED(1.0),A,Y20-64,T,TOTAL,ED5-8,THS_PER,BG,2016,956.3,,
dataflow,ESTAT:LFSA_EGISED(1.0),A,Y20-64,T,TOTAL,ED5-8,THS_PER,BG,2017,964.0,,
dataflow,ESTAT:LFSA_EGISED(1.0),A,Y20-64,T,TOTAL,ED5-8,THS_PER,BG,2018,968.8,,
dataflow,ESTAT:LFSA_EGISED(1.0),A,Y20-64,T,TOTAL,ED5-8,THS_PER,BG,2019,912.0,b,
dataflow,ESTAT:LFSA_EGISED(1.0),A,Y20-64,T,TOTAL,ED5-8,THS_PER,BG,2020,929.6,,
dataflow,ESTAT:LFSA_EGISED(1.0),A,Y20-64,T,TOTAL,ED5-8,THS_PER,BG,2021,942.3,b,
dataflow,ESTAT:LFSA_EGISED(1.0),A,Y20-64,T,TOTAL,ED5-8,THS_PER,BG,2022,948.8,,
dataflow,ESTAT:LFSA_EGISED(1.0),A,Y20-64,T,TOTAL,ED5-8,THS_PER,BG,2023,960.1,,
dataflow,ESTAT:LFSA_EGISED(1.0),A,Y20-64,T,TOTAL,ED5-8,THS_PER,BG,2024,1058.2,b,
dataflow,ESTAT:LFSA_EGISED(1.0),A,Y20-64,T,TOTAL,ED5-8,THS_PER,BG,2025,1119.5,,
dataflow,ESTAT:LFSA_EGISED(1.0),A,Y20-64,T,TOTAL,ED5-8,THS_PER,CH,1996,792.7,,
dataflow,ESTAT:LFSA_EGISED(1.0),A,Y20-64,T,TOTAL,ED5-8,THS_PER,CH,1997,786.9,,
dataflow,ESTAT:LFSA_EGISED(1.0),A,Y20-64,T,TOTAL,ED5-8,THS_PER,CH,1998,828.6,b,
dataflow,ESTAT:LFSA_EGISED(1.0),A,Y20-64,T,TOTAL,ED5-8,THS_PER,CH,1999,866.9,,
dataflow,ESTAT:LFSA_EGISED(1.0),A,Y20-64,T,TOTAL,ED5-8,THS_PER,CH,2000,889.5,,
dataflow,ESTAT:LFSA_EGISED(1.0),A,Y20-64,T,TOTAL,ED5-8,THS_PER,CH,2001,939.7,,
dataflow,ESTAT:LFSA_EGISED(1.0),A,Y20-64,T,TOTAL,ED5-8,THS_PER,CH,2002,946.1,,
dataflow,ESTAT:LFSA_EGISED(1.0),A,Y20-64,T,TOTAL,ED5-8,THS_PER,CH,2003,1001.5,,
dataflow,ESTAT:LFSA_EGISED(1.0),A,Y20-64,T,TOTAL,ED5-8,THS_PER,CH,2004,1060.7,,
dataflow,ESTAT:LFSA_EGISED(1.0),A,Y20-64,T,TOTAL,ED5-8,THS_PER,CH,2005,1093.7,b,
dataflow,ESTAT:LFSA_EGISED(1.0),A,Y20-64,T,TOTAL,ED5-8,THS_PER,CH,2006,1147.7,,
dataflow,ESTAT:LFSA_EGISED(1.0),A,Y20-64,T,TOTAL,ED5-8,THS_PER,CH,2007,1213.3,,
dataflow,ESTAT:LFSA_EGISED(1.0),A,Y20-64,T,TOTAL,ED5-8,THS_PER,CH,2008,1324.1,,
dataflow,ESTAT:LFSA_EGISED(1.0),A,Y20-64,T,TOTAL,ED5-8,THS_PER,CH,2009,1379.9,,
dataflow,ESTAT:LFSA_EGISED(1.0),A,Y20-64,T,TOTAL,ED5-8,THS_PER,CH,2010,1317.3,b,
dataflow,ESTAT:LFSA_EGISED(1.0),A,Y20-64,T,TOTAL,ED5-8,THS_PER,CH,2011,1340.8,,
dataflow,ESTAT:LFSA_EGISED(1.0),A,Y20-64,T,TOTAL,ED5-8,THS_PER,CH,2012,1418.9,,
dataflow,ESTAT:LFSA_EGISED(1.0),A,Y20-64,T,TOTAL,ED5-8,THS_PER,CH,2013,1515.3,,
dataflow,ESTAT:LFSA_EGISED(1.0),A,Y20-64,T,TOTAL,ED5-8,THS_PER,CH,2014,1573.6,b,
dataflow,ESTAT:LFSA_EGISED(1.0),A,Y20-64,T,TOTAL,ED5-8,THS_PER,CH,2015,1648.3,,
dataflow,ESTAT:LFSA_EGISED(1.0),A,Y20-64,T,TOTAL,ED5-8,THS_PER,CH,2016,1731.9,,
dataflow,ESTAT:LFSA_EGISED(1.0),A,Y20-64,T,TOTAL,ED5-8,THS_PER,CH,2017,1798.3,,
dataflow,ESTAT:LFSA_EGISED(1.0),A,Y20-64,T,TOTAL,ED5-8,THS_PER,CH,2018,1863.1,,
dataflow,ESTAT:LFSA_EGISED(1.0),A,Y20-64,T,TOTAL,ED5-8,THS_PER,CH,2019,1923.6,,
dataflow,ESTAT:LFSA_EGISED(1.0),A,Y20-64,T,TOTAL,ED5-8,THS_PER,CH,2020,1956.7,,
dataflow,ESTAT:LFSA_EGISED(1.0),A,Y20-64,T,TOTAL,ED5-8,THS_PER,CH,2021,1959.0,b,
dataflow,ESTAT:LFSA_EGISED(1.0),A,Y20-64,T,TOTAL,ED5-8,THS_PER,CH,2022,1960.3,,
dataflow,ESTAT:LFSA_EGISED(1.0),A,Y20-64,T,TOTAL,ED5-8,THS_PER,CH,2023,2042.2,,
dataflow,ESTAT:LFSA_EGISED(1.0),A,Y20-64,T,TOTAL,ED5-8,THS_PER,CH,2024,2064.2,,
dataflow,ESTAT:LFSA_EGISED(1.0),A,Y20-64,T,TOTAL,ED5-8,THS_PER,CH,2025,2056.9,,
dataflow,ESTAT:LFSA_EGISED(1.0),A,Y20-64,T,TOTAL,ED5-8,THS_PER,CY,1999,73.5,,
dataflow,ESTAT:LFSA_EGISED(1.0),A,Y20-64,T,TOTAL,ED5-8,THS_PER,CY,2000,82.6,,
dataflow,ESTAT:LFSA_EGISED(1.0),A,Y20-64,T,TOTAL,ED5-8,THS_PER,CY,2001,92.5,,
dataflow,ESTAT:LFSA_EGISED(1.0),A,Y20-64,T,TOTAL,ED5-8,THS_PER,CY,2002,100.3,,
dataflow,ESTAT:LFSA_EGISED(1.0),A,Y20-64,T,TOTAL,ED5-8,THS_PER,CY,2003,105.0,,
dataflow,ESTAT:LFSA_EGISED(1.0),A,Y20-64,T,TOTAL,ED5-8,THS_PER,CY,2004,106.7,,
dataflow,ESTAT:LFSA_EGISED(1.0),A,Y20-64,T,TOTAL,ED5-8,THS_PER,CY,2005,107.9,b,
dataflow,ESTAT:LFSA_EGISED(1.0),A,Y20-64,T,TOTAL,ED5-8,THS_PER,CY,2006,118.3,,
dataflow,ESTAT:LFSA_EGISED(1.0),A,Y20-64,T,TOTAL,ED5-8,THS_PER,CY,2007,133.2,,
dataflow,ESTAT:LFSA_EGISED(1.0),A,Y20-64,T,TOTAL,ED5-8,THS_PER,CY,2008,140.5,,
dataflow,ESTAT:LFSA_EGISED(1.0),A,Y20-64,T,TOTAL,ED5-8,THS_PER,CY,2009,138.7,b,
dataflow,ESTAT:LFSA_EGISED(1.0),A,Y20-64,T,TOTAL,ED5-8,THS_PER,CY,2010,147.4,,
dataflow,ESTAT:LFSA_EGISED(1.0),A,Y20-64,T,TOTAL,ED5-8,THS_PER,CY,2011,156.5,,
dataflow,ESTAT:LFSA_EGISED(1.0),A,Y20-64,T,TOTAL,ED5-8,THS_PER,CY,2012,160.0,,
dataflow,ESTAT:LFSA_EGISED(1.0),A,Y20-64,T,TOTAL,ED5-8,THS_PER,CY,2013,155.8,,
dataflow,ESTAT:LFSA_EGISED(1.0),A,Y20-64,T,TOTAL,ED5-8,THS_PER,CY,2014,161.0,b,
dataflow,ESTAT:LFSA_EGISED(1.0),A,Y20-64,T,TOTAL,ED5-8,THS_PER,CY,2015,159.2,,
dataflow,ESTAT:LFSA_EGISED(1.0),A,Y20-64,T,TOTAL,ED5-8,THS_PER,CY,2016,163.6,,
dataflow,ESTAT:LFSA_EGISED(1.0),A,Y20-64,T,TOTAL,ED5-8,THS_PER,CY,2017,170.2,,
dataflow,ESTAT:LFSA_EGISED(1.0),A,Y20-64,T,TOTAL,ED5-8,THS_PER,CY,2018,181.1,,
dataflow,ESTAT:LFSA_EGISED(1.0),A,Y20-64,T,TOTAL,ED5-8,THS_PER,CY,2019,194.4,,
dataflow,ESTAT:LFSA_EGISED(1.0),A,Y20-64,T,TOTAL,ED5-8,THS_PER,CY,2020,200.0,,
dataflow,ESTAT:LFSA_EGISED(1.0),A,Y20-64,T,TOTAL,ED5-8,THS_PER,CY,2021,213.4,b,
dataflow,ESTAT:LFSA_EGISED(1.0),A,Y20-64,T,TOTAL,ED5-8,THS_PER,CY,2022,226.5,,
dataflow,ESTAT:LFSA_EGISED(1.0),A,Y20-64,T,TOTAL,ED5-8,THS_PER,CY,2023,244.8,,
dataflow,ESTAT:LFSA_EGISED(1.0),A,Y20-64,T,TOTAL,ED5-8,THS_PER,CY,2024,250.4,,
dataflow,ESTAT:LFSA_EGISED(1.0),A,Y20-64,T,TOTAL,ED5-8,THS_PER,CY,2025,257.5,,
dataflow,ESTAT:LFSA_EGISED(1.0),A,Y20-64,T,TOTAL,ED5-8,THS_PER,CZ,1998,525.1,b,
dataflow,ESTAT:LFSA_EGISED(1.0),A,Y20-64,T,TOTAL,ED5-8,THS_PER,CZ,1999,548.4,,
dataflow,ESTAT:LFSA_EGISED(1.0),A,Y20-64,T,TOTAL,ED5-8,THS_PER,CZ,2000,570.0,,
dataflow,ESTAT:LFSA_EGISED(1.0),A,Y20-64,T,TOTAL,ED5-8,THS_PER,CZ,2001,592.7,,
dataflow,ESTAT:LFSA_EGISED(1.0),A,Y20-64,T,TOTAL,ED5-8,THS_PER,CZ,2002,605.2,,
dataflow,ESTAT:LFSA_EGISED(1.0),A,Y20-64,T,TOTAL,ED5-8,THS_PER,CZ,2003,606.4,b,
dataflow,ESTAT:LFSA_EGISED(1.0),A,Y20-64,T,TOTAL,ED5-8,THS_PER,CZ,2004,638.6,,
dataflow,ESTAT:LFSA_EGISED(1.0),A,Y20-64,T,TOTAL,ED5-8,THS_PER,CZ,2005,676.6,b,
dataflow,ESTAT:LFSA_EGISED(1.0),A,Y20-64,T,TOTAL,ED5-8,THS_PER,CZ,2006,700.2,,
dataflow,ESTAT:LFSA_EGISED(1.0),A,Y20-64,T,TOTAL,ED5-8,THS_PER,CZ,2007,716.8,,
dataflow,ESTAT:LFSA_EGISED(1.0),A,Y20-64,T,TOTAL,ED5-8,THS_PER,CZ,2008,765.7,,
dataflow,ESTAT:LFSA_EGISED(1.0),A,Y20-64,T,TOTAL,ED5-8,THS_PER,CZ,2009,817.0,,
dataflow,ESTAT:LFSA_EGISED(1.0),A,Y20-64,T,TOTAL,ED5-8,THS_PER,CZ,2010,871.7,,
dataflow,ESTAT:LFSA_EGISED(1.0),A,Y20-64,T,TOTAL,ED5-8,THS_PER,CZ,2011,937.1,b,
dataflow,ESTAT:LFSA_EGISED(1.0),A,Y20-64,T,TOTAL,ED5-8,THS_PER,CZ,2012,996.0,,
dataflow,ESTAT:LFSA_EGISED(1.0),A,Y20-64,T,TOTAL,ED5-8,THS_PER,CZ,2013,1070.9,,
dataflow,ESTAT:LFSA_EGISED(1.0),A,Y20-64,T,TOTAL,ED5-8,THS_PER,CZ,2014,1112.1,b,
dataflow,ESTAT:LFSA_EGISED(1.0),A,Y20-64,T,TOTAL,ED5-8,THS_PER,CZ,2015,1147.3,,
dataflow,ESTAT:LFSA_EGISED(1.0),A,Y20-64,T,TOTAL,ED5-8,THS_PER,CZ,2016,1194.9,,
dataflow,ESTAT:LFSA_EGISED(1.0),A,Y20-64,T,TOTAL,ED5-8,THS_PER,CZ,2017,1246.4,,
dataflow,ESTAT:LFSA_EGISED(1.0),A,Y20-64,T,TOTAL,ED5-8,THS_PER,CZ,2018,1275.7,,
dataflow,ESTAT:LFSA_EGISED(1.0),A,Y20-64,T,TOTAL,ED5-8,THS_PER,CZ,2019,1254.7,,
dataflow,ESTAT:LFSA_EGISED(1.0),A,Y20-64,T,TOTAL,ED5-8,THS_PER,CZ,2020,1265.8,,
dataflow,ESTAT:LFSA_EGISED(1.0),A,Y20-64,T,TOTAL,ED5-8,THS_PER,CZ,2021,1352.6,b,
dataflow,ESTAT:LFSA_EGISED(1.0),A,Y20-64,T,TOTAL,ED5-8,THS_PER,CZ,2022,1349.0,,
dataflow,ESTAT:LFSA_EGISED(1.0),A,Y20-64,T,TOTAL,ED5-8,THS_PER,CZ,2023,1322.9,,
dataflow,ESTAT:LFSA_EGISED(1.0),A,Y20-64,T,TOTAL,ED5-8,THS_PER,CZ,2024,1378.4,,
dataflow,ESTAT:LFSA_EGISED(1.0),A,Y20-64,T,TOTAL,ED5-8,THS_PER,CZ,2025,1438.8,,
dataflow,ESTAT:LFSA_EGISED(1.0),A,Y20-64,T,TOTAL,ED5-8,THS_PER,DE,1992,7358.2,,
dataflow,ESTAT:LFSA_EGISED(1.0),A,Y20-64,T,TOTAL,ED5-8,THS_PER,DE,1993,7583.9,,
dataflow,ESTAT:LFSA_EGISED(1.0),A,Y20-64,T,TOTAL,ED5-8,THS_PER,DE,1994,7504.7,,
dataflow,ESTAT:LFSA_EGISED(1.0),A,Y20-64,T,TOTAL,ED5-8,THS_PER,DE,1995,8241.0,,
dataflow,ESTAT:LFSA_EGISED(1.0),A,Y20-64,T,TOTAL,ED5-8,THS_PER,DE,1996,8108.2,b,
dataflow,ESTAT:LFSA_EGISED(1.0),A,Y20-64,T,TOTAL,ED5-8,THS_PER,DE,1997,8409.7,,
dataflow,ESTAT:LFSA_EGISED(1.0),A,Y20-64,T,TOTAL,ED5-8,THS_PER,DE,1999,8547.3,,
dataflow,ESTAT:LFSA_EGISED(1.0),A,Y20-64,T,TOTAL,ED5-8,THS_PER,DE,2000,8771.9,,
dataflow,ESTAT:LFSA_EGISED(1.0),A,Y20-64,T,TOTAL,ED5-8,THS_PER,DE,2001,8725.6,,
dataflow,ESTAT:LFSA_EGISED(1.0),A,Y20-64,T,TOTAL,ED5-8,THS_PER,DE,2002,8289.7,,
dataflow,ESTAT:LFSA_EGISED(1.0),A,Y20-64,T,TOTAL,ED5-8,THS_PER,DE,2003,8810.7,,
dataflow,ESTAT:LFSA_EGISED(1.0),A,Y20-64,T,TOTAL,ED5-8,THS_PER,DE,2004,9047.2,,
dataflow,ESTAT:LFSA_EGISED(1.0),A,Y20-64,T,TOTAL,ED5-8,THS_PER,DE,2005,9320.2,b,
dataflow,ESTAT:LFSA_EGISED(1.0),A,Y20-64,T,TOTAL,ED5-8,THS_PER,DE,2006,9216.9,b,
dataflow,ESTAT:LFSA_EGISED(1.0),A,Y20-64,T,TOTAL,ED5-8,THS_PER,DE,2007,9420.2,,
dataflow,ESTAT:LFSA_EGISED(1.0),A,Y20-64,T,TOTAL,ED5-8,THS_PER,DE,2008,9868.0,,
dataflow,ESTAT:LFSA_EGISED(1.0),A,Y20-64,T,TOTAL,ED5-8,THS_PER,DE,2009,10296.6,,
dataflow,ESTAT:LFSA_EGISED(1.0),A,Y20-64,T,TOTAL,ED5-8,THS_PER,DE,2010,10291.7,b,
dataflow,ESTAT:LFSA_EGISED(1.0),A,Y20-64,T,TOTAL,ED5-8,THS_PER,DE,2011,10823.6,b,
dataflow,ESTAT:LFSA_EGISED(1.0),A,Y20-64,T,TOTAL,ED5-8,THS_PER,DE,2012,11119.3,b,
dataflow,ESTAT:LFSA_EGISED(1.0),A,Y20-64,T,TOTAL,ED5-8,THS_PER,DE,2013,11284.6,,
dataflow,ESTAT:LFSA_EGISED(1.0),A,Y20-64,T,TOTAL,ED5-8,THS_PER,DE,2014,10728.7,b,
dataflow,ESTAT:LFSA_EGISED(1.0),A,Y20-64,T,TOTAL,ED5-8,THS_PER,DE,2015,11039.5,,
dataflow,ESTAT:LFSA_EGISED(1.0),A,Y20-64,T,TOTAL,ED5-8,THS_PER,DE,2016,11524.0,,
dataflow,ESTAT:LFSA_EGISED(1.0),A,Y20-64,T,TOTAL,ED5-8,THS_PER,DE,2017,11697.6,,
dataflow,ESTAT:LFSA_EGISED(1.0),A,Y20-64,T,TOTAL,ED5-8,THS_PER,DE,2018,11880.5,,
dataflow,ESTAT:LFSA_EGISED(1.0),A,Y20-64,T,TOTAL,ED5-8,THS_PER,DE,2019,12325.3,,
dataflow,ESTAT:LFSA_EGISED(1.0),A,Y20-64,T,TOTAL,ED5-8,THS_PER,DE,2020,12556.5,b,
dataflow,ESTAT:LFSA_EGISED(1.0),A,Y20-64,T,TOTAL,ED5-8,THS_PER,DE,2021,12882.5,b,
dataflow,ESTAT:LFSA_EGISED(1.0),A,Y20-64,T,TOTAL,ED5-8,THS_PER,DE,2022,13062.6,,
dataflow,ESTAT:LFSA_EGISED(1.0),A,Y20-64,T,TOTAL,ED5-8,THS_PER,DE,2023,13410.1,,
dataflow,ESTAT:LFSA_EGISED(1.0),A,Y20-64,T,TOTAL,ED5-8,THS_PER,DE,2024,13598.2,,
dataflow,ESTAT:LFSA_EGISED(1.0),A,Y20-64,T,TOTAL,ED5-8,THS_PER,DE,2025,14235.5,,
dataflow,ESTAT:LFSA_EGISED(1.0),A,Y20-64,T,TOTAL,ED5-8,THS_PER,DK,1992,478.4,,
dataflow,ESTAT:LFSA_EGISED(1.0),A,Y20-64,T,TOTAL,ED5-8,THS_PER,DK,1993,589.4,,
dataflow,ESTAT:LFSA_EGISED(1.0),A,Y20-64,T,TOTAL,ED5-8,THS_PER,DK,1994,640.0,,
dataflow,ESTAT:LFSA_EGISED(1.0),A,Y20-64,T,TOTAL,ED5-8,THS_PER,DK,1995,672.7,,
dataflow,ESTAT:LFSA_EGISED(1.0),A,Y20-64,T,TOTAL,ED5-8,THS_PER,DK,1996,704.0,,
dataflow,ESTAT:LFSA_EGISED(1.0),A,Y20-64,T,TOTAL,ED5-8,THS_PER,DK,1997,646.7,,
dataflow,ESTAT:LFSA_EGISED(1.0),A,Y20-64,T,TOTAL,ED5-8,THS_PER,DK,1998,649.6,b,
dataflow,ESTAT:LFSA_EGISED(1.0),A,Y20-64,T,TOTAL,ED5-8,THS_PER,DK,1999,684.6,,
dataflow,ESTAT:LFSA_EGISED(1.0),A,Y20-64,T,TOTAL,ED5-8,THS_PER,DK,2000,659.3,,
dataflow,ESTAT:LFSA_EGISED(1.0),A,Y20-64,T,TOTAL,ED5-8,THS_PER,DK,2001,727.8,,
dataflow,ESTAT:LFSA_EGISED(1.0),A,Y20-64,T,TOTAL,ED5-8,THS_PER,DK,2002,755.9,,
dataflow,ESTAT:LFSA_EGISED(1.0),A,Y20-64,T,TOTAL,ED5-8,THS_PER,DK,2003,816.1,b,
dataflow,ESTAT:LFSA_EGISED(1.0),A,Y20-64,T,TOTAL,ED5-8,THS_PER,DK,2004,841.2,,
dataflow,ESTAT:LFSA_EGISED(1.0),A,Y20-64,T,TOTAL,ED5-8,THS_PER,DK,2005,874.2,b,
dataflow,ESTAT:LFSA_EGISED(1.0),A,Y20-64,T,TOTAL,ED5-8,THS_PER,DK,2006,909.2,,
dataflow,ESTAT:LFSA_EGISED(1.0),A,Y20-64,T,TOTAL,ED5-8,THS_PER,DK,2007,787.1,b,
dataflow,ESTAT:LFSA_EGISED(1.0),A,Y20-64,T,TOTAL,ED5-8,THS_PER,DK,2008,807.5,b,
dataflow,ESTAT:LFSA_EGISED(1.0),A,Y20-64,T,TOTAL,ED5-8,THS_PER,DK,2009,810.4,,
dataflow,ESTAT:LFSA_EGISED(1.0),A,Y20-64,T,TOTAL,ED5-8,THS_PER,DK,2010,821.5,,
dataflow,ESTAT:LFSA_EGISED(1.0),A,Y20-64,T,TOTAL,ED5-8,THS_PER,DK,2011,835.0,,
dataflow,ESTAT:LFSA_EGISED(1.0),A,Y20-64,T,TOTAL,ED5-8,THS_PER,DK,2012,854.2,,
dataflow,ESTAT:LFSA_EGISED(1.0),A,Y20-64,T,TOTAL,ED5-8,THS_PER,DK,2013,865.3,,
dataflow,ESTAT:LFSA_EGISED(1.0),A,Y20-64,T,TOTAL,ED5-8,THS_PER,DK,2014,887.1,b,
dataflow,ESTAT:LFSA_EGISED(1.0),A,Y20-64,T,TOTAL,ED5-8,THS_PER,DK,2015,923.8,,
dataflow,ESTAT:LFSA_EGISED(1.0),A,Y20-64,T,TOTAL,ED5-8,THS_PER,DK,2016,945.6,b,
dataflow,ESTAT:LFSA_EGISED(1.0),A,Y20-64,T,TOTAL,ED5-8,THS_PER,DK,2017,980.3,b,
dataflow,ESTAT:LFSA_EGISED(1.0),A,Y20-64,T,TOTAL,ED5-8,THS_PER,DK,2018,1014.6,,
dataflow,ESTAT:LFSA_EGISED(1.0),A,Y20-64,T,TOTAL,ED5-8,THS_PER,DK,2019,1057.8,,
dataflow,ESTAT:LFSA_EGISED(1.0),A,Y20-64,T,TOTAL,ED5-8,THS_PER,DK,2020,1075.7,,
dataflow,ESTAT:LFSA_EGISED(1.0),A,Y20-64,T,TOTAL,ED5-8,THS_PER,DK,2021,1118.8,b,
dataflow,ESTAT:LFSA_EGISED(1.0),A,Y20-64,T,TOTAL,ED5-8,THS_PER,DK,2022,1146.0,,
dataflow,ESTAT:LFSA_EGISED(1.0),A,Y20-64,T,TOTAL,ED5-8,THS_PER,DK,2023,1177.1,b,
dataflow,ESTAT:LFSA_EGISED(1.0),A,Y20-64,T,TOTAL,ED5-8,THS_PER,DK,2024,1241.7,,
dataflow,ESTAT:LFSA_EGISED(1.0),A,Y20-64,T,TOTAL,ED5-8,THS_PER,DK,2025,1266.0,,
dataflow,ESTAT:LFSA_EGISED(1.0),A,Y20-64,T,TOTAL,ED5-8,THS_PER,EA21,2002,31419.7,,
dataflow,ESTAT:LFSA_EGISED(1.0),A,Y20-64,T,TOTAL,ED5-8,THS_PER,EA21,2003,32921.3,,
dataflow,ESTAT:LFSA_EGISED(1.0),A,Y20-64,T,TOTAL,ED5-8,THS_PER,EA21,2004,34576.2,,
dataflow,ESTAT:LFSA_EGISED(1.0),A,Y20-64,T,TOTAL,ED5-8,THS_PER,EA21,2005,36177.7,b,
dataflow,ESTAT:LFSA_EGISED(1.0),A,Y20-64,T,TOTAL,ED5-8,THS_PER,EA21,2006,37135.3,,
dataflow,ESTAT:LFSA_EGISED(1.0),A,Y20-64,T,TOTAL,ED5-8,THS_PER,EA21,2007,38563.2,,
dataflow,ESTAT:LFSA_EGISED(1.0),A,Y20-64,T,TOTAL,ED5-8,THS_PER,EA21,2008,40068.3,,
dataflow,ESTAT:LFSA_EGISED(1.0),A,Y20-64,T,TOTAL,ED5-8,THS_PER,EA21,2009,40888.1,,
dataflow,ESTAT:LFSA_EGISED(1.0),A,Y20-64,T,TOTAL,ED5-8,THS_PER,EA21,2010,41518.4,,
dataflow,ESTAT:LFSA_EGISED(1.0),A,Y20-64,T,TOTAL,ED5-8,THS_PER,EA21,2011,42618.7,,
dataflow,ESTAT:LFSA_EGISED(1.0),A,Y20-64,T,TOTAL,ED5-8,THS_PER,EA21,2012,43711.8,,
dataflow,ESTAT:LFSA_EGISED(1.0),A,Y20-64,T,TOTAL,ED5-8,THS_PER,EA21,2013,44760.4,,
dataflow,ESTAT:LFSA_EGISED(1.0),A,Y20-64,T,TOTAL,ED5-8,THS_PER,EA21,2014,45969.1,b,
dataflow,ESTAT:LFSA_EGISED(1.0),A,Y20-64,T,TOTAL,ED5-8,THS_PER,EA21,2015,47322.2,,
dataflow,ESTAT:LFSA_EGISED(1.0),A,Y20-64,T,TOTAL,ED5-8,THS_PER,EA21,2016,48811.7,,
dataflow,ESTAT:LFSA_EGISED(1.0),A,Y20-64,T,TOTAL,ED5-8,THS_PER,EA21,2017,50329.9,,
dataflow,ESTAT:LFSA_EGISED(1.0),A,Y20-64,T,TOTAL,ED5-8,THS_PER,EA21,2018,51937.0,,
dataflow,ESTAT:LFSA_EGISED(1.0),A,Y20-64,T,TOTAL,ED5-8,THS_PER,EA21,2019,53700.5,,
dataflow,ESTAT:LFSA_EGISED(1.0),A,Y20-64,T,TOTAL,ED5-8,THS_PER,EA21,2020,54873.9,,
dataflow,ESTAT:LFSA_EGISED(1.0),A,Y20-64,T,TOTAL,ED5-8,THS_PER,EA21,2021,56812.0,b,
dataflow,ESTAT:LFSA_EGISED(1.0),A,Y20-64,T,TOTAL,ED5-8,THS_PER,EA21,2022,58552.5,,
dataflow,ESTAT:LFSA_EGISED(1.0),A,Y20-64,T,TOTAL,ED5-8,THS_PER,EA21,2023,60095.2,,
dataflow,ESTAT:LFSA_EGISED(1.0),A,Y20-64,T,TOTAL,ED5-8,THS_PER,EA21,2024,61728.9,,
dataflow,ESTAT:LFSA_EGISED(1.0),A,Y20-64,T,TOTAL,ED5-8,THS_PER,EA21,2025,63898.3,,
dataflow,ESTAT:LFSA_EGISED(1.0),A,Y20-64,T,TOTAL,ED5-8,THS_PER,EE,1997,263.6,,
dataflow,ESTAT:LFSA_EGISED(1.0),A,Y20-64,T,TOTAL,ED5-8,THS_PER,EE,1998,189.3,b,
dataflow,ESTAT:LFSA_EGISED(1.0),A,Y20-64,T,TOTAL,ED5-8,THS_PER,EE,1999,179.3,,
dataflow,ESTAT:LFSA_EGISED(1.0),A,Y20-64,T,TOTAL,ED5-8,THS_PER,EE,2000,182.4,b,
dataflow,ESTAT:LFSA_EGISED(1.0),A,Y20-64,T,TOTAL,ED5-8,THS_PER,EE,2001,179.8,,
dataflow,ESTAT:LFSA_EGISED(1.0),A,Y20-64,T,TOTAL,ED5-8,THS_PER,EE,2002,179.8,,
dataflow,ESTAT:LFSA_EGISED(1.0),A,Y20-64,T,TOTAL,ED5-8,THS_PER,EE,2003,182.1,,
dataflow,ESTAT:LFSA_EGISED(1.0),A,Y20-64,T,TOTAL,ED5-8,THS_PER,EE,2004,192.0,,
dataflow,ESTAT:LFSA_EGISED(1.0),A,Y20-64,T,TOTAL,ED5-8,THS_PER,EE,2005,212.5,b,
dataflow,ESTAT:LFSA_EGISED(1.0),A,Y20-64,T,TOTAL,ED5-8,THS_PER,EE,2006,217.8,,
dataflow,ESTAT:LFSA_EGISED(1.0),A,Y20-64,T,TOTAL,ED5-8,THS_PER,EE,2007,216.4,,
dataflow,ESTAT:LFSA_EGISED(1.0),A,Y20-64,T,TOTAL,ED5-8,THS_PER,EE,2008,217.7,,
dataflow,ESTAT:LFSA_EGISED(1.0),A,Y20-64,T,TOTAL,ED5-8,THS_PER,EE,2009,222.2,,
dataflow,ESTAT:LFSA_EGISED(1.0),A,Y20-64,T,TOTAL,ED5-8,THS_PER,EE,2010,210.4,,
dataflow,ESTAT:LFSA_EGISED(1.0),A,Y20-64,T,TOTAL,ED5-8,THS_PER,EE,2011,220.3,,
dataflow,ESTAT:LFSA_EGISED(1.0),A,Y20-64,T,TOTAL,ED5-8,THS_PER,EE,2012,230.1,,
dataflow,ESTAT:LFSA_EGISED(1.0),A,Y20-64,T,TOTAL,ED5-8,THS_PER,EE,2013,231.1,,
dataflow,ESTAT:LFSA_EGISED(1.0),A,Y20-64,T,TOTAL,ED5-8,THS_PER,EE,2014,234.1,b,
dataflow,ESTAT:LFSA_EGISED(1.0),A,Y20-64,T,TOTAL,ED5-8,THS_PER,EE,2015,230.4,,
dataflow,ESTAT:LFSA_EGISED(1.0),A,Y20-64,T,TOTAL,ED5-8,THS_PER,EE,2016,234.5,,
dataflow,ESTAT:LFSA_EGISED(1.0),A,Y20-64,T,TOTAL,ED5-8,THS_PER,EE,2017,240.9,,
dataflow,ESTAT:LFSA_EGISED(1.0),A,Y20-64,T,TOTAL,ED5-8,THS_PER,EE,2018,243.4,,
dataflow,ESTAT:LFSA_EGISED(1.0),A,Y20-64,T,TOTAL,ED5-8,THS_PER,EE,2019,250.7,,
dataflow,ESTAT:LFSA_EGISED(1.0),A,Y20-64,T,TOTAL,ED5-8,THS_PER,EE,2020,248.8,,
dataflow,ESTAT:LFSA_EGISED(1.0),A,Y20-64,T,TOTAL,ED5-8,THS_PER,EE,2021,261.2,b,
dataflow,ESTAT:LFSA_EGISED(1.0),A,Y20-64,T,TOTAL,ED5-8,THS_PER,EE,2022,269.2,,
dataflow,ESTAT:LFSA_EGISED(1.0),A,Y20-64,T,TOTAL,ED5-8,THS_PER,EE,2023,276.5,,
dataflow,ESTAT:LFSA_EGISED(1.0),A,Y20-64,T,TOTAL,ED5-8,THS_PER,EE,2024,277.4,,
dataflow,ESTAT:LFSA_EGISED(1.0),A,Y20-64,T,TOTAL,ED5-8,THS_PER,EE,2025,275.9,,
dataflow,ESTAT:LFSA_EGISED(1.0),A,Y20-64,T,TOTAL,ED5-8,THS_PER,EL,1992,537.6,,
dataflow,ESTAT:LFSA_EGISED(1.0),A,Y20-64,T,TOTAL,ED5-8,THS_PER,EL,1993,572.9,,
dataflow,ESTAT:LFSA_EGISED(1.0),A,Y20-64,T,TOTAL,ED5-8,THS_PER,EL,1994,621.2,,
dataflow,ESTAT:LFSA_EGISED(1.0),A,Y20-64,T,TOTAL,ED5-8,THS_PER,EL,1995,637.7,,
dataflow,ESTAT:LFSA_EGISED(1.0),A,Y20-64,T,TOTAL,ED5-8,THS_PER,EL,1996,679.2,,
dataflow,ESTAT:LFSA_EGISED(1.0),A,Y20-64,T,TOTAL,ED5-8,THS_PER,EL,1997,698.1,,
dataflow,ESTAT:LFSA_EGISED(1.0),A,Y20-64,T,TOTAL,ED5-8,THS_PER,EL,1998,770.4,b,
dataflow,ESTAT:LFSA_EGISED(1.0),A,Y20-64,T,TOTAL,ED5-8,THS_PER,EL,1999,785.8,,
dataflow,ESTAT:LFSA_EGISED(1.0),A,Y20-64,T,TOTAL,ED5-8,THS_PER,EL,2000,798.1,,
dataflow,ESTAT:LFSA_EGISED(1.0),A,Y20-64,T,TOTAL,ED5-8,THS_PER,EL,2001,838.0,b,
dataflow,ESTAT:LFSA_EGISED(1.0),A,Y20-64,T,TOTAL,ED5-8,THS_PER,EL,2002,885.8,,
dataflow,ESTAT:LFSA_EGISED(1.0),A,Y20-64,T,TOTAL,ED5-8,THS_PER,EL,2003,928.2,,
dataflow,ESTAT:LFSA_EGISED(1.0),A,Y20-64,T,TOTAL,ED5-8,THS_PER,EL,2004,1041.7,b,
dataflow,ESTAT:LFSA_EGISED(1.0),A,Y20-64,T,TOTAL,ED5-8,THS_PER,EL,2005,1042.6,b,
dataflow,ESTAT:LFSA_EGISED(1.0),A,Y20-64,T,TOTAL,ED5-8,THS_PER,EL,2006,1122.7,,
dataflow,ESTAT:LFSA_EGISED(1.0),A,Y20-64,T,TOTAL,ED5-8,THS_PER,EL,2007,1151.4,,
dataflow,ESTAT:LFSA_EGISED(1.0),A,Y20-64,T,TOTAL,ED5-8,THS_PER,EL,2008,1195.1,,
dataflow,ESTAT:LFSA_EGISED(1.0),A,Y20-64,T,TOTAL,ED5-8,THS_PER,EL,2009,1193.5,b,
dataflow,ESTAT:LFSA_EGISED(1.0),A,Y20-64,T,TOTAL,ED5-8,THS_PER,EL,2010,1202.0,,
dataflow,ESTAT:LFSA_EGISED(1.0),A,Y20-64,T,TOTAL,ED5-8,THS_PER,EL,2011,1187.3,,
dataflow,ESTAT:LFSA_EGISED(1.0),A,Y20-64,T,TOTAL,ED5-8,THS_PER,EL,2012,1149.7,,
dataflow,ESTAT:LFSA_EGISED(1.0),A,Y20-64,T,TOTAL,ED5-8,THS_PER,EL,2013,1162.2,,
dataflow,ESTAT:LFSA_EGISED(1.0),A,Y20-64,T,TOTAL,ED5-8,THS_PER,EL,2014,1171.8,b,
dataflow,ESTAT:LFSA_EGISED(1.0),A,Y20-64,T,TOTAL,ED5-8,THS_PER,EL,2015,1206.6,,
dataflow,ESTAT:LFSA_EGISED(1.0),A,Y20-64,T,TOTAL,ED5-8,THS_PER,EL,2016,1275.1,,
dataflow,ESTAT:LFSA_EGISED(1.0),A,Y20-64,T,TOTAL,ED5-8,THS_PER,EL,2017,1324.3,,
dataflow,ESTAT:LFSA_EGISED(1.0),A,Y20-64,T,TOTAL,ED5-8,THS_PER,EL,2018,1384.7,,
dataflow,ESTAT:LFSA_EGISED(1.0),A,Y20-64,T,TOTAL,ED5-8,THS_PER,EL,2019,1412.7,,
dataflow,ESTAT:LFSA_EGISED(1.0),A,Y20-64,T,TOTAL,ED5-8,THS_PER,EL,2020,1425.1,,
dataflow,ESTAT:LFSA_EGISED(1.0),A,Y20-64,T,TOTAL,ED5-8,THS_PER,EL,2021,1507.5,b,
dataflow,ESTAT:LFSA_EGISED(1.0),A,Y20-64,T,TOTAL,ED5-8,THS_PER,EL,2022,1589.3,,
dataflow,ESTAT:LFSA_EGISED(1.0),A,Y20-64,T,TOTAL,ED5-8,THS_PER,EL,2023,1559.1,,
dataflow,ESTAT:LFSA_EGISED(1.0),A,Y20-64,T,TOTAL,ED5-8,THS_PER,EL,2024,1601.6,,
dataflow,ESTAT:LFSA_EGISED(1.0),A,Y20-64,T,TOTAL,ED5-8,THS_PER,EL,2025,1606.6,,
dataflow,ESTAT:LFSA_EGISED(1.0),A,Y20-64,T,TOTAL,ED5-8,THS_PER,ES,1992,2225.2,,
dataflow,ESTAT:LFSA_EGISED(1.0),A,Y20-64,T,TOTAL,ED5-8,THS_PER,ES,1993,2348.9,,
dataflow,ESTAT:LFSA_EGISED(1.0),A,Y20-64,T,TOTAL,ED5-8,THS_PER,ES,1994,2488.8,,
dataflow,ESTAT:LFSA_EGISED(1.0),A,Y20-64,T,TOTAL,ED5-8,THS_PER,ES,1995,2683.1,,
dataflow,ESTAT:LFSA_EGISED(1.0),A,Y20-64,T,TOTAL,ED5-8,THS_PER,ES,1996,3029.5,,
dataflow,ESTAT:LFSA_EGISED(1.0),A,Y20-64,T,TOTAL,ED5-8,THS_PER,ES,1997,3245.6,,
dataflow,ESTAT:LFSA_EGISED(1.0),A,Y20-64,T,TOTAL,ED5-8,THS_PER,ES,1998,3481.9,b,
dataflow,ESTAT:LFSA_EGISED(1.0),A,Y20-64,T,TOTAL,ED5-8,THS_PER,ES,1999,3825.8,,
dataflow,ESTAT:LFSA_EGISED(1.0),A,Y20-64,T,TOTAL,ED5-8,THS_PER,ES,2000,4222.9,,
dataflow,ESTAT:LFSA_EGISED(1.0),A,Y20-64,T,TOTAL,ED5-8,THS_PER,ES,2001,4556.0,b,
dataflow,ESTAT:LFSA_EGISED(1.0),A,Y20-64,T,TOTAL,ED5-8,THS_PER,ES,2002,4932.1,,
dataflow,ESTAT:LFSA_EGISED(1.0),A,Y20-64,T,TOTAL,ED5-8,THS_PER,ES,2003,5191.6,,
dataflow,ESTAT:LFSA_EGISED(1.0),A,Y20-64,T,TOTAL,ED5-8,THS_PER,ES,2004,5575.3,,
dataflow,ESTAT:LFSA_EGISED(1.0),A,Y20-64,T,TOTAL,ED5-8,THS_PER,ES,2005,6195.6,b,
dataflow,ESTAT:LFSA_EGISED(1.0),A,Y20-64,T,TOTAL,ED5-8,THS_PER,ES,2006,6455.6,b,
dataflow,ESTAT:LFSA_EGISED(1.0),A,Y20-64,T,TOTAL,ED5-8,THS_PER,ES,2007,6781.7,,
dataflow,ESTAT:LFSA_EGISED(1.0),A,Y20-64,T,TOTAL,ED5-8,THS_PER,ES,2008,6873.1,,
dataflow,ESTAT:LFSA_EGISED(1.0),A,Y20-64,T,TOTAL,ED5-8,THS_PER,ES,2009,6769.2,,
dataflow,ESTAT:LFSA_EGISED(1.0),A,Y20-64,T,TOTAL,ED5-8,THS_PER,ES,2010,6889.4,,
dataflow,ESTAT:LFSA_EGISED(1.0),A,Y20-64,T,TOTAL,ED5-8,THS_PER,ES,2011,6997.6,,
dataflow,ESTAT:LFSA_EGISED(1.0),A,Y20-64,T,TOTAL,ED5-8,THS_PER,ES,2012,6962.7,,
dataflow,ESTAT:LFSA_EGISED(1.0),A,Y20-64,T,TOTAL,ED5-8,THS_PER,ES,2013,7013.5,,
dataflow,ESTAT:LFSA_EGISED(1.0),A,Y20-64,T,TOTAL,ED5-8,THS_PER,ES,2014,7232.6,b,
dataflow,ESTAT:LFSA_EGISED(1.0),A,Y20-64,T,TOTAL,ED5-8,THS_PER,ES,2015,7419.1,,
dataflow,ESTAT:LFSA_EGISED(1.0),A,Y20-64,T,TOTAL,ED5-8,THS_PER,ES,2016,7656.7,,
dataflow,ESTAT:LFSA_EGISED(1.0),A,Y20-64,T,TOTAL,ED5-8,THS_PER,ES,2017,7923.5,,
dataflow,ESTAT:LFSA_EGISED(1.0),A,Y20-64,T,TOTAL,ED5-8,THS_PER,ES,2018,8216.1,,
dataflow,ESTAT:LFSA_EGISED(1.0),A,Y20-64,T,TOTAL,ED5-8,THS_PER,ES,2019,8571.5,,
dataflow,ESTAT:LFSA_EGISED(1.0),A,Y20-64,T,TOTAL,ED5-8,THS_PER,ES,2020,8621.4,,
dataflow,ESTAT:LFSA_EGISED(1.0),A,Y20-64,T,TOTAL,ED5-8,THS_PER,ES,2021,8994.7,bd,
dataflow,ESTAT:LFSA_EGISED(1.0),A,Y20-64,T,TOTAL,ED5-8,THS_PER,ES,2022,9318.0,d,
dataflow,ESTAT:LFSA_EGISED(1.0),A,Y20-64,T,TOTAL,ED5-8,THS_PER,ES,2023,9681.2,d,
dataflow,ESTAT:LFSA_EGISED(1.0),A,Y20-64,T,TOTAL,ED5-8,THS_PER,ES,2024,9960.1,d,
dataflow,ESTAT:LFSA_EGISED(1.0),A,Y20-64,T,TOTAL,ED5-8,THS_PER,ES,2025,10245.2,d,
dataflow,ESTAT:LFSA_EGISED(1.0),A,Y20-64,T,TOTAL,ED5-8,THS_PER,EU27_2020,2002,37690.0,,
dataflow,ESTAT:LFSA_EGISED(1.0),A,Y20-64,T,TOTAL,ED5-8,THS_PER,EU27_2020,2003,39588.4,,
dataflow,ESTAT:LFSA_EGISED(1.0),A,Y20-64,T,TOTAL,ED5-8,THS_PER,EU27_2020,2004,41761.3,,
dataflow,ESTAT:LFSA_EGISED(1.0),A,Y20-64,T,TOTAL,ED5-8,THS_PER,EU27_2020,2005,43879.9,b,
dataflow,ESTAT:LFSA_EGISED(1.0),A,Y20-64,T,TOTAL,ED5-8,THS_PER,EU27_2020,2006,45330.8,,
dataflow,ESTAT:LFSA_EGISED(1.0),A,Y20-64,T,TOTAL,ED5-8,THS_PER,EU27_2020,2007,46959.3,,
dataflow,ESTAT:LFSA_EGISED(1.0),A,Y20-64,T,TOTAL,ED5-8,THS_PER,EU27_2020,2008,48947.9,,
dataflow,ESTAT:LFSA_EGISED(1.0),A,Y20-64,T,TOTAL,ED5-8,THS_PER,EU27_2020,2009,50251.4,,
dataflow,ESTAT:LFSA_EGISED(1.0),A,Y20-64,T,TOTAL,ED5-8,THS_PER,EU27_2020,2010,51089.5,,
dataflow,ESTAT:LFSA_EGISED(1.0),A,Y20-64,T,TOTAL,ED5-8,THS_PER,EU27_2020,2011,52648.8,,
dataflow,ESTAT:LFSA_EGISED(1.0),A,Y20-64,T,TOTAL,ED5-8,THS_PER,EU27_2020,2012,54204.7,,
dataflow,ESTAT:LFSA_EGISED(1.0),A,Y20-64,T,TOTAL,ED5-8,THS_PER,EU27_2020,2013,55691.8,,
dataflow,ESTAT:LFSA_EGISED(1.0),A,Y20-64,T,TOTAL,ED5-8,THS_PER,EU27_2020,2014,57430.6,b,
dataflow,ESTAT:LFSA_EGISED(1.0),A,Y20-64,T,TOTAL,ED5-8,THS_PER,EU27_2020,2015,59281.8,,
dataflow,ESTAT:LFSA_EGISED(1.0),A,Y20-64,T,TOTAL,ED5-8,THS_PER,EU27_2020,2016,61061.0,,
dataflow,ESTAT:LFSA_EGISED(1.0),A,Y20-64,T,TOTAL,ED5-8,THS_PER,EU27_2020,2017,62983.8,,
dataflow,ESTAT:LFSA_EGISED(1.0),A,Y20-64,T,TOTAL,ED5-8,THS_PER,EU27_2020,2018,64957.9,,
dataflow,ESTAT:LFSA_EGISED(1.0),A,Y20-64,T,TOTAL,ED5-8,THS_PER,EU27_2020,2019,67283.7,,
dataflow,ESTAT:LFSA_EGISED(1.0),A,Y20-64,T,TOTAL,ED5-8,THS_PER,EU27_2020,2020,68655.5,,
dataflow,ESTAT:LFSA_EGISED(1.0),A,Y20-64,T,TOTAL,ED5-8,THS_PER,EU27_2020,2021,71016.5,b,
dataflow,ESTAT:LFSA_EGISED(1.0),A,Y20-64,T,TOTAL,ED5-8,THS_PER,EU27_2020,2022,73095.0,,
dataflow,ESTAT:LFSA_EGISED(1.0),A,Y20-64,T,TOTAL,ED5-8,THS_PER,EU27_2020,2023,75228.8,,
dataflow,ESTAT:LFSA_EGISED(1.0),A,Y20-64,T,TOTAL,ED5-8,THS_PER,EU27_2020,2024,77338.4,,
dataflow,ESTAT:LFSA_EGISED(1.0),A,Y20-64,T,TOTAL,ED5-8,THS_PER,EU27_2020,2025,79692.5,,
dataflow,ESTAT:LFSA_EGISED(1.0),A,Y20-64,T,TOTAL,ED5-8,THS_PER,FI,1995,484.2,,
dataflow,ESTAT:LFSA_EGISED(1.0),A,Y20-64,T,TOTAL,ED5-8,THS_PER,FI,1996,478.6,,
dataflow,ESTAT:LFSA_EGISED(1.0),A,Y20-64,T,TOTAL,ED5-8,THS_PER,FI,1997,487.8,,
dataflow,ESTAT:LFSA_EGISED(1.0),A,Y20-64,T,TOTAL,ED5-8,THS_PER,FI,1998,678.4,b,
dataflow,ESTAT:LFSA_EGISED(1.0),A,Y20-64,T,TOTAL,ED5-8,THS_PER,FI,1999,757.7,,
dataflow,ESTAT:LFSA_EGISED(1.0),A,Y20-64,T,TOTAL,ED5-8,THS_PER,FI,2000,790.3,b,
dataflow,ESTAT:LFSA_EGISED(1.0),A,Y20-64,T,TOTAL,ED5-8,THS_PER,FI,2001,799.8,,
dataflow,ESTAT:LFSA_EGISED(1.0),A,Y20-64,T,TOTAL,ED5-8,THS_PER,FI,2002,798.2,,
dataflow,ESTAT:LFSA_EGISED(1.0),A,Y20-64,T,TOTAL,ED5-8,THS_PER,FI,2003,800.9,,
dataflow,ESTAT:LFSA_EGISED(1.0),A,Y20-64,T,TOTAL,ED5-8,THS_PER,FI,2004,825.6,,
dataflow,ESTAT:LFSA_EGISED(1.0),A,Y20-64,T,TOTAL,ED5-8,THS_PER,FI,2005,836.0,b,
dataflow,ESTAT:LFSA_EGISED(1.0),A,Y20-64,T,TOTAL,ED5-8,THS_PER,FI,2006,858.9,,
dataflow,ESTAT:LFSA_EGISED(1.0),A,Y20-64,T,TOTAL,ED5-8,THS_PER,FI,2007,893.7,b,
dataflow,ESTAT:LFSA_EGISED(1.0),A,Y20-64,T,TOTAL,ED5-8,THS_PER,FI,2008,909.6,b,
dataflow,ESTAT:LFSA_EGISED(1.0),A,Y20-64,T,TOTAL,ED5-8,THS_PER,FI,2009,919.3,,
dataflow,ESTAT:LFSA_EGISED(1.0),A,Y20-64,T,TOTAL,ED5-8,THS_PER,FI,2010,938.9,,
dataflow,ESTAT:LFSA_EGISED(1.0),A,Y20-64,T,TOTAL,ED5-8,THS_PER,FI,2011,964.5,,
dataflow,ESTAT:LFSA_EGISED(1.0),A,Y20-64,T,TOTAL,ED5-8,THS_PER,FI,2012,968.2,,
dataflow,ESTAT:LFSA_EGISED(1.0),A,Y20-64,T,TOTAL,ED5-8,THS_PER,FI,2013,981.3,,
dataflow,ESTAT:LFSA_EGISED(1.0),A,Y20-64,T,TOTAL,ED5-8,THS_PER,FI,2014,1002.4,b,
dataflow,ESTAT:LFSA_EGISED(1.0),A,Y20-64,T,TOTAL,ED5-8,THS_PER,FI,2015,1017.7,,
dataflow,ESTAT:LFSA_EGISED(1.0),A,Y20-64,T,TOTAL,ED5-8,THS_PER,FI,2016,1025.7,,
dataflow,ESTAT:LFSA_EGISED(1.0),A,Y20-64,T,TOTAL,ED5-8,THS_PER,FI,2017,1055.3,,
dataflow,ESTAT:LFSA_EGISED(1.0),A,Y20-64,T,TOTAL,ED5-8,THS_PER,FI,2018,1097.9,,
dataflow,ESTAT:LFSA_EGISED(1.0),A,Y20-64,T,TOTAL,ED5-8,THS_PER,FI,2019,1132.5,,
dataflow,ESTAT:LFSA_EGISED(1.0),A,Y20-64,T,TOTAL,ED5-8,THS_PER,FI,2020,1168.4,,
dataflow,ESTAT:LFSA_EGISED(1.0),A,Y20-64,T,TOTAL,ED5-8,THS_PER,FI,2021,1050.4,b,
dataflow,ESTAT:LFSA_EGISED(1.0),A,Y20-64,T,TOTAL,ED5-8,THS_PER,FI,2022,1073.7,,
dataflow,ESTAT:LFSA_EGISED(1.0),A,Y20-64,T,TOTAL,ED5-8,THS_PER,FI,2023,1076.6,,
dataflow,ESTAT:LFSA_EGISED(1.0),A,Y20-64,T,TOTAL,ED5-8,THS_PER,FI,2024,1082.8,,
dataflow,ESTAT:LFSA_EGISED(1.0),A,Y20-64,T,TOTAL,ED5-8,THS_PER,FI,2025,1089.9,,
dataflow,ESTAT:LFSA_EGISED(1.0),A,Y20-64,T,TOTAL,ED5-8,THS_PER,FR,1993,4290.9,,
dataflow,ESTAT:LFSA_EGISED(1.0),A,Y20-64,T,TOTAL,ED5-8,THS_PER,FR,1994,4422.0,,
dataflow,ESTAT:LFSA_EGISED(1.0),A,Y20-64,T,TOTAL,ED5-8,THS_PER,FR,1995,4672.7,,
dataflow,ESTAT:LFSA_EGISED(1.0),A,Y20-64,T,TOTAL,ED5-8,THS_PER,FR,1996,4543.6,,
dataflow,ESTAT:LFSA_EGISED(1.0),A,Y20-64,T,TOTAL,ED5-8,THS_PER,FR,1997,4749.3,,
dataflow,ESTAT:LFSA_EGISED(1.0),A,Y20-64,T,TOTAL,ED5-8,THS_PER,FR,1998,5231.0,b,
dataflow,ESTAT:LFSA_EGISED(1.0),A,Y20-64,T,TOTAL,ED5-8,THS_PER,FR,1999,5510.4,,
dataflow,ESTAT:LFSA_EGISED(1.0),A,Y20-64,T,TOTAL,ED5-8,THS_PER,FR,2000,5825.5,,
dataflow,ESTAT:LFSA_EGISED(1.0),A,Y20-64,T,TOTAL,ED5-8,THS_PER,FR,2001,6191.2,,
dataflow,ESTAT:LFSA_EGISED(1.0),A,Y20-64,T,TOTAL,ED5-8,THS_PER,FR,2002,6434.5,,
dataflow,ESTAT:LFSA_EGISED(1.0),A,Y20-64,T,TOTAL,ED5-8,THS_PER,FR,2003,6638.8,b,
dataflow,ESTAT:LFSA_EGISED(1.0),A,Y20-64,T,TOTAL,ED5-8,THS_PER,FR,2004,6738.5,,
dataflow,ESTAT:LFSA_EGISED(1.0),A,Y20-64,T,TOTAL,ED5-8,THS_PER,FR,2005,7141.3,b,
dataflow,ESTAT:LFSA_EGISED(1.0),A,Y20-64,T,TOTAL,ED5-8,THS_PER,FR,2006,7392.8,b,
dataflow,ESTAT:LFSA_EGISED(1.0),A,Y20-64,T,TOTAL,ED5-8,THS_PER,FR,2007,7641.6,,
dataflow,ESTAT:LFSA_EGISED(1.0),A,Y20-64,T,TOTAL,ED5-8,THS_PER,FR,2008,7942.4,,
dataflow,ESTAT:LFSA_EGISED(1.0),A,Y20-64,T,TOTAL,ED5-8,THS_PER,FR,2009,8226.9,,
dataflow,ESTAT:LFSA_EGISED(1.0),A,Y20-64,T,TOTAL,ED5-8,THS_PER,FR,2010,8394.5,,
dataflow,ESTAT:LFSA_EGISED(1.0),A,Y20-64,T,TOTAL,ED5-8,THS_PER,FR,2011,8599.5,,
dataflow,ESTAT:LFSA_EGISED(1.0),A,Y20-64,T,TOTAL,ED5-8,THS_PER,FR,2012,8955.3,,
dataflow,ESTAT:LFSA_EGISED(1.0),A,Y20-64,T,TOTAL,ED5-8,THS_PER,FR,2013,9352.6,b,
dataflow,ESTAT:LFSA_EGISED(1.0),A,Y20-64,T,TOTAL,ED5-8,THS_PER,FR,2014,9864.9,b,
dataflow,ESTAT:LFSA_EGISED(1.0),A,Y20-64,T,TOTAL,ED5-8,THS_PER,FR,2015,10119.9,,
dataflow,ESTAT:LFSA_EGISED(1.0),A,Y20-64,T,TOTAL,ED5-8,THS_PER,FR,2016,10381.1,,
dataflow,ESTAT:LFSA_EGISED(1.0),A,Y20-64,T,TOTAL,ED5-8,THS_PER,FR,2017,10601.1,,
dataflow,ESTAT:LFSA_EGISED(1.0),A,Y20-64,T,TOTAL,ED5-8,THS_PER,FR,2018,11036.1,,
dataflow,ESTAT:LFSA_EGISED(1.0),A,Y20-64,T,TOTAL,ED5-8,THS_PER,FR,2019,11424.1,,
dataflow,ESTAT:LFSA_EGISED(1.0),A,Y20-64,T,TOTAL,ED5-8,THS_PER,FR,2020,11813.1,,
dataflow,ESTAT:LFSA_EGISED(1.0),A,Y20-64,T,TOTAL,ED5-8,THS_PER,FR,2021,12348.0,bd,
dataflow,ESTAT:LFSA_EGISED(1.0),A,Y20-64,T,TOTAL,ED5-8,THS_PER,FR,2022,12712.3,d,
dataflow,ESTAT:LFSA_EGISED(1.0),A,Y20-64,T,TOTAL,ED5-8,THS_PER,FR,2023,13036.4,d,
dataflow,ESTAT:LFSA_EGISED(1.0),A,Y20-64,T,TOTAL,ED5-8,THS_PER,FR,2024,13461.8,bd,
dataflow,ESTAT:LFSA_EGISED(1.0),A,Y20-64,T,TOTAL,ED5-8,THS_PER,FR,2025,14080.6,d,
dataflow,ESTAT:LFSA_EGISED(1.0),A,Y20-64,T,TOTAL,ED5-8,THS_PER,HR,2002,271.7,,
dataflow,ESTAT:LFSA_EGISED(1.0),A,Y20-64,T,TOTAL,ED5-8,THS_PER,HR,2003,291.9,b,
dataflow,ESTAT:LFSA_EGISED(1.0),A,Y20-64,T,TOTAL,ED5-8,THS_PER,HR,2004,295.9,,
dataflow,ESTAT:LFSA_EGISED(1.0),A,Y20-64,T,TOTAL,ED5-8,THS_PER,HR,2005,293.3,b,
dataflow,ESTAT:LFSA_EGISED(1.0),A,Y20-64,T,TOTAL,ED5-8,THS_PER,HR,2006,299.2,b,
dataflow,ESTAT:LFSA_EGISED(1.0),A,Y20-64,T,TOTAL,ED5-8,THS_PER,HR,2007,321.6,b,
dataflow,ESTAT:LFSA_EGISED(1.0),A,Y20-64,T,TOTAL,ED5-8,THS_PER,HR,2008,333.5,,
dataflow,ESTAT:LFSA_EGISED(1.0),A,Y20-64,T,TOTAL,ED5-8,THS_PER,HR,2009,349.4,,
dataflow,ESTAT:LFSA_EGISED(1.0),A,Y20-64,T,TOTAL,ED5-8,THS_PER,HR,2010,365.2,b,
dataflow,ESTAT:LFSA_EGISED(1.0),A,Y20-64,T,TOTAL,ED5-8,THS_PER,HR,2011,339.5,,
dataflow,ESTAT:LFSA_EGISED(1.0),A,Y20-64,T,TOTAL,ED5-8,THS_PER,HR,2012,356.1,,
dataflow,ESTAT:LFSA_EGISED(1.0),A,Y20-64,T,TOTAL,ED5-8,THS_PER,HR,2013,381.8,,
dataflow,ESTAT:LFSA_EGISED(1.0),A,Y20-64,T,TOTAL,ED5-8,THS_PER,HR,2014,411.7,b,
dataflow,ESTAT:LFSA_EGISED(1.0),A,Y20-64,T,TOTAL,ED5-8,THS_PER,HR,2015,428.0,,
dataflow,ESTAT:LFSA_EGISED(1.0),A,Y20-64,T,TOTAL,ED5-8,THS_PER,HR,2016,430.4,,
dataflow,ESTAT:LFSA_EGISED(1.0),A,Y20-64,T,TOTAL,ED5-8,THS_PER,HR,2017,441.0,,
dataflow,ESTAT:LFSA_EGISED(1.0),A,Y20-64,T,TOTAL,ED5-8,THS_PER,HR,2018,457.6,,
dataflow,ESTAT:LFSA_EGISED(1.0),A,Y20-64,T,TOTAL,ED5-8,THS_PER,HR,2019,456.2,,
dataflow,ESTAT:LFSA_EGISED(1.0),A,Y20-64,T,TOTAL,ED5-8,THS_PER,HR,2020,462.2,,
dataflow,ESTAT:LFSA_EGISED(1.0),A,Y20-64,T,TOTAL,ED5-8,THS_PER,HR,2021,462.3,b,
dataflow,ESTAT:LFSA_EGISED(1.0),A,Y20-64,T,TOTAL,ED5-8,THS_PER,HR,2022,470.5,,
dataflow,ESTAT:LFSA_EGISED(1.0),A,Y20-64,T,TOTAL,ED5-8,THS_PER,HR,2023,519.8,,
dataflow,ESTAT:LFSA_EGISED(1.0),A,Y20-64,T,TOTAL,ED5-8,THS_PER,HR,2024,562.0,,
dataflow,ESTAT:LFSA_EGISED(1.0),A,Y20-64,T,TOTAL,ED5-8,THS_PER,HR,2025,578.7,,
dataflow,ESTAT:LFSA_EGISED(1.0),A,Y20-64,T,TOTAL,ED5-8,THS_PER,HU,1997,536.0,,
dataflow,ESTAT:LFSA_EGISED(1.0),A,Y20-64,T,TOTAL,ED5-8,THS_PER,HU,1998,580.5,b,
dataflow,ESTAT:LFSA_EGISED(1.0),A,Y20-64,T,TOTAL,ED5-8,THS_PER,HU,1999,653.5,,
dataflow,ESTAT:LFSA_EGISED(1.0),A,Y20-64,T,TOTAL,ED5-8,THS_PER,HU,2000,638.4,,
dataflow,ESTAT:LFSA_EGISED(1.0),A,Y20-64,T,TOTAL,ED5-8,THS_PER,HU,2001,652.8,b,
dataflow,ESTAT:LFSA_EGISED(1.0),A,Y20-64,T,TOTAL,ED5-8,THS_PER,HU,2002,662.9,,
dataflow,ESTAT:LFSA_EGISED(1.0),A,Y20-64,T,TOTAL,ED5-8,THS_PER,HU,2003,724.2,,
dataflow,ESTAT:LFSA_EGISED(1.0),A,Y20-64,T,TOTAL,ED5-8,THS_PER,HU,2004,792.0,,
dataflow,ESTAT:LFSA_EGISED(1.0),A,Y20-64,T,TOTAL,ED5-8,THS_PER,HU,2005,816.7,b,
dataflow,ESTAT:LFSA_EGISED(1.0),A,Y20-64,T,TOTAL,ED5-8,THS_PER,HU,2006,833.7,,
dataflow,ESTAT:LFSA_EGISED(1.0),A,Y20-64,T,TOTAL,ED5-8,THS_PER,HU,2007,835.1,,
dataflow,ESTAT:LFSA_EGISED(1.0),A,Y20-64,T,TOTAL,ED5-8,THS_PER,HU,2008,879.8,,
dataflow,ESTAT:LFSA_EGISED(1.0),A,Y20-64,T,TOTAL,ED5-8,THS_PER,HU,2009,887.7,,
dataflow,ESTAT:LFSA_EGISED(1.0),A,Y20-64,T,TOTAL,ED5-8,THS_PER,HU,2010,892.5,,
dataflow,ESTAT:LFSA_EGISED(1.0),A,Y20-64,T,TOTAL,ED5-8,THS_PER,HU,2011,950.4,,
dataflow,ESTAT:LFSA_EGISED(1.0),A,Y20-64,T,TOTAL,ED5-8,THS_PER,HU,2012,998.4,,
dataflow,ESTAT:LFSA_EGISED(1.0),A,Y20-64,T,TOTAL,ED5-8,THS_PER,HU,2013,1020.7,,
dataflow,ESTAT:LFSA_EGISED(1.0),A,Y20-64,T,TOTAL,ED5-8,THS_PER,HU,2014,1077.1,b,
dataflow,ESTAT:LFSA_EGISED(1.0),A,Y20-64,T,TOTAL,ED5-8,THS_PER,HU,2015,1122.8,,
dataflow,ESTAT:LFSA_EGISED(1.0),A,Y20-64,T,TOTAL,ED5-8,THS_PER,HU,2016,1123.3,,
dataflow,ESTAT:LFSA_EGISED(1.0),A,Y20-64,T,TOTAL,ED5-8,THS_PER,HU,2017,1129.6,,
dataflow,ESTAT:LFSA_EGISED(1.0),A,Y20-64,T,TOTAL,ED5-8,THS_PER,HU,2018,1172.6,b,
dataflow,ESTAT:LFSA_EGISED(1.0),A,Y20-64,T,TOTAL,ED5-8,THS_PER,HU,2019,1207.0,,
dataflow,ESTAT:LFSA_EGISED(1.0),A,Y20-64,T,TOTAL,ED5-8,THS_PER,HU,2020,1252.4,,
dataflow,ESTAT:LFSA_EGISED(1.0),A,Y20-64,T,TOTAL,ED5-8,THS_PER,HU,2021,1412.8,b,
dataflow,ESTAT:LFSA_EGISED(1.0),A,Y20-64,T,TOTAL,ED5-8,THS_PER,HU,2022,1431.5,,
dataflow,ESTAT:LFSA_EGISED(1.0),A,Y20-64,T,TOTAL,ED5-8,THS_PER,HU,2023,1440.7,,
dataflow,ESTAT:LFSA_EGISED(1.0),A,Y20-64,T,TOTAL,ED5-8,THS_PER,HU,2024,1495.0,,
dataflow,ESTAT:LFSA_EGISED(1.0),A,Y20-64,T,TOTAL,ED5-8,THS_PER,HU,2025,1506.8,,
dataflow,ESTAT:LFSA_EGISED(1.0),A,Y20-64,T,TOTAL,ED5-8,THS_PER,IE,1992,249.1,,
dataflow,ESTAT:LFSA_EGISED(1.0),A,Y20-64,T,TOTAL,ED5-8,THS_PER,IE,1993,271.5,,
dataflow,ESTAT:LFSA_EGISED(1.0),A,Y20-64,T,TOTAL,ED5-8,THS_PER,IE,1994,290.4,,
dataflow,ESTAT:LFSA_EGISED(1.0),A,Y20-64,T,TOTAL,ED5-8,THS_PER,IE,1995,322.6,,
dataflow,ESTAT:LFSA_EGISED(1.0),A,Y20-64,T,TOTAL,ED5-8,THS_PER,IE,1996,371.7,,
dataflow,ESTAT:LFSA_EGISED(1.0),A,Y20-64,T,TOTAL,ED5-8,THS_PER,IE,1997,385.1,,
dataflow,ESTAT:LFSA_EGISED(1.0),A,Y20-64,T,TOTAL,ED5-8,THS_PER,IE,1999,367.6,,
dataflow,ESTAT:LFSA_EGISED(1.0),A,Y20-64,T,TOTAL,ED5-8,THS_PER,IE,2000,401.2,,
dataflow,ESTAT:LFSA_EGISED(1.0),A,Y20-64,T,TOTAL,ED5-8,THS_PER,IE,2001,441.6,,
dataflow,ESTAT:LFSA_EGISED(1.0),A,Y20-64,T,TOTAL,ED5-8,THS_PER,IE,2002,479.2,,
dataflow,ESTAT:LFSA_EGISED(1.0),A,Y20-64,T,TOTAL,ED5-8,THS_PER,IE,2003,526.3,,
dataflow,ESTAT:LFSA_EGISED(1.0),A,Y20-64,T,TOTAL,ED5-8,THS_PER,IE,2004,566.7,,
dataflow,ESTAT:LFSA_EGISED(1.0),A,Y20-64,T,TOTAL,ED5-8,THS_PER,IE,2005,606.4,b,
dataflow,ESTAT:LFSA_EGISED(1.0),A,Y20-64,T,TOTAL,ED5-8,THS_PER,IE,2006,660.9,,
dataflow,ESTAT:LFSA_EGISED(1.0),A,Y20-64,T,TOTAL,ED5-8,THS_PER,IE,2007,766.2,b,
dataflow,ESTAT:LFSA_EGISED(1.0),A,Y20-64,T,TOTAL,ED5-8,THS_PER,IE,2008,796.0,,
dataflow,ESTAT:LFSA_EGISED(1.0),A,Y20-64,T,TOTAL,ED5-8,THS_PER,IE,2009,797.7,,
dataflow,ESTAT:LFSA_EGISED(1.0),A,Y20-64,T,TOTAL,ED5-8,THS_PER,IE,2010,809.3,,
dataflow,ESTAT:LFSA_EGISED(1.0),A,Y20-64,T,TOTAL,ED5-8,THS_PER,IE,2011,820.7,,
dataflow,ESTAT:LFSA_EGISED(1.0),A,Y20-64,T,TOTAL,ED5-8,THS_PER,IE,2012,850.5,,
dataflow,ESTAT:LFSA_EGISED(1.0),A,Y20-64,T,TOTAL,ED5-8,THS_PER,IE,2013,891.4,,
dataflow,ESTAT:LFSA_EGISED(1.0),A,Y20-64,T,TOTAL,ED5-8,THS_PER,IE,2014,904.5,b,
dataflow,ESTAT:LFSA_EGISED(1.0),A,Y20-64,T,TOTAL,ED5-8,THS_PER,IE,2015,951.6,,
dataflow,ESTAT:LFSA_EGISED(1.0),A,Y20-64,T,TOTAL,ED5-8,THS_PER,IE,2016,979.2,,
dataflow,ESTAT:LFSA_EGISED(1.0),A,Y20-64,T,TOTAL,ED5-8,THS_PER,IE,2017,1034.1,b,
dataflow,ESTAT:LFSA_EGISED(1.0),A,Y20-64,T,TOTAL,ED5-8,THS_PER,IE,2018,1059.0,,
dataflow,ESTAT:LFSA_EGISED(1.0),A,Y20-64,T,TOTAL,ED5-8,THS_PER,IE,2019,1086.4,,
dataflow,ESTAT:LFSA_EGISED(1.0),A,Y20-64,T,TOTAL,ED5-8,THS_PER,IE,2020,1136.8,,
dataflow,ESTAT:LFSA_EGISED(1.0),A,Y20-64,T,TOTAL,ED5-8,THS_PER,IE,2021,1242.9,b,
dataflow,ESTAT:LFSA_EGISED(1.0),A,Y20-64,T,TOTAL,ED5-8,THS_PER,IE,2022,1336.7,,
dataflow,ESTAT:LFSA_EGISED(1.0),A,Y20-64,T,TOTAL,ED5-8,THS_PER,IE,2023,1386.2,,
dataflow,ESTAT:LFSA_EGISED(1.0),A,Y20-64,T,TOTAL,ED5-8,THS_PER,IE,2024,1459.3,,
dataflow,ESTAT:LFSA_EGISED(1.0),A,Y20-64,T,TOTAL,ED5-8,THS_PER,IE,2025,1543.2,,
dataflow,ESTAT:LFSA_EGISED(1.0),A,Y20-64,T,TOTAL,ED5-8,THS_PER,IS,1999,27.8,,
dataflow,ESTAT:LFSA_EGISED(1.0),A,Y20-64,T,TOTAL,ED5-8,THS_PER,IS,2000,31.4,,
dataflow,ESTAT:LFSA_EGISED(1.0),A,Y20-64,T,TOTAL,ED5-8,THS_PER,IS,2001,31.4,,
dataflow,ESTAT:LFSA_EGISED(1.0),A,Y20-64,T,TOTAL,ED5-8,THS_PER,IS,2002,34.7,,
dataflow,ESTAT:LFSA_EGISED(1.0),A,Y20-64,T,TOTAL,ED5-8,THS_PER,IS,2003,38.6,b,
dataflow,ESTAT:LFSA_EGISED(1.0),A,Y20-64,T,TOTAL,ED5-8,THS_PER,IS,2004,37.8,,
dataflow,ESTAT:LFSA_EGISED(1.0),A,Y20-64,T,TOTAL,ED5-8,THS_PER,IS,2005,40.2,b,
dataflow,ESTAT:LFSA_EGISED(1.0),A,Y20-64,T,TOTAL,ED5-8,THS_PER,IS,2006,31.0,,
dataflow,ESTAT:LFSA_EGISED(1.0),A,Y20-64,T,TOTAL,ED5-8,THS_PER,IS,2007,45.2,,
dataflow,ESTAT:LFSA_EGISED(1.0),A,Y20-64,T,TOTAL,ED5-8,THS_PER,IS,2008,46.9,,
dataflow,ESTAT:LFSA_EGISED(1.0),A,Y20-64,T,TOTAL,ED5-8,THS_PER,IS,2009,47.6,,
dataflow,ESTAT:LFSA_EGISED(1.0),A,Y20-64,T,TOTAL,ED5-8,THS_PER,IS,2010,47.4,,
dataflow,ESTAT:LFSA_EGISED(1.0),A,Y20-64,T,TOTAL,ED5-8,THS_PER,IS,2011,49.1,,
dataflow,ESTAT:LFSA_EGISED(1.0),A,Y20-64,T,TOTAL,ED5-8,THS_PER,IS,2012,51.7,,
dataflow,ESTAT:LFSA_EGISED(1.0),A,Y20-64,T,TOTAL,ED5-8,THS_PER,IS,2013,53.6,,
dataflow,ESTAT:LFSA_EGISED(1.0),A,Y20-64,T,TOTAL,ED5-8,THS_PER,IS,2014,55.9,b,
dataflow,ESTAT:LFSA_EGISED(1.0),A,Y20-64,T,TOTAL,ED5-8,THS_PER,IS,2015,59.7,,
dataflow,ESTAT:LFSA_EGISED(1.0),A,Y20-64,T,TOTAL,ED5-8,THS_PER,IS,2016,64.9,,
dataflow,ESTAT:LFSA_EGISED(1.0),A,Y20-64,T,TOTAL,ED5-8,THS_PER,IS,2017,69.8,,
dataflow,ESTAT:LFSA_EGISED(1.0),A,Y20-64,T,TOTAL,ED5-8,THS_PER,IS,2018,74.0,,
dataflow,ESTAT:LFSA_EGISED(1.0),A,Y20-64,T,TOTAL,ED5-8,THS_PER,IS,2019,78.3,,
dataflow,ESTAT:LFSA_EGISED(1.0),A,Y20-64,T,TOTAL,ED5-8,THS_PER,IS,2020,75.0,b,
dataflow,ESTAT:LFSA_EGISED(1.0),A,Y20-64,T,TOTAL,ED5-8,THS_PER,IS,2021,73.9,b,
dataflow,ESTAT:LFSA_EGISED(1.0),A,Y20-64,T,TOTAL,ED5-8,THS_PER,IS,2022,79.6,,
dataflow,ESTAT:LFSA_EGISED(1.0),A,Y20-64,T,TOTAL,ED5-8,THS_PER,IS,2023,84.1,,
dataflow,ESTAT:LFSA_EGISED(1.0),A,Y20-64,T,TOTAL,ED5-8,THS_PER,IS,2024,91.9,,
dataflow,ESTAT:LFSA_EGISED(1.0),A,Y20-64,T,TOTAL,ED5-8,THS_PER,IS,2025,90.3,,
dataflow,ESTAT:LFSA_EGISED(1.0),A,Y20-64,T,TOTAL,ED5-8,THS_PER,IT,1992,1736.8,b,
dataflow,ESTAT:LFSA_EGISED(1.0),A,Y20-64,T,TOTAL,ED5-8,THS_PER,IT,1993,1759.0,,
dataflow,ESTAT:LFSA_EGISED(1.0),A,Y20-64,T,TOTAL,ED5-8,THS_PER,IT,1994,1806.1,,
dataflow,ESTAT:LFSA_EGISED(1.0),A,Y20-64,T,TOTAL,ED5-8,THS_PER,IT,1995,1865.1,,
dataflow,ESTAT:LFSA_EGISED(1.0),A,Y20-64,T,TOTAL,ED5-8,THS_PER,IT,1996,1996.1,,
dataflow,ESTAT:LFSA_EGISED(1.0),A,Y20-64,T,TOTAL,ED5-8,THS_PER,IT,1997,2066.9,,
dataflow,ESTAT:LFSA_EGISED(1.0),A,Y20-64,T,TOTAL,ED5-8,THS_PER,IT,1998,2210.7,b,
dataflow,ESTAT:LFSA_EGISED(1.0),A,Y20-64,T,TOTAL,ED5-8,THS_PER,IT,1999,2401.1,,
dataflow,ESTAT:LFSA_EGISED(1.0),A,Y20-64,T,TOTAL,ED5-8,THS_PER,IT,2000,2464.2,,
dataflow,ESTAT:LFSA_EGISED(1.0),A,Y20-64,T,TOTAL,ED5-8,THS_PER,IT,2001,2657.7,,
dataflow,ESTAT:LFSA_EGISED(1.0),A,Y20-64,T,TOTAL,ED5-8,THS_PER,IT,2002,2774.9,,
dataflow,ESTAT:LFSA_EGISED(1.0),A,Y20-64,T,TOTAL,ED5-8,THS_PER,IT,2003,2875.5,,
dataflow,ESTAT:LFSA_EGISED(1.0),A,Y20-64,T,TOTAL,ED5-8,THS_PER,IT,2004,3057.3,b,
dataflow,ESTAT:LFSA_EGISED(1.0),A,Y20-64,T,TOTAL,ED5-8,THS_PER,IT,2005,3235.2,b,
dataflow,ESTAT:LFSA_EGISED(1.0),A,Y20-64,T,TOTAL,ED5-8,THS_PER,IT,2006,3418.5,,
dataflow,ESTAT:LFSA_EGISED(1.0),A,Y20-64,T,TOTAL,ED5-8,THS_PER,IT,2007,3590.9,,
dataflow,ESTAT:LFSA_EGISED(1.0),A,Y20-64,T,TOTAL,ED5-8,THS_PER,IT,2008,3850.4,,
dataflow,ESTAT:LFSA_EGISED(1.0),A,Y20-64,T,TOTAL,ED5-8,THS_PER,IT,2009,3845.6,,
dataflow,ESTAT:LFSA_EGISED(1.0),A,Y20-64,T,TOTAL,ED5-8,THS_PER,IT,2010,3885.9,,
dataflow,ESTAT:LFSA_EGISED(1.0),A,Y20-64,T,TOTAL,ED5-8,THS_PER,IT,2011,3968.7,,
dataflow,ESTAT:LFSA_EGISED(1.0),A,Y20-64,T,TOTAL,ED5-8,THS_PER,IT,2012,4171.1,,
dataflow,ESTAT:LFSA_EGISED(1.0),A,Y20-64,T,TOTAL,ED5-8,THS_PER,IT,2013,4291.4,,
dataflow,ESTAT:LFSA_EGISED(1.0),A,Y20-64,T,TOTAL,ED5-8,THS_PER,IT,2014,4419.8,b,
dataflow,ESTAT:LFSA_EGISED(1.0),A,Y20-64,T,TOTAL,ED5-8,THS_PER,IT,2015,4608.5,,
dataflow,ESTAT:LFSA_EGISED(1.0),A,Y20-64,T,TOTAL,ED5-8,THS_PER,IT,2016,4719.3,,
dataflow,ESTAT:LFSA_EGISED(1.0),A,Y20-64,T,TOTAL,ED5-8,THS_PER,IT,2017,5004.6,,
dataflow,ESTAT:LFSA_EGISED(1.0),A,Y20-64,T,TOTAL,ED5-8,THS_PER,IT,2018,5161.5,b,
dataflow,ESTAT:LFSA_EGISED(1.0),A,Y20-64,T,TOTAL,ED5-8,THS_PER,IT,2019,5249.6,,
dataflow,ESTAT:LFSA_EGISED(1.0),A,Y20-64,T,TOTAL,ED5-8,THS_PER,IT,2020,5248.2,,
dataflow,ESTAT:LFSA_EGISED(1.0),A,Y20-64,T,TOTAL,ED5-8,THS_PER,IT,2021,5299.0,b,
dataflow,ESTAT:LFSA_EGISED(1.0),A,Y20-64,T,TOTAL,ED5-8,THS_PER,IT,2022,5437.5,,
dataflow,ESTAT:LFSA_EGISED(1.0),A,Y20-64,T,TOTAL,ED5-8,THS_PER,IT,2023,5808.4,,
dataflow,ESTAT:LFSA_EGISED(1.0),A,Y20-64,T,TOTAL,ED5-8,THS_PER,IT,2024,6033.0,,
dataflow,ESTAT:LFSA_EGISED(1.0),A,Y20-64,T,TOTAL,ED5-8,THS_PER,IT,2025,6026.9,,
dataflow,ESTAT:LFSA_EGISED(1.0),A,Y20-64,T,TOTAL,ED5-8,THS_PER,LT,1998,646.1,b,
dataflow,ESTAT:LFSA_EGISED(1.0),A,Y20-64,T,TOTAL,ED5-8,THS_PER,LT,1999,666.4,,
dataflow,ESTAT:LFSA_EGISED(1.0),A,Y20-64,T,TOTAL,ED5-8,THS_PER,LT,2000,638.6,b,
dataflow,ESTAT:LFSA_EGISED(1.0),A,Y20-64,T,TOTAL,ED5-8,THS_PER,LT,2001,374.1,,
dataflow,ESTAT:LFSA_EGISED(1.0),A,Y20-64,T,TOTAL,ED5-8,THS_PER,LT,2002,355.5,b,
dataflow,ESTAT:LFSA_EGISED(1.0),A,Y20-64,T,TOTAL,ED5-8,THS_PER,LT,2003,381.3,,
dataflow,ESTAT:LFSA_EGISED(1.0),A,Y20-64,T,TOTAL,ED5-8,THS_PER,LT,2004,399.0,,
dataflow,ESTAT:LFSA_EGISED(1.0),A,Y20-64,T,TOTAL,ED5-8,THS_PER,LT,2005,433.9,b,
dataflow,ESTAT:LFSA_EGISED(1.0),A,Y20-64,T,TOTAL,ED5-8,THS_PER,LT,2006,424.6,,
dataflow,ESTAT:LFSA_EGISED(1.0),A,Y20-64,T,TOTAL,ED5-8,THS_PER,LT,2007,455.7,,
dataflow,ESTAT:LFSA_EGISED(1.0),A,Y20-64,T,TOTAL,ED5-8,THS_PER,LT,2008,481.6,,
dataflow,ESTAT:LFSA_EGISED(1.0),A,Y20-64,T,TOTAL,ED5-8,THS_PER,LT,2009,470.9,,
dataflow,ESTAT:LFSA_EGISED(1.0),A,Y20-64,T,TOTAL,ED5-8,THS_PER,LT,2010,488.4,,
dataflow,ESTAT:LFSA_EGISED(1.0),A,Y20-64,T,TOTAL,ED5-8,THS_PER,LT,2011,494.8,,
dataflow,ESTAT:LFSA_EGISED(1.0),A,Y20-64,T,TOTAL,ED5-8,THS_PER,LT,2012,499.4,,
dataflow,ESTAT:LFSA_EGISED(1.0),A,Y20-64,T,TOTAL,ED5-8,THS_PER,LT,2013,517.5,,
dataflow,ESTAT:LFSA_EGISED(1.0),A,Y20-64,T,TOTAL,ED5-8,THS_PER,LT,2014,544.8,b,
dataflow,ESTAT:LFSA_EGISED(1.0),A,Y20-64,T,TOTAL,ED5-8,THS_PER,LT,2015,570.0,,
dataflow,ESTAT:LFSA_EGISED(1.0),A,Y20-64,T,TOTAL,ED5-8,THS_PER,LT,2016,585.2,,
dataflow,ESTAT:LFSA_EGISED(1.0),A,Y20-64,T,TOTAL,ED5-8,THS_PER,LT,2017,581.0,,
dataflow,ESTAT:LFSA_EGISED(1.0),A,Y20-64,T,TOTAL,ED5-8,THS_PER,LT,2018,597.0,,
dataflow,ESTAT:LFSA_EGISED(1.0),A,Y20-64,T,TOTAL,ED5-8,THS_PER,LT,2019,624.6,,
dataflow,ESTAT:LFSA_EGISED(1.0),A,Y20-64,T,TOTAL,ED5-8,THS_PER,LT,2020,627.7,,
dataflow,ESTAT:LFSA_EGISED(1.0),A,Y20-64,T,TOTAL,ED5-8,THS_PER,LT,2021,642.0,b,
dataflow,ESTAT:LFSA_EGISED(1.0),A,Y20-64,T,TOTAL,ED5-8,THS_PER,LT,2022,680.1,,
dataflow,ESTAT:LFSA_EGISED(1.0),A,Y20-64,T,TOTAL,ED5-8,THS_PER,LT,2023,685.1,,
dataflow,ESTAT:LFSA_EGISED(1.0),A,Y20-64,T,TOTAL,ED5-8,THS_PER,LT,2024,707.1,,
dataflow,ESTAT:LFSA_EGISED(1.0),A,Y20-64,T,TOTAL,ED5-8,THS_PER,LT,2025,743.5,,
dataflow,ESTAT:LFSA_EGISED(1.0),A,Y20-64,T,TOTAL,ED5-8,THS_PER,LU,1992,22.7,,
dataflow,ESTAT:LFSA_EGISED(1.0),A,Y20-64,T,TOTAL,ED5-8,THS_PER,LU,1993,40.7,,
dataflow,ESTAT:LFSA_EGISED(1.0),A,Y20-64,T,TOTAL,ED5-8,THS_PER,LU,1994,41.2,,
dataflow,ESTAT:LFSA_EGISED(1.0),A,Y20-64,T,TOTAL,ED5-8,THS_PER,LU,1995,30.2,,
dataflow,ESTAT:LFSA_EGISED(1.0),A,Y20-64,T,TOTAL,ED5-8,THS_PER,LU,1996,33.7,,
dataflow,ESTAT:LFSA_EGISED(1.0),A,Y20-64,T,TOTAL,ED5-8,THS_PER,LU,1997,39.2,,
dataflow,ESTAT:LFSA_EGISED(1.0),A,Y20-64,T,TOTAL,ED5-8,THS_PER,LU,1999,36.0,,
dataflow,ESTAT:LFSA_EGISED(1.0),A,Y20-64,T,TOTAL,ED5-8,THS_PER,LU,2000,37.7,,
dataflow,ESTAT:LFSA_EGISED(1.0),A,Y20-64,T,TOTAL,ED5-8,THS_PER,LU,2001,38.2,,
dataflow,ESTAT:LFSA_EGISED(1.0),A,Y20-64,T,TOTAL,ED5-8,THS_PER,LU,2002,39.1,,
dataflow,ESTAT:LFSA_EGISED(1.0),A,Y20-64,T,TOTAL,ED5-8,THS_PER,LU,2003,30.2,b,
dataflow,ESTAT:LFSA_EGISED(1.0),A,Y20-64,T,TOTAL,ED5-8,THS_PER,LU,2004,51.2,,
dataflow,ESTAT:LFSA_EGISED(1.0),A,Y20-64,T,TOTAL,ED5-8,THS_PER,LU,2005,57.5,b,
dataflow,ESTAT:LFSA_EGISED(1.0),A,Y20-64,T,TOTAL,ED5-8,THS_PER,LU,2006,53.1,,
dataflow,ESTAT:LFSA_EGISED(1.0),A,Y20-64,T,TOTAL,ED5-8,THS_PER,LU,2007,59.8,b,
dataflow,ESTAT:LFSA_EGISED(1.0),A,Y20-64,T,TOTAL,ED5-8,THS_PER,LU,2008,63.2,,
dataflow,ESTAT:LFSA_EGISED(1.0),A,Y20-64,T,TOTAL,ED5-8,THS_PER,LU,2009,81.5,b,
dataflow,ESTAT:LFSA_EGISED(1.0),A,Y20-64,T,TOTAL,ED5-8,THS_PER,LU,2010,81.8,,
dataflow,ESTAT:LFSA_EGISED(1.0),A,Y20-64,T,TOTAL,ED5-8,THS_PER,LU,2011,90.0,,
dataflow,ESTAT:LFSA_EGISED(1.0),A,Y20-64,T,TOTAL,ED5-8,THS_PER,LU,2012,97.9,,
dataflow,ESTAT:LFSA_EGISED(1.0),A,Y20-64,T,TOTAL,ED5-8,THS_PER,LU,2013,103.5,,
dataflow,ESTAT:LFSA_EGISED(1.0),A,Y20-64,T,TOTAL,ED5-8,THS_PER,LU,2014,118.2,b,
dataflow,ESTAT:LFSA_EGISED(1.0),A,Y20-64,T,TOTAL,ED5-8,THS_PER,LU,2015,108.3,b,
dataflow,ESTAT:LFSA_EGISED(1.0),A,Y20-64,T,TOTAL,ED5-8,THS_PER,LU,2016,107.8,,
dataflow,ESTAT:LFSA_EGISED(1.0),A,Y20-64,T,TOTAL,ED5-8,THS_PER,LU,2017,96.8,,
dataflow,ESTAT:LFSA_EGISED(1.0),A,Y20-64,T,TOTAL,ED5-8,THS_PER,LU,2018,126.6,,
dataflow,ESTAT:LFSA_EGISED(1.0),A,Y20-64,T,TOTAL,ED5-8,THS_PER,LU,2019,141.3,,
dataflow,ESTAT:LFSA_EGISED(1.0),A,Y20-64,T,TOTAL,ED5-8,THS_PER,LU,2020,143.9,,
dataflow,ESTAT:LFSA_EGISED(1.0),A,Y20-64,T,TOTAL,ED5-8,THS_PER,LU,2021,160.0,b,
dataflow,ESTAT:LFSA_EGISED(1.0),A,Y20-64,T,TOTAL,ED5-8,THS_PER,LU,2022,169.4,,
dataflow,ESTAT:LFSA_EGISED(1.0),A,Y20-64,T,TOTAL,ED5-8,THS_PER,LU,2023,173.4,,
dataflow,ESTAT:LFSA_EGISED(1.0),A,Y20-64,T,TOTAL,ED5-8,THS_PER,LU,2024,186.0,,
dataflow,ESTAT:LFSA_EGISED(1.0),A,Y20-64,T,TOTAL,ED5-8,THS_PER,LU,2025,185.1,,
dataflow,ESTAT:LFSA_EGISED(1.0),A,Y20-64,T,TOTAL,ED5-8,THS_PER,LV,1998,184.4,b,
dataflow,ESTAT:LFSA_EGISED(1.0),A,Y20-64,T,TOTAL,ED5-8,THS_PER,LV,1999,188.6,,
dataflow,ESTAT:LFSA_EGISED(1.0),A,Y20-64,T,TOTAL,ED5-8,THS_PER,LV,2000,189.9,,
dataflow,ESTAT:LFSA_EGISED(1.0),A,Y20-64,T,TOTAL,ED5-8,THS_PER,LV,2001,190.7,,
dataflow,ESTAT:LFSA_EGISED(1.0),A,Y20-64,T,TOTAL,ED5-8,THS_PER,LV,2002,194.9,b,
dataflow,ESTAT:LFSA_EGISED(1.0),A,Y20-64,T,TOTAL,ED5-8,THS_PER,LV,2003,185.9,,
dataflow,ESTAT:LFSA_EGISED(1.0),A,Y20-64,T,TOTAL,ED5-8,THS_PER,LV,2004,202.2,,
dataflow,ESTAT:LFSA_EGISED(1.0),A,Y20-64,T,TOTAL,ED5-8,THS_PER,LV,2005,214.9,b,
dataflow,ESTAT:LFSA_EGISED(1.0),A,Y20-64,T,TOTAL,ED5-8,THS_PER,LV,2006,226.5,,
dataflow,ESTAT:LFSA_EGISED(1.0),A,Y20-64,T,TOTAL,ED5-8,THS_PER,LV,2007,240.5,,
dataflow,ESTAT:LFSA_EGISED(1.0),A,Y20-64,T,TOTAL,ED5-8,THS_PER,LV,2008,266.6,,
dataflow,ESTAT:LFSA_EGISED(1.0),A,Y20-64,T,TOTAL,ED5-8,THS_PER,LV,2009,257.3,,
dataflow,ESTAT:LFSA_EGISED(1.0),A,Y20-64,T,TOTAL,ED5-8,THS_PER,LV,2010,256.5,,
dataflow,ESTAT:LFSA_EGISED(1.0),A,Y20-64,T,TOTAL,ED5-8,THS_PER,LV,2011,272.4,,
dataflow,ESTAT:LFSA_EGISED(1.0),A,Y20-64,T,TOTAL,ED5-8,THS_PER,LV,2012,290.1,,
dataflow,ESTAT:LFSA_EGISED(1.0),A,Y20-64,T,TOTAL,ED5-8,THS_PER,LV,2013,302.7,,
dataflow,ESTAT:LFSA_EGISED(1.0),A,Y20-64,T,TOTAL,ED5-8,THS_PER,LV,2014,290.0,b,
dataflow,ESTAT:LFSA_EGISED(1.0),A,Y20-64,T,TOTAL,ED5-8,THS_PER,LV,2015,304.7,,
dataflow,ESTAT:LFSA_EGISED(1.0),A,Y20-64,T,TOTAL,ED5-8,THS_PER,LV,2016,319.4,,
dataflow,ESTAT:LFSA_EGISED(1.0),A,Y20-64,T,TOTAL,ED5-8,THS_PER,LV,2017,320.0,,
dataflow,ESTAT:LFSA_EGISED(1.0),A,Y20-64,T,TOTAL,ED5-8,THS_PER,LV,2018,324.7,,
dataflow,ESTAT:LFSA_EGISED(1.0),A,Y20-64,T,TOTAL,ED5-8,THS_PER,LV,2019,336.1,,
dataflow,ESTAT:LFSA_EGISED(1.0),A,Y20-64,T,TOTAL,ED5-8,THS_PER,LV,2020,340.9,,
dataflow,ESTAT:LFSA_EGISED(1.0),A,Y20-64,T,TOTAL,ED5-8,THS_PER,LV,2021,344.7,b,
dataflow,ESTAT:LFSA_EGISED(1.0),A,Y20-64,T,TOTAL,ED5-8,THS_PER,LV,2022,351.7,,
dataflow,ESTAT:LFSA_EGISED(1.0),A,Y20-64,T,TOTAL,ED5-8,THS_PER,LV,2023,347.0,,
dataflow,ESTAT:LFSA_EGISED(1.0),A,Y20-64,T,TOTAL,ED5-8,THS_PER,LV,2024,351.9,,
dataflow,ESTAT:LFSA_EGISED(1.0),A,Y20-64,T,TOTAL,ED5-8,THS_PER,LV,2025,355.4,,
dataflow,ESTAT:LFSA_EGISED(1.0),A,Y20-64,T,TOTAL,ED5-8,THS_PER,ME,2011,50.8,,
dataflow,ESTAT:LFSA_EGISED(1.0),A,Y20-64,T,TOTAL,ED5-8,THS_PER,ME,2012,56.3,,
dataflow,ESTAT:LFSA_EGISED(1.0),A,Y20-64,T,TOTAL,ED5-8,THS_PER,ME,2013,61.5,,
dataflow,ESTAT:LFSA_EGISED(1.0),A,Y20-64,T,TOTAL,ED5-8,THS_PER,ME,2014,66.5,b,
dataflow,ESTAT:LFSA_EGISED(1.0),A,Y20-64,T,TOTAL,ED5-8,THS_PER,ME,2015,65.9,,
dataflow,ESTAT:LFSA_EGISED(1.0),A,Y20-64,T,TOTAL,ED5-8,THS_PER,ME,2016,69.0,,
dataflow,ESTAT:LFSA_EGISED(1.0),A,Y20-64,T,TOTAL,ED5-8,THS_PER,ME,2017,67.4,,
dataflow,ESTAT:LFSA_EGISED(1.0),A,Y20-64,T,TOTAL,ED5-8,THS_PER,ME,2018,67.5,,
dataflow,ESTAT:LFSA_EGISED(1.0),A,Y20-64,T,TOTAL,ED5-8,THS_PER,ME,2019,72.0,,
dataflow,ESTAT:LFSA_EGISED(1.0),A,Y20-64,T,TOTAL,ED5-8,THS_PER,ME,2020,67.8,,
dataflow,ESTAT:LFSA_EGISED(1.0),A,Y20-64,T,TOTAL,ED5-8,THS_PER,MK,2006,107.0,,
dataflow,ESTAT:LFSA_EGISED(1.0),A,Y20-64,T,TOTAL,ED5-8,THS_PER,MK,2007,116.5,,
dataflow,ESTAT:LFSA_EGISED(1.0),A,Y20-64,T,TOTAL,ED5-8,THS_PER,MK,2008,111.0,,
dataflow,ESTAT:LFSA_EGISED(1.0),A,Y20-64,T,TOTAL,ED5-8,THS_PER,MK,2009,126.7,,
dataflow,ESTAT:LFSA_EGISED(1.0),A,Y20-64,T,TOTAL,ED5-8,THS_PER,MK,2010,136.6,,
dataflow,ESTAT:LFSA_EGISED(1.0),A,Y20-64,T,TOTAL,ED5-8,THS_PER,MK,2011,149.6,,
dataflow,ESTAT:LFSA_EGISED(1.0),A,Y20-64,T,TOTAL,ED5-8,THS_PER,MK,2012,156.2,,
dataflow,ESTAT:LFSA_EGISED(1.0),A,Y20-64,T,TOTAL,ED5-8,THS_PER,MK,2013,149.1,,
dataflow,ESTAT:LFSA_EGISED(1.0),A,Y20-64,T,TOTAL,ED5-8,THS_PER,MK,2014,153.4,b,
dataflow,ESTAT:LFSA_EGISED(1.0),A,Y20-64,T,TOTAL,ED5-8,THS_PER,MK,2015,170.4,,
dataflow,ESTAT:LFSA_EGISED(1.0),A,Y20-64,T,TOTAL,ED5-8,THS_PER,MK,2016,189.0,,
dataflow,ESTAT:LFSA_EGISED(1.0),A,Y20-64,T,TOTAL,ED5-8,THS_PER,MK,2017,192.1,,
dataflow,ESTAT:LFSA_EGISED(1.0),A,Y20-64,T,TOTAL,ED5-8,THS_PER,MK,2018,190.4,,
dataflow,ESTAT:LFSA_EGISED(1.0),A,Y20-64,T,TOTAL,ED5-8,THS_PER,MK,2019,204.9,,
dataflow,ESTAT:LFSA_EGISED(1.0),A,Y20-64,T,TOTAL,ED5-8,THS_PER,MK,2020,224.4,,
dataflow,ESTAT:LFSA_EGISED(1.0),A,Y20-64,T,TOTAL,ED5-8,THS_PER,MK,2021,202.1,b,
dataflow,ESTAT:LFSA_EGISED(1.0),A,Y20-64,T,TOTAL,ED5-8,THS_PER,MK,2022,206.5,,
dataflow,ESTAT:LFSA_EGISED(1.0),A,Y20-64,T,TOTAL,ED5-8,THS_PER,MK,2023,203.1,,
dataflow,ESTAT:LFSA_EGISED(1.0),A,Y20-64,T,TOTAL,ED5-8,THS_PER,MK,2024,208.6,,
dataflow,ESTAT:LFSA_EGISED(1.0),A,Y20-64,T,TOTAL,ED5-8,THS_PER,MK,2025,211.8,,
dataflow,ESTAT:LFSA_EGISED(1.0),A,Y20-64,T,TOTAL,ED5-8,THS_PER,MT,2000,11.0,,
dataflow,ESTAT:LFSA_EGISED(1.0),A,Y20-64,T,TOTAL,ED5-8,THS_PER,MT,2001,19.6,,
dataflow,ESTAT:LFSA_EGISED(1.0),A,Y20-64,T,TOTAL,ED5-8,THS_PER,MT,2002,18.6,,
dataflow,ESTAT:LFSA_EGISED(1.0),A,Y20-64,T,TOTAL,ED5-8,THS_PER,MT,2003,19.1,,
dataflow,ESTAT:LFSA_EGISED(1.0),A,Y20-64,T,TOTAL,ED5-8,THS_PER,MT,2004,23.5,b,
dataflow,ESTAT:LFSA_EGISED(1.0),A,Y20-64,T,TOTAL,ED5-8,THS_PER,MT,2005,23.7,b,
dataflow,ESTAT:LFSA_EGISED(1.0),A,Y20-64,T,TOTAL,ED5-8,THS_PER,MT,2006,25.2,,
dataflow,ESTAT:LFSA_EGISED(1.0),A,Y20-64,T,TOTAL,ED5-8,THS_PER,MT,2007,28.1,,
dataflow,ESTAT:LFSA_EGISED(1.0),A,Y20-64,T,TOTAL,ED5-8,THS_PER,MT,2008,29.4,,
dataflow,ESTAT:LFSA_EGISED(1.0),A,Y20-64,T,TOTAL,ED5-8,THS_PER,MT,2009,30.5,,
dataflow,ESTAT:LFSA_EGISED(1.0),A,Y20-64,T,TOTAL,ED5-8,THS_PER,MT,2010,33.5,,
dataflow,ESTAT:LFSA_EGISED(1.0),A,Y20-64,T,TOTAL,ED5-8,THS_PER,MT,2011,36.9,b,
dataflow,ESTAT:LFSA_EGISED(1.0),A,Y20-64,T,TOTAL,ED5-8,THS_PER,MT,2012,40.9,,
dataflow,ESTAT:LFSA_EGISED(1.0),A,Y20-64,T,TOTAL,ED5-8,THS_PER,MT,2013,45.2,,
dataflow,ESTAT:LFSA_EGISED(1.0),A,Y20-64,T,TOTAL,ED5-8,THS_PER,MT,2014,49.5,b,
dataflow,ESTAT:LFSA_EGISED(1.0),A,Y20-64,T,TOTAL,ED5-8,THS_PER,MT,2015,52.4,,
dataflow,ESTAT:LFSA_EGISED(1.0),A,Y20-64,T,TOTAL,ED5-8,THS_PER,MT,2016,55.0,,
dataflow,ESTAT:LFSA_EGISED(1.0),A,Y20-64,T,TOTAL,ED5-8,THS_PER,MT,2017,62.4,,
dataflow,ESTAT:LFSA_EGISED(1.0),A,Y20-64,T,TOTAL,ED5-8,THS_PER,MT,2018,72.5,,
dataflow,ESTAT:LFSA_EGISED(1.0),A,Y20-64,T,TOTAL,ED5-8,THS_PER,MT,2019,80.4,,
dataflow,ESTAT:LFSA_EGISED(1.0),A,Y20-64,T,TOTAL,ED5-8,THS_PER,MT,2020,86.3,,
dataflow,ESTAT:LFSA_EGISED(1.0),A,Y20-64,T,TOTAL,ED5-8,THS_PER,MT,2021,91.5,b,
dataflow,ESTAT:LFSA_EGISED(1.0),A,Y20-64,T,TOTAL,ED5-8,THS_PER,MT,2022,95.0,,
dataflow,ESTAT:LFSA_EGISED(1.0),A,Y20-64,T,TOTAL,ED5-8,THS_PER,MT,2023,105.0,,
dataflow,ESTAT:LFSA_EGISED(1.0),A,Y20-64,T,TOTAL,ED5-8,THS_PER,MT,2024,118.5,,
dataflow,ESTAT:LFSA_EGISED(1.0),A,Y20-64,T,TOTAL,ED5-8,THS_PER,MT,2025,125.6,,
dataflow,ESTAT:LFSA_EGISED(1.0),A,Y20-64,T,TOTAL,ED5-8,THS_PER,NL,1996,1627.2,,
dataflow,ESTAT:LFSA_EGISED(1.0),A,Y20-64,T,TOTAL,ED5-8,THS_PER,NL,1997,1770.2,,
dataflow,ESTAT:LFSA_EGISED(1.0),A,Y20-64,T,TOTAL,ED5-8,THS_PER,NL,1998,1704.7,b,
dataflow,ESTAT:LFSA_EGISED(1.0),A,Y20-64,T,TOTAL,ED5-8,THS_PER,NL,1999,1792.6,,
dataflow,ESTAT:LFSA_EGISED(1.0),A,Y20-64,T,TOTAL,ED5-8,THS_PER,NL,2000,1895.4,,
dataflow,ESTAT:LFSA_EGISED(1.0),A,Y20-64,T,TOTAL,ED5-8,THS_PER,NL,2001,1909.9,,
dataflow,ESTAT:LFSA_EGISED(1.0),A,Y20-64,T,TOTAL,ED5-8,THS_PER,NL,2002,1987.1,,
dataflow,ESTAT:LFSA_EGISED(1.0),A,Y20-64,T,TOTAL,ED5-8,THS_PER,NL,2003,2183.9,,
dataflow,ESTAT:LFSA_EGISED(1.0),A,Y20-64,T,TOTAL,ED5-8,THS_PER,NL,2004,2347.0,,
dataflow,ESTAT:LFSA_EGISED(1.0),A,Y20-64,T,TOTAL,ED5-8,THS_PER,NL,2005,2232.5,b,
dataflow,ESTAT:LFSA_EGISED(1.0),A,Y20-64,T,TOTAL,ED5-8,THS_PER,NL,2006,2284.9,b,
dataflow,ESTAT:LFSA_EGISED(1.0),A,Y20-64,T,TOTAL,ED5-8,THS_PER,NL,2007,2389.8,,
dataflow,ESTAT:LFSA_EGISED(1.0),A,Y20-64,T,TOTAL,ED5-8,THS_PER,NL,2008,2489.4,,
dataflow,ESTAT:LFSA_EGISED(1.0),A,Y20-64,T,TOTAL,ED5-8,THS_PER,NL,2009,2532.7,,
dataflow,ESTAT:LFSA_EGISED(1.0),A,Y20-64,T,TOTAL,ED5-8,THS_PER,NL,2010,2607.7,,
dataflow,ESTAT:LFSA_EGISED(1.0),A,Y20-64,T,TOTAL,ED5-8,THS_PER,NL,2011,2621.4,,
dataflow,ESTAT:LFSA_EGISED(1.0),A,Y20-64,T,TOTAL,ED5-8,THS_PER,NL,2012,2690.6,,
dataflow,ESTAT:LFSA_EGISED(1.0),A,Y20-64,T,TOTAL,ED5-8,THS_PER,NL,2013,2748.8,b,
dataflow,ESTAT:LFSA_EGISED(1.0),A,Y20-64,T,TOTAL,ED5-8,THS_PER,NL,2014,2796.1,b,
dataflow,ESTAT:LFSA_EGISED(1.0),A,Y20-64,T,TOTAL,ED5-8,THS_PER,NL,2015,2882.0,,
dataflow,ESTAT:LFSA_EGISED(1.0),A,Y20-64,T,TOTAL,ED5-8,THS_PER,NL,2016,2934.5,,
dataflow,ESTAT:LFSA_EGISED(1.0),A,Y20-64,T,TOTAL,ED5-8,THS_PER,NL,2017,3062.8,,
dataflow,ESTAT:LFSA_EGISED(1.0),A,Y20-64,T,TOTAL,ED5-8,THS_PER,NL,2018,3187.9,,
dataflow,ESTAT:LFSA_EGISED(1.0),A,Y20-64,T,TOTAL,ED5-8,THS_PER,NL,2019,3367.6,b,
dataflow,ESTAT:LFSA_EGISED(1.0),A,Y20-64,T,TOTAL,ED5-8,THS_PER,NL,2020,3549.4,,
dataflow,ESTAT:LFSA_EGISED(1.0),A,Y20-64,T,TOTAL,ED5-8,THS_PER,NL,2021,3678.9,b,
dataflow,ESTAT:LFSA_EGISED(1.0),A,Y20-64,T,TOTAL,ED5-8,THS_PER,NL,2022,3869.7,,
dataflow,ESTAT:LFSA_EGISED(1.0),A,Y20-64,T,TOTAL,ED5-8,THS_PER,NL,2023,3884.7,,
dataflow,ESTAT:LFSA_EGISED(1.0),A,Y20-64,T,TOTAL,ED5-8,THS_PER,NL,2024,3955.2,,
dataflow,ESTAT:LFSA_EGISED(1.0),A,Y20-64,T,TOTAL,ED5-8,THS_PER,NL,2025,4087.9,,
dataflow,ESTAT:LFSA_EGISED(1.0),A,Y20-64,T,TOTAL,ED5-8,THS_PER,NO,1996,567.1,,
dataflow,ESTAT:LFSA_EGISED(1.0),A,Y20-64,T,TOTAL,ED5-8,THS_PER,NO,1997,609.1,,
dataflow,ESTAT:LFSA_EGISED(1.0),A,Y20-64,T,TOTAL,ED5-8,THS_PER,NO,1998,632.2,b,
dataflow,ESTAT:LFSA_EGISED(1.0),A,Y20-64,T,TOTAL,ED5-8,THS_PER,NO,1999,656.2,,
dataflow,ESTAT:LFSA_EGISED(1.0),A,Y20-64,T,TOTAL,ED5-8,THS_PER,NO,2000,704.9,,
dataflow,ESTAT:LFSA_EGISED(1.0),A,Y20-64,T,TOTAL,ED5-8,THS_PER,NO,2001,750.8,,
dataflow,ESTAT:LFSA_EGISED(1.0),A,Y20-64,T,TOTAL,ED5-8,THS_PER,NO,2002,760.8,,
dataflow,ESTAT:LFSA_EGISED(1.0),A,Y20-64,T,TOTAL,ED5-8,THS_PER,NO,2003,701.0,b,
dataflow,ESTAT:LFSA_EGISED(1.0),A,Y20-64,T,TOTAL,ED5-8,THS_PER,NO,2004,722.3,,
dataflow,ESTAT:LFSA_EGISED(1.0),A,Y20-64,T,TOTAL,ED5-8,THS_PER,NO,2005,744.4,b,
dataflow,ESTAT:LFSA_EGISED(1.0),A,Y20-64,T,TOTAL,ED5-8,THS_PER,NO,2006,766.0,b,
dataflow,ESTAT:LFSA_EGISED(1.0),A,Y20-64,T,TOTAL,ED5-8,THS_PER,NO,2007,814.7,,
dataflow,ESTAT:LFSA_EGISED(1.0),A,Y20-64,T,TOTAL,ED5-8,THS_PER,NO,2008,850.2,,
dataflow,ESTAT:LFSA_EGISED(1.0),A,Y20-64,T,TOTAL,ED5-8,THS_PER,NO,2009,858.0,,
dataflow,ESTAT:LFSA_EGISED(1.0),A,Y20-64,T,TOTAL,ED5-8,THS_PER,NO,2010,886.1,,
dataflow,ESTAT:LFSA_EGISED(1.0),A,Y20-64,T,TOTAL,ED5-8,THS_PER,NO,2011,914.1,,
dataflow,ESTAT:LFSA_EGISED(1.0),A,Y20-64,T,TOTAL,ED5-8,THS_PER,NO,2012,949.4,,
dataflow,ESTAT:LFSA_EGISED(1.0),A,Y20-64,T,TOTAL,ED5-8,THS_PER,NO,2013,982.4,,
dataflow,ESTAT:LFSA_EGISED(1.0),A,Y20-64,T,TOTAL,ED5-8,THS_PER,NO,2014,1076.3,b,
dataflow,ESTAT:LFSA_EGISED(1.0),A,Y20-64,T,TOTAL,ED5-8,THS_PER,NO,2015,1102.2,,
dataflow,ESTAT:LFSA_EGISED(1.0),A,Y20-64,T,TOTAL,ED5-8,THS_PER,NO,2016,1107.9,,
dataflow,ESTAT:LFSA_EGISED(1.0),A,Y20-64,T,TOTAL,ED5-8,THS_PER,NO,2017,1113.8,,
dataflow,ESTAT:LFSA_EGISED(1.0),A,Y20-64,T,TOTAL,ED5-8,THS_PER,NO,2018,1138.2,,
dataflow,ESTAT:LFSA_EGISED(1.0),A,Y20-64,T,TOTAL,ED5-8,THS_PER,NO,2019,1158.6,,
dataflow,ESTAT:LFSA_EGISED(1.0),A,Y20-64,T,TOTAL,ED5-8,THS_PER,NO,2020,1189.9,,
dataflow,ESTAT:LFSA_EGISED(1.0),A,Y20-64,T,TOTAL,ED5-8,THS_PER,NO,2021,1240.7,b,
dataflow,ESTAT:LFSA_EGISED(1.0),A,Y20-64,T,TOTAL,ED5-8,THS_PER,NO,2022,1275.0,,
dataflow,ESTAT:LFSA_EGISED(1.0),A,Y20-64,T,TOTAL,ED5-8,THS_PER,NO,2023,1307.1,,
dataflow,ESTAT:LFSA_EGISED(1.0),A,Y20-64,T,TOTAL,ED5-8,THS_PER,NO,2024,1337.9,,
dataflow,ESTAT:LFSA_EGISED(1.0),A,Y20-64,T,TOTAL,ED5-8,THS_PER,NO,2025,1353.6,,
dataflow,ESTAT:LFSA_EGISED(1.0),A,Y20-64,T,TOTAL,ED5-8,THS_PER,PL,1997,2232.4,,
dataflow,ESTAT:LFSA_EGISED(1.0),A,Y20-64,T,TOTAL,ED5-8,THS_PER,PL,1998,1863.9,b,
dataflow,ESTAT:LFSA_EGISED(1.0),A,Y20-64,T,TOTAL,ED5-8,THS_PER,PL,1999,1957.9,,
dataflow,ESTAT:LFSA_EGISED(1.0),A,Y20-64,T,TOTAL,ED5-8,THS_PER,PL,2000,1960.2,b,
dataflow,ESTAT:LFSA_EGISED(1.0),A,Y20-64,T,TOTAL,ED5-8,THS_PER,PL,2001,2034.3,b,
dataflow,ESTAT:LFSA_EGISED(1.0),A,Y20-64,T,TOTAL,ED5-8,THS_PER,PL,2002,2123.8,,
dataflow,ESTAT:LFSA_EGISED(1.0),A,Y20-64,T,TOTAL,ED5-8,THS_PER,PL,2003,2399.7,b,
dataflow,ESTAT:LFSA_EGISED(1.0),A,Y20-64,T,TOTAL,ED5-8,THS_PER,PL,2004,2634.5,b,
dataflow,ESTAT:LFSA_EGISED(1.0),A,Y20-64,T,TOTAL,ED5-8,THS_PER,PL,2005,2958.7,b,
dataflow,ESTAT:LFSA_EGISED(1.0),A,Y20-64,T,TOTAL,ED5-8,THS_PER,PL,2006,3200.2,,
dataflow,ESTAT:LFSA_EGISED(1.0),A,Y20-64,T,TOTAL,ED5-8,THS_PER,PL,2007,3408.5,,
dataflow,ESTAT:LFSA_EGISED(1.0),A,Y20-64,T,TOTAL,ED5-8,THS_PER,PL,2008,3635.8,,
dataflow,ESTAT:LFSA_EGISED(1.0),A,Y20-64,T,TOTAL,ED5-8,THS_PER,PL,2009,3984.2,,
dataflow,ESTAT:LFSA_EGISED(1.0),A,Y20-64,T,TOTAL,ED5-8,THS_PER,PL,2010,4137.1,b,
dataflow,ESTAT:LFSA_EGISED(1.0),A,Y20-64,T,TOTAL,ED5-8,THS_PER,PL,2011,4300.9,,
dataflow,ESTAT:LFSA_EGISED(1.0),A,Y20-64,T,TOTAL,ED5-8,THS_PER,PL,2012,4531.2,,
dataflow,ESTAT:LFSA_EGISED(1.0),A,Y20-64,T,TOTAL,ED5-8,THS_PER,PL,2013,4748.5,,
dataflow,ESTAT:LFSA_EGISED(1.0),A,Y20-64,T,TOTAL,ED5-8,THS_PER,PL,2014,5047.5,b,
dataflow,ESTAT:LFSA_EGISED(1.0),A,Y20-64,T,TOTAL,ED5-8,THS_PER,PL,2015,5220.2,,
dataflow,ESTAT:LFSA_EGISED(1.0),A,Y20-64,T,TOTAL,ED5-8,THS_PER,PL,2016,5335.4,,
dataflow,ESTAT:LFSA_EGISED(1.0),A,Y20-64,T,TOTAL,ED5-8,THS_PER,PL,2017,5547.5,,
dataflow,ESTAT:LFSA_EGISED(1.0),A,Y20-64,T,TOTAL,ED5-8,THS_PER,PL,2018,5713.7,,
dataflow,ESTAT:LFSA_EGISED(1.0),A,Y20-64,T,TOTAL,ED5-8,THS_PER,PL,2019,6098.1,b,
dataflow,ESTAT:LFSA_EGISED(1.0),A,Y20-64,T,TOTAL,ED5-8,THS_PER,PL,2020,6215.8,,
dataflow,ESTAT:LFSA_EGISED(1.0),A,Y20-64,T,TOTAL,ED5-8,THS_PER,PL,2021,6291.6,b,
dataflow,ESTAT:LFSA_EGISED(1.0),A,Y20-64,T,TOTAL,ED5-8,THS_PER,PL,2022,6380.2,,
dataflow,ESTAT:LFSA_EGISED(1.0),A,Y20-64,T,TOTAL,ED5-8,THS_PER,PL,2023,7017.2,,
dataflow,ESTAT:LFSA_EGISED(1.0),A,Y20-64,T,TOTAL,ED5-8,THS_PER,PL,2024,7220.1,,
dataflow,ESTAT:LFSA_EGISED(1.0),A,Y20-64,T,TOTAL,ED5-8,THS_PER,PL,2025,7265.5,,
dataflow,ESTAT:LFSA_EGISED(1.0),A,Y20-64,T,TOTAL,ED5-8,THS_PER,PT,1992,509.7,,
dataflow,ESTAT:LFSA_EGISED(1.0),A,Y20-64,T,TOTAL,ED5-8,THS_PER,PT,1993,499.1,,
dataflow,ESTAT:LFSA_EGISED(1.0),A,Y20-64,T,TOTAL,ED5-8,THS_PER,PT,1994,516.5,,
dataflow,ESTAT:LFSA_EGISED(1.0),A,Y20-64,T,TOTAL,ED5-8,THS_PER,PT,1995,539.3,,
dataflow,ESTAT:LFSA_EGISED(1.0),A,Y20-64,T,TOTAL,ED5-8,THS_PER,PT,1996,521.3,,
dataflow,ESTAT:LFSA_EGISED(1.0),A,Y20-64,T,TOTAL,ED5-8,THS_PER,PT,1997,526.6,,
dataflow,ESTAT:LFSA_EGISED(1.0),A,Y20-64,T,TOTAL,ED5-8,THS_PER,PT,1998,418.8,b,
dataflow,ESTAT:LFSA_EGISED(1.0),A,Y20-64,T,TOTAL,ED5-8,THS_PER,PT,1999,458.5,,
dataflow,ESTAT:LFSA_EGISED(1.0),A,Y20-64,T,TOTAL,ED5-8,THS_PER,PT,2000,469.9,,
dataflow,ESTAT:LFSA_EGISED(1.0),A,Y20-64,T,TOTAL,ED5-8,THS_PER,PT,2001,488.0,,
dataflow,ESTAT:LFSA_EGISED(1.0),A,Y20-64,T,TOTAL,ED5-8,THS_PER,PT,2002,505.8,,
dataflow,ESTAT:LFSA_EGISED(1.0),A,Y20-64,T,TOTAL,ED5-8,THS_PER,PT,2003,548.3,,
dataflow,ESTAT:LFSA_EGISED(1.0),A,Y20-64,T,TOTAL,ED5-8,THS_PER,PT,2004,665.0,b,
dataflow,ESTAT:LFSA_EGISED(1.0),A,Y20-64,T,TOTAL,ED5-8,THS_PER,PT,2005,666.6,b,
dataflow,ESTAT:LFSA_EGISED(1.0),A,Y20-64,T,TOTAL,ED5-8,THS_PER,PT,2006,692.1,,
dataflow,ESTAT:LFSA_EGISED(1.0),A,Y20-64,T,TOTAL,ED5-8,THS_PER,PT,2007,709.2,,
dataflow,ESTAT:LFSA_EGISED(1.0),A,Y20-64,T,TOTAL,ED5-8,THS_PER,PT,2008,752.3,,
dataflow,ESTAT:LFSA_EGISED(1.0),A,Y20-64,T,TOTAL,ED5-8,THS_PER,PT,2009,774.2,,
dataflow,ESTAT:LFSA_EGISED(1.0),A,Y20-64,T,TOTAL,ED5-8,THS_PER,PT,2010,805.2,,
dataflow,ESTAT:LFSA_EGISED(1.0),A,Y20-64,T,TOTAL,ED5-8,THS_PER,PT,2011,877.8,b,
dataflow,ESTAT:LFSA_EGISED(1.0),A,Y20-64,T,TOTAL,ED5-8,THS_PER,PT,2012,910.0,,
dataflow,ESTAT:LFSA_EGISED(1.0),A,Y20-64,T,TOTAL,ED5-8,THS_PER,PT,2013,928.9,,
dataflow,ESTAT:LFSA_EGISED(1.0),A,Y20-64,T,TOTAL,ED5-8,THS_PER,PT,2014,1063.3,b,
dataflow,ESTAT:LFSA_EGISED(1.0),A,Y20-64,T,TOTAL,ED5-8,THS_PER,PT,2015,1126.1,,
dataflow,ESTAT:LFSA_EGISED(1.0),A,Y20-64,T,TOTAL,ED5-8,THS_PER,PT,2016,1177.9,,
dataflow,ESTAT:LFSA_EGISED(1.0),A,Y20-64,T,TOTAL,ED5-8,THS_PER,PT,2017,1215.2,,
dataflow,ESTAT:LFSA_EGISED(1.0),A,Y20-64,T,TOTAL,ED5-8,THS_PER,PT,2018,1284.7,,
dataflow,ESTAT:LFSA_EGISED(1.0),A,Y20-64,T,TOTAL,ED5-8,THS_PER,PT,2019,1353.7,,
dataflow,ESTAT:LFSA_EGISED(1.0),A,Y20-64,T,TOTAL,ED5-8,THS_PER,PT,2020,1385.6,,
dataflow,ESTAT:LFSA_EGISED(1.0),A,Y20-64,T,TOTAL,ED5-8,THS_PER,PT,2021,1486.4,b,
dataflow,ESTAT:LFSA_EGISED(1.0),A,Y20-64,T,TOTAL,ED5-8,THS_PER,PT,2022,1548.8,,
dataflow,ESTAT:LFSA_EGISED(1.0),A,Y20-64,T,TOTAL,ED5-8,THS_PER,PT,2023,1582.3,,
dataflow,ESTAT:LFSA_EGISED(1.0),A,Y20-64,T,TOTAL,ED5-8,THS_PER,PT,2024,1677.6,,
dataflow,ESTAT:LFSA_EGISED(1.0),A,Y20-64,T,TOTAL,ED5-8,THS_PER,PT,2025,1789.6,,
dataflow,ESTAT:LFSA_EGISED(1.0),A,Y20-64,T,TOTAL,ED5-8,THS_PER,RO,1997,1437.0,,
dataflow,ESTAT:LFSA_EGISED(1.0),A,Y20-64,T,TOTAL,ED5-8,THS_PER,RO,1998,915.7,b,
dataflow,ESTAT:LFSA_EGISED(1.0),A,Y20-64,T,TOTAL,ED5-8,THS_PER,RO,1999,914.4,,
dataflow,ESTAT:LFSA_EGISED(1.0),A,Y20-64,T,TOTAL,ED5-8,THS_PER,RO,2000,938.8,,
dataflow,ESTAT:LFSA_EGISED(1.0),A,Y20-64,T,TOTAL,ED5-8,THS_PER,RO,2001,1005.5,,
dataflow,ESTAT:LFSA_EGISED(1.0),A,Y20-64,T,TOTAL,ED5-8,THS_PER,RO,2002,1013.5,b,
dataflow,ESTAT:LFSA_EGISED(1.0),A,Y20-64,T,TOTAL,ED5-8,THS_PER,RO,2003,970.3,b,
dataflow,ESTAT:LFSA_EGISED(1.0),A,Y20-64,T,TOTAL,ED5-8,THS_PER,RO,2004,1093.5,,
dataflow,ESTAT:LFSA_EGISED(1.0),A,Y20-64,T,TOTAL,ED5-8,THS_PER,RO,2005,1142.2,b,
dataflow,ESTAT:LFSA_EGISED(1.0),A,Y20-64,T,TOTAL,ED5-8,THS_PER,RO,2006,1240.4,,
dataflow,ESTAT:LFSA_EGISED(1.0),A,Y20-64,T,TOTAL,ED5-8,THS_PER,RO,2007,1279.0,,
dataflow,ESTAT:LFSA_EGISED(1.0),A,Y20-64,T,TOTAL,ED5-8,THS_PER,RO,2008,1377.4,,
dataflow,ESTAT:LFSA_EGISED(1.0),A,Y20-64,T,TOTAL,ED5-8,THS_PER,RO,2009,1420.8,,
dataflow,ESTAT:LFSA_EGISED(1.0),A,Y20-64,T,TOTAL,ED5-8,THS_PER,RO,2010,1367.1,b,
dataflow,ESTAT:LFSA_EGISED(1.0),A,Y20-64,T,TOTAL,ED5-8,THS_PER,RO,2011,1468.5,,
dataflow,ESTAT:LFSA_EGISED(1.0),A,Y20-64,T,TOTAL,ED5-8,THS_PER,RO,2012,1520.0,,
dataflow,ESTAT:LFSA_EGISED(1.0),A,Y20-64,T,TOTAL,ED5-8,THS_PER,RO,2013,1552.0,,
dataflow,ESTAT:LFSA_EGISED(1.0),A,Y20-64,T,TOTAL,ED5-8,THS_PER,RO,2014,1580.4,b,
dataflow,ESTAT:LFSA_EGISED(1.0),A,Y20-64,T,TOTAL,ED5-8,THS_PER,RO,2015,1716.1,,
dataflow,ESTAT:LFSA_EGISED(1.0),A,Y20-64,T,TOTAL,ED5-8,THS_PER,RO,2016,1725.0,,
dataflow,ESTAT:LFSA_EGISED(1.0),A,Y20-64,T,TOTAL,ED5-8,THS_PER,RO,2017,1764.5,,
dataflow,ESTAT:LFSA_EGISED(1.0),A,Y20-64,T,TOTAL,ED5-8,THS_PER,RO,2018,1769.2,,
dataflow,ESTAT:LFSA_EGISED(1.0),A,Y20-64,T,TOTAL,ED5-8,THS_PER,RO,2019,1827.5,,
dataflow,ESTAT:LFSA_EGISED(1.0),A,Y20-64,T,TOTAL,ED5-8,THS_PER,RO,2020,1813.9,,
dataflow,ESTAT:LFSA_EGISED(1.0),A,Y20-64,T,TOTAL,ED5-8,THS_PER,RO,2021,1793.7,b,
dataflow,ESTAT:LFSA_EGISED(1.0),A,Y20-64,T,TOTAL,ED5-8,THS_PER,RO,2022,1870.4,,
dataflow,ESTAT:LFSA_EGISED(1.0),A,Y20-64,T,TOTAL,ED5-8,THS_PER,RO,2023,1742.1,,
dataflow,ESTAT:LFSA_EGISED(1.0),A,Y20-64,T,TOTAL,ED5-8,THS_PER,RO,2024,1813.7,,
dataflow,ESTAT:LFSA_EGISED(1.0),A,Y20-64,T,TOTAL,ED5-8,THS_PER,RO,2025,1825.4,,
dataflow,ESTAT:LFSA_EGISED(1.0),A,Y20-64,T,TOTAL,ED5-8,THS_PER,RS,2010,485.3,,
dataflow,ESTAT:LFSA_EGISED(1.0),A,Y20-64,T,TOTAL,ED5-8,THS_PER,RS,2011,478.8,,
dataflow,ESTAT:LFSA_EGISED(1.0),A,Y20-64,T,TOTAL,ED5-8,THS_PER,RS,2012,495.8,,
dataflow,ESTAT:LFSA_EGISED(1.0),A,Y20-64,T,TOTAL,ED5-8,THS_PER,RS,2013,508.6,,
dataflow,ESTAT:LFSA_EGISED(1.0),A,Y20-64,T,TOTAL,ED5-8,THS_PER,RS,2014,597.6,b,
dataflow,ESTAT:LFSA_EGISED(1.0),A,Y20-64,T,TOTAL,ED5-8,THS_PER,RS,2015,630.5,,
dataflow,ESTAT:LFSA_EGISED(1.0),A,Y20-64,T,TOTAL,ED5-8,THS_PER,RS,2016,658.2,,
dataflow,ESTAT:LFSA_EGISED(1.0),A,Y20-64,T,TOTAL,ED5-8,THS_PER,RS,2017,690.7,,
dataflow,ESTAT:LFSA_EGISED(1.0),A,Y20-64,T,TOTAL,ED5-8,THS_PER,RS,2018,723.6,,
dataflow,ESTAT:LFSA_EGISED(1.0),A,Y20-64,T,TOTAL,ED5-8,THS_PER,RS,2019,741.5,,
dataflow,ESTAT:LFSA_EGISED(1.0),A,Y20-64,T,TOTAL,ED5-8,THS_PER,RS,2020,738.7,,
dataflow,ESTAT:LFSA_EGISED(1.0),A,Y20-64,T,TOTAL,ED5-8,THS_PER,RS,2021,768.0,b,
dataflow,ESTAT:LFSA_EGISED(1.0),A,Y20-64,T,TOTAL,ED5-8,THS_PER,RS,2022,806.6,,
dataflow,ESTAT:LFSA_EGISED(1.0),A,Y20-64,T,TOTAL,ED5-8,THS_PER,RS,2023,826.5,,
dataflow,ESTAT:LFSA_EGISED(1.0),A,Y20-64,T,TOTAL,ED5-8,THS_PER,RS,2024,868.7,,
dataflow,ESTAT:LFSA_EGISED(1.0),A,Y20-64,T,TOTAL,ED5-8,THS_PER,RS,2025,894.9,,
dataflow,ESTAT:LFSA_EGISED(1.0),A,Y20-64,T,TOTAL,ED5-8,THS_PER,SE,1995,1107.4,,
dataflow,ESTAT:LFSA_EGISED(1.0),A,Y20-64,T,TOTAL,ED5-8,THS_PER,SE,1996,1079.9,,
dataflow,ESTAT:LFSA_EGISED(1.0),A,Y20-64,T,TOTAL,ED5-8,THS_PER,SE,1997,1065.8,,
dataflow,ESTAT:LFSA_EGISED(1.0),A,Y20-64,T,TOTAL,ED5-8,THS_PER,SE,1998,1118.1,b,
dataflow,ESTAT:LFSA_EGISED(1.0),A,Y20-64,T,TOTAL,ED5-8,THS_PER,SE,1999,1182.2,,
dataflow,ESTAT:LFSA_EGISED(1.0),A,Y20-64,T,TOTAL,ED5-8,THS_PER,SE,2000,1225.3,,
dataflow,ESTAT:LFSA_EGISED(1.0),A,Y20-64,T,TOTAL,ED5-8,THS_PER,SE,2001,1074.4,b,
dataflow,ESTAT:LFSA_EGISED(1.0),A,Y20-64,T,TOTAL,ED5-8,THS_PER,SE,2002,1108.9,,
dataflow,ESTAT:LFSA_EGISED(1.0),A,Y20-64,T,TOTAL,ED5-8,THS_PER,SE,2003,1150.4,,
dataflow,ESTAT:LFSA_EGISED(1.0),A,Y20-64,T,TOTAL,ED5-8,THS_PER,SE,2004,1185.2,,
dataflow,ESTAT:LFSA_EGISED(1.0),A,Y20-64,T,TOTAL,ED5-8,THS_PER,SE,2005,1233.8,b,
dataflow,ESTAT:LFSA_EGISED(1.0),A,Y20-64,T,TOTAL,ED5-8,THS_PER,SE,2006,1312.0,b,
dataflow,ESTAT:LFSA_EGISED(1.0),A,Y20-64,T,TOTAL,ED5-8,THS_PER,SE,2007,1369.7,,
dataflow,ESTAT:LFSA_EGISED(1.0),A,Y20-64,T,TOTAL,ED5-8,THS_PER,SE,2008,1413.5,,
dataflow,ESTAT:LFSA_EGISED(1.0),A,Y20-64,T,TOTAL,ED5-8,THS_PER,SE,2009,1443.2,,
dataflow,ESTAT:LFSA_EGISED(1.0),A,Y20-64,T,TOTAL,ED5-8,THS_PER,SE,2010,1481.0,,
dataflow,ESTAT:LFSA_EGISED(1.0),A,Y20-64,T,TOTAL,ED5-8,THS_PER,SE,2011,1538.2,,
dataflow,ESTAT:LFSA_EGISED(1.0),A,Y20-64,T,TOTAL,ED5-8,THS_PER,SE,2012,1593.0,,
dataflow,ESTAT:LFSA_EGISED(1.0),A,Y20-64,T,TOTAL,ED5-8,THS_PER,SE,2013,1674.2,,
dataflow,ESTAT:LFSA_EGISED(1.0),A,Y20-64,T,TOTAL,ED5-8,THS_PER,SE,2014,1757.3,b,
dataflow,ESTAT:LFSA_EGISED(1.0),A,Y20-64,T,TOTAL,ED5-8,THS_PER,SE,2015,1829.4,,
dataflow,ESTAT:LFSA_EGISED(1.0),A,Y20-64,T,TOTAL,ED5-8,THS_PER,SE,2016,1925.1,,
dataflow,ESTAT:LFSA_EGISED(1.0),A,Y20-64,T,TOTAL,ED5-8,THS_PER,SE,2017,1985.5,,
dataflow,ESTAT:LFSA_EGISED(1.0),A,Y20-64,T,TOTAL,ED5-8,THS_PER,SE,2018,2075.1,b,
dataflow,ESTAT:LFSA_EGISED(1.0),A,Y20-64,T,TOTAL,ED5-8,THS_PER,SE,2019,2138.1,,
dataflow,ESTAT:LFSA_EGISED(1.0),A,Y20-64,T,TOTAL,ED5-8,THS_PER,SE,2020,2157.9,,
dataflow,ESTAT:LFSA_EGISED(1.0),A,Y20-64,T,TOTAL,ED5-8,THS_PER,SE,2021,2235.1,b,
dataflow,ESTAT:LFSA_EGISED(1.0),A,Y20-64,T,TOTAL,ED5-8,THS_PER,SE,2022,2365.5,,
dataflow,ESTAT:LFSA_EGISED(1.0),A,Y20-64,T,TOTAL,ED5-8,THS_PER,SE,2023,2433.4,,
dataflow,ESTAT:LFSA_EGISED(1.0),A,Y20-64,T,TOTAL,ED5-8,THS_PER,SE,2024,2460.5,,
dataflow,ESTAT:LFSA_EGISED(1.0),A,Y20-64,T,TOTAL,ED5-8,THS_PER,SE,2025,2491.7,,
dataflow,ESTAT:LFSA_EGISED(1.0),A,Y20-64,T,TOTAL,ED5-8,THS_PER,SI,1996,127.3,,
dataflow,ESTAT:LFSA_EGISED(1.0),A,Y20-64,T,TOTAL,ED5-8,THS_PER,SI,1997,124.8,,
dataflow,ESTAT:LFSA_EGISED(1.0),A,Y20-64,T,TOTAL,ED5-8,THS_PER,SI,1998,134.6,b,
dataflow,ESTAT:LFSA_EGISED(1.0),A,Y20-64,T,TOTAL,ED5-8,THS_PER,SI,1999,145.6,,
dataflow,ESTAT:LFSA_EGISED(1.0),A,Y20-64,T,TOTAL,ED5-8,THS_PER,SI,2000,152.3,,
dataflow,ESTAT:LFSA_EGISED(1.0),A,Y20-64,T,TOTAL,ED5-8,THS_PER,SI,2001,133.6,,
dataflow,ESTAT:LFSA_EGISED(1.0),A,Y20-64,T,TOTAL,ED5-8,THS_PER,SI,2002,141.0,,
dataflow,ESTAT:LFSA_EGISED(1.0),A,Y20-64,T,TOTAL,ED5-8,THS_PER,SI,2003,172.0,,
dataflow,ESTAT:LFSA_EGISED(1.0),A,Y20-64,T,TOTAL,ED5-8,THS_PER,SI,2004,188.2,,
dataflow,ESTAT:LFSA_EGISED(1.0),A,Y20-64,T,TOTAL,ED5-8,THS_PER,SI,2005,202.3,b,
dataflow,ESTAT:LFSA_EGISED(1.0),A,Y20-64,T,TOTAL,ED5-8,THS_PER,SI,2006,219.4,,
dataflow,ESTAT:LFSA_EGISED(1.0),A,Y20-64,T,TOTAL,ED5-8,THS_PER,SI,2007,228.4,,
dataflow,ESTAT:LFSA_EGISED(1.0),A,Y20-64,T,TOTAL,ED5-8,THS_PER,SI,2008,235.8,,
dataflow,ESTAT:LFSA_EGISED(1.0),A,Y20-64,T,TOTAL,ED5-8,THS_PER,SI,2009,244.0,,
dataflow,ESTAT:LFSA_EGISED(1.0),A,Y20-64,T,TOTAL,ED5-8,THS_PER,SI,2010,249.4,,
dataflow,ESTAT:LFSA_EGISED(1.0),A,Y20-64,T,TOTAL,ED5-8,THS_PER,SI,2011,262.1,,
dataflow,ESTAT:LFSA_EGISED(1.0),A,Y20-64,T,TOTAL,ED5-8,THS_PER,SI,2012,273.3,,
dataflow,ESTAT:LFSA_EGISED(1.0),A,Y20-64,T,TOTAL,ED5-8,THS_PER,SI,2013,282.2,,
dataflow,ESTAT:LFSA_EGISED(1.0),A,Y20-64,T,TOTAL,ED5-8,THS_PER,SI,2014,287.3,b,
dataflow,ESTAT:LFSA_EGISED(1.0),A,Y20-64,T,TOTAL,ED5-8,THS_PER,SI,2015,305.7,,
dataflow,ESTAT:LFSA_EGISED(1.0),A,Y20-64,T,TOTAL,ED5-8,THS_PER,SI,2016,312.6,,
dataflow,ESTAT:LFSA_EGISED(1.0),A,Y20-64,T,TOTAL,ED5-8,THS_PER,SI,2017,336.6,,
dataflow,ESTAT:LFSA_EGISED(1.0),A,Y20-64,T,TOTAL,ED5-8,THS_PER,SI,2018,341.6,,
dataflow,ESTAT:LFSA_EGISED(1.0),A,Y20-64,T,TOTAL,ED5-8,THS_PER,SI,2019,353.7,,
dataflow,ESTAT:LFSA_EGISED(1.0),A,Y20-64,T,TOTAL,ED5-8,THS_PER,SI,2020,383.3,,
dataflow,ESTAT:LFSA_EGISED(1.0),A,Y20-64,T,TOTAL,ED5-8,THS_PER,SI,2021,417.9,b,
dataflow,ESTAT:LFSA_EGISED(1.0),A,Y20-64,T,TOTAL,ED5-8,THS_PER,SI,2022,415.8,,
dataflow,ESTAT:LFSA_EGISED(1.0),A,Y20-64,T,TOTAL,ED5-8,THS_PER,SI,2023,357.9,b,
dataflow,ESTAT:LFSA_EGISED(1.0),A,Y20-64,T,TOTAL,ED5-8,THS_PER,SI,2024,365.3,,
dataflow,ESTAT:LFSA_EGISED(1.0),A,Y20-64,T,TOTAL,ED5-8,THS_PER,SI,2025,367.6,,
dataflow,ESTAT:LFSA_EGISED(1.0),A,Y20-64,T,TOTAL,ED5-8,THS_PER,SK,1998,262.8,b,
dataflow,ESTAT:LFSA_EGISED(1.0),A,Y20-64,T,TOTAL,ED5-8,THS_PER,SK,1999,247.0,b,
dataflow,ESTAT:LFSA_EGISED(1.0),A,Y20-64,T,TOTAL,ED5-8,THS_PER,SK,2000,256.1,,
dataflow,ESTAT:LFSA_EGISED(1.0),A,Y20-64,T,TOTAL,ED5-8,THS_PER,SK,2001,269.6,,
dataflow,ESTAT:LFSA_EGISED(1.0),A,Y20-64,T,TOTAL,ED5-8,THS_PER,SK,2002,275.1,,
dataflow,ESTAT:LFSA_EGISED(1.0),A,Y20-64,T,TOTAL,ED5-8,THS_PER,SK,2003,302.6,b,
dataflow,ESTAT:LFSA_EGISED(1.0),A,Y20-64,T,TOTAL,ED5-8,THS_PER,SK,2004,321.2,,
dataflow,ESTAT:LFSA_EGISED(1.0),A,Y20-64,T,TOTAL,ED5-8,THS_PER,SK,2005,361.4,b,
dataflow,ESTAT:LFSA_EGISED(1.0),A,Y20-64,T,TOTAL,ED5-8,THS_PER,SK,2006,386.2,,
dataflow,ESTAT:LFSA_EGISED(1.0),A,Y20-64,T,TOTAL,ED5-8,THS_PER,SK,2007,382.7,,
dataflow,ESTAT:LFSA_EGISED(1.0),A,Y20-64,T,TOTAL,ED5-8,THS_PER,SK,2008,402.4,,
dataflow,ESTAT:LFSA_EGISED(1.0),A,Y20-64,T,TOTAL,ED5-8,THS_PER,SK,2009,422.5,,
dataflow,ESTAT:LFSA_EGISED(1.0),A,Y20-64,T,TOTAL,ED5-8,THS_PER,SK,2010,461.1,,
dataflow,ESTAT:LFSA_EGISED(1.0),A,Y20-64,T,TOTAL,ED5-8,THS_PER,SK,2011,487.7,b,
dataflow,ESTAT:LFSA_EGISED(1.0),A,Y20-64,T,TOTAL,ED5-8,THS_PER,SK,2012,493.7,,
dataflow,ESTAT:LFSA_EGISED(1.0),A,Y20-64,T,TOTAL,ED5-8,THS_PER,SK,2013,513.0,,
dataflow,ESTAT:LFSA_EGISED(1.0),A,Y20-64,T,TOTAL,ED5-8,THS_PER,SK,2014,527.1,b,
dataflow,ESTAT:LFSA_EGISED(1.0),A,Y20-64,T,TOTAL,ED5-8,THS_PER,SK,2015,553.1,,
dataflow,ESTAT:LFSA_EGISED(1.0),A,Y20-64,T,TOTAL,ED5-8,THS_PER,SK,2016,580.6,,
dataflow,ESTAT:LFSA_EGISED(1.0),A,Y20-64,T,TOTAL,ED5-8,THS_PER,SK,2017,615.1,,
dataflow,ESTAT:LFSA_EGISED(1.0),A,Y20-64,T,TOTAL,ED5-8,THS_PER,SK,2018,655.1,,
dataflow,ESTAT:LFSA_EGISED(1.0),A,Y20-64,T,TOTAL,ED5-8,THS_PER,SK,2019,693.6,,
dataflow,ESTAT:LFSA_EGISED(1.0),A,Y20-64,T,TOTAL,ED5-8,THS_PER,SK,2020,707.7,,
dataflow,ESTAT:LFSA_EGISED(1.0),A,Y20-64,T,TOTAL,ED5-8,THS_PER,SK,2021,767.9,b,
dataflow,ESTAT:LFSA_EGISED(1.0),A,Y20-64,T,TOTAL,ED5-8,THS_PER,SK,2022,811.3,,
dataflow,ESTAT:LFSA_EGISED(1.0),A,Y20-64,T,TOTAL,ED5-8,THS_PER,SK,2023,805.9,,
dataflow,ESTAT:LFSA_EGISED(1.0),A,Y20-64,T,TOTAL,ED5-8,THS_PER,SK,2024,800.9,,
dataflow,ESTAT:LFSA_EGISED(1.0),A,Y20-64,T,TOTAL,ED5-8,THS_PER,SK,2025,826.6,,
dataflow,ESTAT:LFSA_EGISED(1.0),A,Y20-64,T,TOTAL,ED5-8,THS_PER,TR,2006,2675.1,,
dataflow,ESTAT:LFSA_EGISED(1.0),A,Y20-64,T,TOTAL,ED5-8,THS_PER,TR,2007,2857.1,,
dataflow,ESTAT:LFSA_EGISED(1.0),A,Y20-64,T,TOTAL,ED5-8,THS_PER,TR,2008,3113.2,,
dataflow,ESTAT:LFSA_EGISED(1.0),A,Y20-64,T,TOTAL,ED5-8,THS_PER,TR,2009,3296.2,,
dataflow,ESTAT:LFSA_EGISED(1.0),A,Y20-64,T,TOTAL,ED5-8,THS_PER,TR,2010,3581.7,,
dataflow,ESTAT:LFSA_EGISED(1.0),A,Y20-64,T,TOTAL,ED5-8,THS_PER,TR,2011,3977.4,,
dataflow,ESTAT:LFSA_EGISED(1.0),A,Y20-64,T,TOTAL,ED5-8,THS_PER,TR,2012,4458.7,,
dataflow,ESTAT:LFSA_EGISED(1.0),A,Y20-64,T,TOTAL,ED5-8,THS_PER,TR,2013,4796.7,,
dataflow,ESTAT:LFSA_EGISED(1.0),A,Y20-64,T,TOTAL,ED5-8,THS_PER,TR,2014,5053.5,b,
dataflow,ESTAT:LFSA_EGISED(1.0),A,Y20-64,T,TOTAL,ED5-8,THS_PER,TR,2015,5574.2,,
dataflow,ESTAT:LFSA_EGISED(1.0),A,Y20-64,T,TOTAL,ED5-8,THS_PER,TR,2016,6012.6,,
dataflow,ESTAT:LFSA_EGISED(1.0),A,Y20-64,T,TOTAL,ED5-8,THS_PER,TR,2017,6365.0,,
dataflow,ESTAT:LFSA_EGISED(1.0),A,Y20-64,T,TOTAL,ED5-8,THS_PER,TR,2018,6655.1,,
dataflow,ESTAT:LFSA_EGISED(1.0),A,Y20-64,T,TOTAL,ED5-8,THS_PER,TR,2019,7042.0,,
dataflow,ESTAT:LFSA_EGISED(1.0),A,Y20-64,T,TOTAL,ED5-8,THS_PER,TR,2020,7328.0,,
dataflow,ESTAT:LFSA_EGISED(1.0),A,Y20-64,T,TOTAL,ED5-8,THS_PER,TR,2021,7901.1,b,
dataflow,ESTAT:LFSA_EGISED(1.0),A,Y20-64,T,TOTAL,ED5-8,THS_PER,TR,2022,8418.5,,
dataflow,ESTAT:LFSA_EGISED(1.0),A,Y20-64,T,TOTAL,ED5-8,THS_PER,TR,2023,9004.9,,
dataflow,ESTAT:LFSA_EGISED(1.0),A,Y20-64,T,TOTAL,ED5-8,THS_PER,TR,2024,9513.0,,
dataflow,ESTAT:LFSA_EGISED(1.0),A,Y20-64,T,TOTAL,ED5-8,THS_PER,TR,2025,9879.6,,
dataflow,ESTAT:LFSA_EGISED(1.0),A,Y20-64,T,TOTAL,ED5-8,THS_PER,UK,1992,5017.8,,
dataflow,ESTAT:LFSA_EGISED(1.0),A,Y20-64,T,TOTAL,ED5-8,THS_PER,UK,1993,5392.6,,
dataflow,ESTAT:LFSA_EGISED(1.0),A,Y20-64,T,TOTAL,ED5-8,THS_PER,UK,1994,5734.2,,
dataflow,ESTAT:LFSA_EGISED(1.0),A,Y20-64,T,TOTAL,ED5-8,THS_PER,UK,1995,5980.0,,
dataflow,ESTAT:LFSA_EGISED(1.0),A,Y20-64,T,TOTAL,ED5-8,THS_PER,UK,1996,6238.9,,
dataflow,ESTAT:LFSA_EGISED(1.0),A,Y20-64,T,TOTAL,ED5-8,THS_PER,UK,1997,6564.7,,
dataflow,ESTAT:LFSA_EGISED(1.0),A,Y20-64,T,TOTAL,ED5-8,THS_PER,UK,1999,6897.4,b,
dataflow,ESTAT:LFSA_EGISED(1.0),A,Y20-64,T,TOTAL,ED5-8,THS_PER,UK,2000,7197.7,,
dataflow,ESTAT:LFSA_EGISED(1.0),A,Y20-64,T,TOTAL,ED5-8,THS_PER,UK,2001,7434.1,,
dataflow,ESTAT:LFSA_EGISED(1.0),A,Y20-64,T,TOTAL,ED5-8,THS_PER,UK,2002,7591.4,,
dataflow,ESTAT:LFSA_EGISED(1.0),A,Y20-64,T,TOTAL,ED5-8,THS_PER,UK,2003,7906.5,,
dataflow,ESTAT:LFSA_EGISED(1.0),A,Y20-64,T,TOTAL,ED5-8,THS_PER,UK,2004,8346.0,b,
dataflow,ESTAT:LFSA_EGISED(1.0),A,Y20-64,T,TOTAL,ED5-8,THS_PER,UK,2005,8623.4,b,
dataflow,ESTAT:LFSA_EGISED(1.0),A,Y20-64,T,TOTAL,ED5-8,THS_PER,UK,2006,9016.1,,
dataflow,ESTAT:LFSA_EGISED(1.0),A,Y20-64,T,TOTAL,ED5-8,THS_PER,UK,2007,9406.1,b,
dataflow,ESTAT:LFSA_EGISED(1.0),A,Y20-64,T,TOTAL,ED5-8,THS_PER,UK,2008,9599.5,b,
dataflow,ESTAT:LFSA_EGISED(1.0),A,Y20-64,T,TOTAL,ED5-8,THS_PER,UK,2009,9939.5,,
dataflow,ESTAT:LFSA_EGISED(1.0),A,Y20-64,T,TOTAL,ED5-8,THS_PER,UK,2010,10486.0,b,
dataflow,ESTAT:LFSA_EGISED(1.0),A,Y20-64,T,TOTAL,ED5-8,THS_PER,UK,2011,10860.2,b,
dataflow,ESTAT:LFSA_EGISED(1.0),A,Y20-64,T,TOTAL,ED5-8,THS_PER,UK,2012,11389.7,,
dataflow,ESTAT:LFSA_EGISED(1.0),A,Y20-64,T,TOTAL,ED5-8,THS_PER,UK,2013,11825.1,,
dataflow,ESTAT:LFSA_EGISED(1.0),A,Y20-64,T,TOTAL,ED5-8,THS_PER,UK,2014,12246.5,b,
dataflow,ESTAT:LFSA_EGISED(1.0),A,Y20-64,T,TOTAL,ED5-8,THS_PER,UK,2015,12694.1,,
dataflow,ESTAT:LFSA_EGISED(1.0),A,Y20-64,T,TOTAL,ED5-8,THS_PER,UK,2016,13172.0,,
dataflow,ESTAT:LFSA_EGISED(1.0),A,Y20-64,T,TOTAL,ED5-8,THS_PER,UK,2017,13367.4,,
dataflow,ESTAT:LFSA_EGISED(1.0),A,Y20-64,T,TOTAL,ED5-8,THS_PER,UK,2018,13656.3,,
dataflow,ESTAT:LFSA_EGISED(1.0),A,Y20-64,T,TOTAL,ED5-8,THS_PER,UK,2019,14227.6,,
