STRUCTURE,STRUCTURE_ID,freq,unit,sex,age,citizen,geo,TIME_PERIOD,OBS_VALUE,OBS_FLAG,CONF_STATUS
dataflow,ESTAT:LFSA_ERGAN(1.0),A,PC,T,Y20-64,TOTAL,AT,1995,70.7,,
dataflow,ESTAT:LFSA_ERGAN(1.0),A,PC,T,Y20-64,TOTAL,AT,1996,69.8,,
dataflow,ESTAT:LFSA_ERGAN(1.0),A,PC,T,Y20-64,TOTAL,AT,1997,69.9,,
dataflow,ESTAT:LFSA_ERGAN(1.0),A,PC,T,Y20-64,TOTAL,AT,1998,70.2,,
dataflow,ESTAT:LFSA_ERGAN(1.0),A,PC,T,Y20-64,TOTAL,AT,1999,70.9,,
dataflow,ESTAT:LFSA_ERGAN(1.0),A,PC,T,Y20-64,TOTAL,AT,2000,70.7,,
dataflow,ESTAT:LFSA_ERGAN(1.0),A,PC,T,Y20-64,TOTAL,AT,2001,70.7,,
dataflow,ESTAT:LFSA_ERGAN(1.0),A,PC,T,Y20-64,TOTAL,AT,2002,70.9,,
dataflow,ESTAT:LFSA_ERGAN(1.0),A,PC,T,Y20-64,TOTAL,AT,2003,71.3,,
dataflow,ESTAT:LFSA_ERGAN(1.0),A,PC,T,Y20-64,TOTAL,AT,2004,68.4,b,
dataflow,ESTAT:LFSA_ERGAN(1.0),A,PC,T,Y20-64,TOTAL,AT,2005,70.4,b,
dataflow,ESTAT:LFSA_ERGAN(1.0),A,PC,T,Y20-64,TOTAL,AT,2006,71.6,,
dataflow,ESTAT:LFSA_ERGAN(1.0),A,PC,T,Y20-64,TOTAL,AT,2007,72.8,b,
dataflow,ESTAT:LFSA_ERGAN(1.0),A,PC,T,Y20-64,TOTAL,AT,2008,73.8,,
dataflow,ESTAT:LFSA_ERGAN(1.0),A,PC,T,Y20-64,TOTAL,AT,2009,73.4,,
dataflow,ESTAT:LFSA_ERGAN(1.0),A,PC,T,Y20-64,TOTAL,AT,2010,73.9,,
dataflow,ESTAT:LFSA_ERGAN(1.0),A,PC,T,Y20-64,TOTAL,AT,2011,74.2,,
dataflow,ESTAT:LFSA_ERGAN(1.0),A,PC,T,Y20-64,TOTAL,AT,2012,74.4,,
dataflow,ESTAT:LFSA_ERGAN(1.0),A,PC,T,Y20-64,TOTAL,AT,2013,74.6,,
dataflow,ESTAT:LFSA_ERGAN(1.0),A,PC,T,Y20-64,TOTAL,AT,2014,74.2,,
dataflow,ESTAT:LFSA_ERGAN(1.0),A,PC,T,Y20-64,TOTAL,AT,2015,74.3,,
dataflow,ESTAT:LFSA_ERGAN(1.0),A,PC,T,Y20-64,TOTAL,AT,2016,74.8,,
dataflow,ESTAT:LFSA_ERGAN(1.0),A,PC,T,Y20-64,TOTAL,AT,2017,75.4,,
dataflow,ESTAT:LFSA_ERGAN(1.0),A,PC,T,Y20-64,TOTAL,AT,2018,76.2,,
dataflow,ESTAT:LFSA_ERGAN(1.0),A,PC,T,Y20-64,TOTAL,AT,2019,76.8,,
dataflow,ESTAT:LFSA_ERGAN(1.0),A,PC,T,Y20-64,TOTAL,AT,2020,75.5,,
dataflow,ESTAT:LFSA_ERGAN(1.0),A,PC,T,Y20-64,TOTAL,AT,2021,75.6,b,
dataflow,ESTAT:LFSA_ERGAN(1.0),A,PC,T,Y20-64,TOTAL,AT,2022,77.3,,
dataflow,ESTAT:LFSA_ERGAN(1.0),A,PC,T,Y20-64,TOTAL,AT,2023,77.2,,
dataflow,ESTAT:LFSA_ERGAN(1.0),A,PC,T,Y20-64,TOTAL,AT,2024,77.4,,
dataflow,ESTAT:LFSA_ERGAN(1.0),A,PC,T,Y20-64,TOTAL,AT,2025,77.6,,
dataflow,ESTAT:LFSA_ERGAN(1.0),A,PC,T,Y20-64,TOTAL,BA,2021,52.6,b,
dataflow,ESTAT:LFSA_ERGAN(1.0),A,PC,T,Y20-64,TOTAL,BA,2022,53.9,,
dataflow,ESTAT:LFSA_ERGAN(1.0),A,PC,T,Y20-64,TOTAL,BA,2023,55.9,,
dataflow,ESTAT:LFSA_ERGAN(1.0),A,PC,T,Y20-64,TOTAL,BA,2024,58.2,,
dataflow,ESTAT:LFSA_ERGAN(1.0),A,PC,T,Y20-64,TOTAL,BA,2025,59.5,,
dataflow,ESTAT:LFSA_ERGAN(1.0),A,PC,T,Y20-64,TOTAL,BE,1995,61.4,,
dataflow,ESTAT:LFSA_ERGAN(1.0),A,PC,T,Y20-64,TOTAL,BE,1996,61.5,,
dataflow,ESTAT:LFSA_ERGAN(1.0),A,PC,T,Y20-64,TOTAL,BE,1997,62.4,,
dataflow,ESTAT:LFSA_ERGAN(1.0),A,PC,T,Y20-64,TOTAL,BE,1998,62.6,,
dataflow,ESTAT:LFSA_ERGAN(1.0),A,PC,T,Y20-64,TOTAL,BE,1999,64.3,b,
dataflow,ESTAT:LFSA_ERGAN(1.0),A,PC,T,Y20-64,TOTAL,BE,2000,66.3,,
dataflow,ESTAT:LFSA_ERGAN(1.0),A,PC,T,Y20-64,TOTAL,BE,2001,64.9,b,
dataflow,ESTAT:LFSA_ERGAN(1.0),A,PC,T,Y20-64,TOTAL,BE,2002,64.7,,
dataflow,ESTAT:LFSA_ERGAN(1.0),A,PC,T,Y20-64,TOTAL,BE,2003,64.5,,
dataflow,ESTAT:LFSA_ERGAN(1.0),A,PC,T,Y20-64,TOTAL,BE,2004,65.8,,
dataflow,ESTAT:LFSA_ERGAN(1.0),A,PC,T,Y20-64,TOTAL,BE,2005,66.5,b,
dataflow,ESTAT:LFSA_ERGAN(1.0),A,PC,T,Y20-64,TOTAL,BE,2006,66.5,,
dataflow,ESTAT:LFSA_ERGAN(1.0),A,PC,T,Y20-64,TOTAL,BE,2007,67.7,,
dataflow,ESTAT:LFSA_ERGAN(1.0),A,PC,T,Y20-64,TOTAL,BE,2008,68.0,,
dataflow,ESTAT:LFSA_ERGAN(1.0),A,PC,T,Y20-64,TOTAL,BE,2009,67.1,,
dataflow,ESTAT:LFSA_ERGAN(1.0),A,PC,T,Y20-64,TOTAL,BE,2010,67.6,,
dataflow,ESTAT:LFSA_ERGAN(1.0),A,PC,T,Y20-64,TOTAL,BE,2011,67.3,b,
dataflow,ESTAT:LFSA_ERGAN(1.0),A,PC,T,Y20-64,TOTAL,BE,2012,67.2,,
dataflow,ESTAT:LFSA_ERGAN(1.0),A,PC,T,Y20-64,TOTAL,BE,2013,67.2,,
dataflow,ESTAT:LFSA_ERGAN(1.0),A,PC,T,Y20-64,TOTAL,BE,2014,67.3,,
dataflow,ESTAT:LFSA_ERGAN(1.0),A,PC,T,Y20-64,TOTAL,BE,2015,67.2,,
dataflow,ESTAT:LFSA_ERGAN(1.0),A,PC,T,Y20-64,TOTAL,BE,2016,67.7,,
dataflow,ESTAT:LFSA_ERGAN(1.0),A,PC,T,Y20-64,TOTAL,BE,2017,68.5,b,
dataflow,ESTAT:LFSA_ERGAN(1.0),A,PC,T,Y20-64,TOTAL,BE,2018,69.7,,
dataflow,ESTAT:LFSA_ERGAN(1.0),A,PC,T,Y20-64,TOTAL,BE,2019,70.5,,
dataflow,ESTAT:LFSA_ERGAN(1.0),A,PC,T,Y20-64,TOTAL,BE,2020,70.0,,
dataflow,ESTAT:LFSA_ERGAN(1.0),A,PC,T,Y20-64,TOTAL,BE,2021,70.6,b,
dataflow,ESTAT:LFSA_ERGAN(1.0),A,PC,T,Y20-64,TOTAL,BE,2022,71.9,,
dataflow,ESTAT:LFSA_ERGAN(1.0),A,PC,T,Y20-64,TOTAL,BE,2023,72.1,,
dataflow,ESTAT:LFSA_ERGAN(1.0),A,PC,T,Y20-64,TOTAL,BE,2024,72.3,,
dataflow,ESTAT:LFSA_ERGAN(1.0),A,PC,T,Y20-64,TOTAL,BE,2025,72.8,,
dataflow,ESTAT:LFSA_ERGAN(1.0),A,PC,T,Y20-64,TOTAL,BG,2000,56.5,,
dataflow,ESTAT:LFSA_ERGAN(1.0),A,PC,T,Y20-64,TOTAL,BG,2001,55.8,b,
dataflow,ESTAT:LFSA_ERGAN(1.0),A,PC,T,Y20-64,TOTAL,BG,2002,56.5,,
dataflow,ESTAT:LFSA_ERGAN(1.0),A,PC,T,Y20-64,TOTAL,BG,2003,58.7,b,
dataflow,ESTAT:LFSA_ERGAN(1.0),A,PC,T,Y20-64,TOTAL,BG,2004,61.2,,
dataflow,ESTAT:LFSA_ERGAN(1.0),A,PC,T,Y20-64,TOTAL,BG,2005,61.9,b,
dataflow,ESTAT:LFSA_ERGAN(1.0),A,PC,T,Y20-64,TOTAL,BG,2006,65.1,,
dataflow,ESTAT:LFSA_ERGAN(1.0),A,PC,T,Y20-64,TOTAL,BG,2007,68.4,,
dataflow,ESTAT:LFSA_ERGAN(1.0),A,PC,T,Y20-64,TOTAL,BG,2008,70.7,b,
dataflow,ESTAT:LFSA_ERGAN(1.0),A,PC,T,Y20-64,TOTAL,BG,2009,68.8,,
dataflow,ESTAT:LFSA_ERGAN(1.0),A,PC,T,Y20-64,TOTAL,BG,2010,64.7,b,
dataflow,ESTAT:LFSA_ERGAN(1.0),A,PC,T,Y20-64,TOTAL,BG,2011,62.9,b,
dataflow,ESTAT:LFSA_ERGAN(1.0),A,PC,T,Y20-64,TOTAL,BG,2012,63.0,,
dataflow,ESTAT:LFSA_ERGAN(1.0),A,PC,T,Y20-64,TOTAL,BG,2013,63.5,,
dataflow,ESTAT:LFSA_ERGAN(1.0),A,PC,T,Y20-64,TOTAL,BG,2014,65.1,,
dataflow,ESTAT:LFSA_ERGAN(1.0),A,PC,T,Y20-64,TOTAL,BG,2015,67.1,,
dataflow,ESTAT:LFSA_ERGAN(1.0),A,PC,T,Y20-64,TOTAL,BG,2016,67.7,,
dataflow,ESTAT:LFSA_ERGAN(1.0),A,PC,T,Y20-64,TOTAL,BG,2017,71.3,,
dataflow,ESTAT:LFSA_ERGAN(1.0),A,PC,T,Y20-64,TOTAL,BG,2018,72.4,,
dataflow,ESTAT:LFSA_ERGAN(1.0),A,PC,T,Y20-64,TOTAL,BG,2019,75.0,b,
dataflow,ESTAT:LFSA_ERGAN(1.0),A,PC,T,Y20-64,TOTAL,BG,2020,73.6,,
dataflow,ESTAT:LFSA_ERGAN(1.0),A,PC,T,Y20-64,TOTAL,BG,2021,73.3,b,
dataflow,ESTAT:LFSA_ERGAN(1.0),A,PC,T,Y20-64,TOTAL,BG,2022,75.9,,
dataflow,ESTAT:LFSA_ERGAN(1.0),A,PC,T,Y20-64,TOTAL,BG,2023,76.2,,
dataflow,ESTAT:LFSA_ERGAN(1.0),A,PC,T,Y20-64,TOTAL,BG,2024,76.8,b,
dataflow,ESTAT:LFSA_ERGAN(1.0),A,PC,T,Y20-64,TOTAL,BG,2025,77.0,,
dataflow,ESTAT:LFSA_ERGAN(1.0),A,PC,T,Y20-64,TOTAL,CH,1996,79.4,,
dataflow,ESTAT:LFSA_ERGAN(1.0),A,PC,T,Y20-64,TOTAL,CH,1997,79.5,,
dataflow,ESTAT:LFSA_ERGAN(1.0),A,PC,T,Y20-64,TOTAL,CH,1998,80.4,,
dataflow,ESTAT:LFSA_ERGAN(1.0),A,PC,T,Y20-64,TOTAL,CH,1999,80.9,,
dataflow,ESTAT:LFSA_ERGAN(1.0),A,PC,T,Y20-64,TOTAL,CH,2000,80.9,,
dataflow,ESTAT:LFSA_ERGAN(1.0),A,PC,T,Y20-64,TOTAL,CH,2001,81.9,,
dataflow,ESTAT:LFSA_ERGAN(1.0),A,PC,T,Y20-64,TOTAL,CH,2002,81.2,,
dataflow,ESTAT:LFSA_ERGAN(1.0),A,PC,T,Y20-64,TOTAL,CH,2003,80.2,,
dataflow,ESTAT:LFSA_ERGAN(1.0),A,PC,T,Y20-64,TOTAL,CH,2004,80.0,,
dataflow,ESTAT:LFSA_ERGAN(1.0),A,PC,T,Y20-64,TOTAL,CH,2005,79.9,b,
dataflow,ESTAT:LFSA_ERGAN(1.0),A,PC,T,Y20-64,TOTAL,CH,2006,80.5,,
dataflow,ESTAT:LFSA_ERGAN(1.0),A,PC,T,Y20-64,TOTAL,CH,2007,81.3,,
dataflow,ESTAT:LFSA_ERGAN(1.0),A,PC,T,Y20-64,TOTAL,CH,2008,82.3,,
dataflow,ESTAT:LFSA_ERGAN(1.0),A,PC,T,Y20-64,TOTAL,CH,2009,81.7,,
dataflow,ESTAT:LFSA_ERGAN(1.0),A,PC,T,Y20-64,TOTAL,CH,2010,79.7,b,
dataflow,ESTAT:LFSA_ERGAN(1.0),A,PC,T,Y20-64,TOTAL,CH,2011,80.8,,
dataflow,ESTAT:LFSA_ERGAN(1.0),A,PC,T,Y20-64,TOTAL,CH,2012,81.0,,
dataflow,ESTAT:LFSA_ERGAN(1.0),A,PC,T,Y20-64,TOTAL,CH,2013,80.8,,
dataflow,ESTAT:LFSA_ERGAN(1.0),A,PC,T,Y20-64,TOTAL,CH,2014,81.1,,
dataflow,ESTAT:LFSA_ERGAN(1.0),A,PC,T,Y20-64,TOTAL,CH,2015,81.7,,
dataflow,ESTAT:LFSA_ERGAN(1.0),A,PC,T,Y20-64,TOTAL,CH,2016,82.0,,
dataflow,ESTAT:LFSA_ERGAN(1.0),A,PC,T,Y20-64,TOTAL,CH,2017,82.1,,
dataflow,ESTAT:LFSA_ERGAN(1.0),A,PC,T,Y20-64,TOTAL,CH,2018,82.5,,
dataflow,ESTAT:LFSA_ERGAN(1.0),A,PC,T,Y20-64,TOTAL,CH,2019,82.9,,
dataflow,ESTAT:LFSA_ERGAN(1.0),A,PC,T,Y20-64,TOTAL,CH,2020,82.5,,
dataflow,ESTAT:LFSA_ERGAN(1.0),A,PC,T,Y20-64,TOTAL,CH,2021,82.0,b,
dataflow,ESTAT:LFSA_ERGAN(1.0),A,PC,T,Y20-64,TOTAL,CH,2022,82.4,,
dataflow,ESTAT:LFSA_ERGAN(1.0),A,PC,T,Y20-64,TOTAL,CH,2023,83.1,,
dataflow,ESTAT:LFSA_ERGAN(1.0),A,PC,T,Y20-64,TOTAL,CH,2024,83.0,,
dataflow,ESTAT:LFSA_ERGAN(1.0),A,PC,T,Y20-64,TOTAL,CH,2025,82.4,,
dataflow,ESTAT:LFSA_ERGAN(1.0),A,PC,T,Y20-64,TOTAL,CY,1999,70.2,,
dataflow,ESTAT:LFSA_ERGAN(1.0),A,PC,T,Y20-64,TOTAL,CY,2000,72.0,,
dataflow,ESTAT:LFSA_ERGAN(1.0),A,PC,T,Y20-64,TOTAL,CY,2001,74.1,,
dataflow,ESTAT:LFSA_ERGAN(1.0),A,PC,T,Y20-64,TOTAL,CY,2002,75.1,,
dataflow,ESTAT:LFSA_ERGAN(1.0),A,PC,T,Y20-64,TOTAL,CY,2003,75.4,,
dataflow,ESTAT:LFSA_ERGAN(1.0),A,PC,T,Y20-64,TOTAL,CY,2004,75.7,,
dataflow,ESTAT:LFSA_ERGAN(1.0),A,PC,T,Y20-64,TOTAL,CY,2005,74.4,b,
dataflow,ESTAT:LFSA_ERGAN(1.0),A,PC,T,Y20-64,TOTAL,CY,2006,75.8,,
dataflow,ESTAT:LFSA_ERGAN(1.0),A,PC,T,Y20-64,TOTAL,CY,2007,76.8,,
dataflow,ESTAT:LFSA_ERGAN(1.0),A,PC,T,Y20-64,TOTAL,CY,2008,76.5,,
dataflow,ESTAT:LFSA_ERGAN(1.0),A,PC,T,Y20-64,TOTAL,CY,2009,75.3,b,
dataflow,ESTAT:LFSA_ERGAN(1.0),A,PC,T,Y20-64,TOTAL,CY,2010,75.0,,
dataflow,ESTAT:LFSA_ERGAN(1.0),A,PC,T,Y20-64,TOTAL,CY,2011,73.4,,
dataflow,ESTAT:LFSA_ERGAN(1.0),A,PC,T,Y20-64,TOTAL,CY,2012,70.2,,
dataflow,ESTAT:LFSA_ERGAN(1.0),A,PC,T,Y20-64,TOTAL,CY,2013,67.2,,
dataflow,ESTAT:LFSA_ERGAN(1.0),A,PC,T,Y20-64,TOTAL,CY,2014,67.6,,
dataflow,ESTAT:LFSA_ERGAN(1.0),A,PC,T,Y20-64,TOTAL,CY,2015,67.9,,
dataflow,ESTAT:LFSA_ERGAN(1.0),A,PC,T,Y20-64,TOTAL,CY,2016,68.7,,
dataflow,ESTAT:LFSA_ERGAN(1.0),A,PC,T,Y20-64,TOTAL,CY,2017,70.8,,
dataflow,ESTAT:LFSA_ERGAN(1.0),A,PC,T,Y20-64,TOTAL,CY,2018,73.9,,
dataflow,ESTAT:LFSA_ERGAN(1.0),A,PC,T,Y20-64,TOTAL,CY,2019,75.8,,
dataflow,ESTAT:LFSA_ERGAN(1.0),A,PC,T,Y20-64,TOTAL,CY,2020,75.2,,
dataflow,ESTAT:LFSA_ERGAN(1.0),A,PC,T,Y20-64,TOTAL,CY,2021,76.3,b,
dataflow,ESTAT:LFSA_ERGAN(1.0),A,PC,T,Y20-64,TOTAL,CY,2022,78.6,,
dataflow,ESTAT:LFSA_ERGAN(1.0),A,PC,T,Y20-64,TOTAL,CY,2023,79.8,,
dataflow,ESTAT:LFSA_ERGAN(1.0),A,PC,T,Y20-64,TOTAL,CY,2024,80.1,,
dataflow,ESTAT:LFSA_ERGAN(1.0),A,PC,T,Y20-64,TOTAL,CY,2025,81.3,,
dataflow,ESTAT:LFSA_ERGAN(1.0),A,PC,T,Y20-64,TOTAL,CZ,1997,75.0,,
dataflow,ESTAT:LFSA_ERGAN(1.0),A,PC,T,Y20-64,TOTAL,CZ,1998,73.7,,
dataflow,ESTAT:LFSA_ERGAN(1.0),A,PC,T,Y20-64,TOTAL,CZ,1999,71.6,,
dataflow,ESTAT:LFSA_ERGAN(1.0),A,PC,T,Y20-64,TOTAL,CZ,2000,70.9,,
dataflow,ESTAT:LFSA_ERGAN(1.0),A,PC,T,Y20-64,TOTAL,CZ,2001,71.2,,
dataflow,ESTAT:LFSA_ERGAN(1.0),A,PC,T,Y20-64,TOTAL,CZ,2002,71.7,,
dataflow,ESTAT:LFSA_ERGAN(1.0),A,PC,T,Y20-64,TOTAL,CZ,2003,71.0,,
dataflow,ESTAT:LFSA_ERGAN(1.0),A,PC,T,Y20-64,TOTAL,CZ,2004,70.1,,
dataflow,ESTAT:LFSA_ERGAN(1.0),A,PC,T,Y20-64,TOTAL,CZ,2005,70.7,b,
dataflow,ESTAT:LFSA_ERGAN(1.0),A,PC,T,Y20-64,TOTAL,CZ,2006,71.2,,
dataflow,ESTAT:LFSA_ERGAN(1.0),A,PC,T,Y20-64,TOTAL,CZ,2007,72.0,,
dataflow,ESTAT:LFSA_ERGAN(1.0),A,PC,T,Y20-64,TOTAL,CZ,2008,72.4,,
dataflow,ESTAT:LFSA_ERGAN(1.0),A,PC,T,Y20-64,TOTAL,CZ,2009,70.9,,
dataflow,ESTAT:LFSA_ERGAN(1.0),A,PC,T,Y20-64,TOTAL,CZ,2010,70.4,,
dataflow,ESTAT:LFSA_ERGAN(1.0),A,PC,T,Y20-64,TOTAL,CZ,2011,70.9,b,
dataflow,ESTAT:LFSA_ERGAN(1.0),A,PC,T,Y20-64,TOTAL,CZ,2012,71.5,,
dataflow,ESTAT:LFSA_ERGAN(1.0),A,PC,T,Y20-64,TOTAL,CZ,2013,72.5,,
dataflow,ESTAT:LFSA_ERGAN(1.0),A,PC,T,Y20-64,TOTAL,CZ,2014,73.5,,
dataflow,ESTAT:LFSA_ERGAN(1.0),A,PC,T,Y20-64,TOTAL,CZ,2015,74.8,,
dataflow,ESTAT:LFSA_ERGAN(1.0),A,PC,T,Y20-64,TOTAL,CZ,2016,76.7,,
dataflow,ESTAT:LFSA_ERGAN(1.0),A,PC,T,Y20-64,TOTAL,CZ,2017,78.5,,
dataflow,ESTAT:LFSA_ERGAN(1.0),A,PC,T,Y20-64,TOTAL,CZ,2018,79.9,,
dataflow,ESTAT:LFSA_ERGAN(1.0),A,PC,T,Y20-64,TOTAL,CZ,2019,80.3,,
dataflow,ESTAT:LFSA_ERGAN(1.0),A,PC,T,Y20-64,TOTAL,CZ,2020,79.7,,
dataflow,ESTAT:LFSA_ERGAN(1.0),A,PC,T,Y20-64,TOTAL,CZ,2021,80.0,b,
dataflow,ESTAT:LFSA_ERGAN(1.0),A,PC,T,Y20-64,TOTAL,CZ,2022,81.3,,
dataflow,ESTAT:LFSA_ERGAN(1.0),A,PC,T,Y20-64,TOTAL,CZ,2023,81.7,,
dataflow,ESTAT:LFSA_ERGAN(1.0),A,PC,T,Y20-64,TOTAL,CZ,2024,82.3,,
dataflow,ESTAT:LFSA_ERGAN(1.0),A,PC,T,Y20-64,TOTAL,CZ,2025,82.9,,
dataflow,ESTAT:LFSA_ERGAN(1.0),A,PC,T,Y20-64,TOTAL,DE,1995,67.7,,
dataflow,ESTAT:LFSA_ERGAN(1.0),A,PC,T,Y20-64,TOTAL,DE,1996,67.2,,
dataflow,ESTAT:LFSA_ERGAN(1.0),A,PC,T,Y20-64,TOTAL,DE,1997,66.8,,
dataflow,ESTAT:LFSA_ERGAN(1.0),A,PC,T,Y20-64,TOTAL,DE,1998,67.0,,
dataflow,ESTAT:LFSA_ERGAN(1.0),A,PC,T,Y20-64,TOTAL,DE,1999,68.1,,
dataflow,ESTAT:LFSA_ERGAN(1.0),A,PC,T,Y20-64,TOTAL,DE,2000,68.7,,
dataflow,ESTAT:LFSA_ERGAN(1.0),A,PC,T,Y20-64,TOTAL,DE,2001,69.1,,
dataflow,ESTAT:LFSA_ERGAN(1.0),A,PC,T,Y20-64,TOTAL,DE,2002,68.8,,
dataflow,ESTAT:LFSA_ERGAN(1.0),A,PC,T,Y20-64,TOTAL,DE,2003,68.4,,
dataflow,ESTAT:LFSA_ERGAN(1.0),A,PC,T,Y20-64,TOTAL,DE,2004,67.9,,
dataflow,ESTAT:LFSA_ERGAN(1.0),A,PC,T,Y20-64,TOTAL,DE,2005,69.4,b,
dataflow,ESTAT:LFSA_ERGAN(1.0),A,PC,T,Y20-64,TOTAL,DE,2006,71.1,b,
dataflow,ESTAT:LFSA_ERGAN(1.0),A,PC,T,Y20-64,TOTAL,DE,2007,72.9,,
dataflow,ESTAT:LFSA_ERGAN(1.0),A,PC,T,Y20-64,TOTAL,DE,2008,74.0,,
dataflow,ESTAT:LFSA_ERGAN(1.0),A,PC,T,Y20-64,TOTAL,DE,2009,74.2,,
dataflow,ESTAT:LFSA_ERGAN(1.0),A,PC,T,Y20-64,TOTAL,DE,2010,75.0,b,
dataflow,ESTAT:LFSA_ERGAN(1.0),A,PC,T,Y20-64,TOTAL,DE,2011,76.5,b,
dataflow,ESTAT:LFSA_ERGAN(1.0),A,PC,T,Y20-64,TOTAL,DE,2012,76.9,b,
dataflow,ESTAT:LFSA_ERGAN(1.0),A,PC,T,Y20-64,TOTAL,DE,2013,77.3,,
dataflow,ESTAT:LFSA_ERGAN(1.0),A,PC,T,Y20-64,TOTAL,DE,2014,77.7,,
dataflow,ESTAT:LFSA_ERGAN(1.0),A,PC,T,Y20-64,TOTAL,DE,2015,78.0,,
dataflow,ESTAT:LFSA_ERGAN(1.0),A,PC,T,Y20-64,TOTAL,DE,2016,78.6,,
dataflow,ESTAT:LFSA_ERGAN(1.0),A,PC,T,Y20-64,TOTAL,DE,2017,79.2,,
dataflow,ESTAT:LFSA_ERGAN(1.0),A,PC,T,Y20-64,TOTAL,DE,2018,79.9,,
dataflow,ESTAT:LFSA_ERGAN(1.0),A,PC,T,Y20-64,TOTAL,DE,2019,80.6,,
dataflow,ESTAT:LFSA_ERGAN(1.0),A,PC,T,Y20-64,TOTAL,DE,2020,79.2,b,
dataflow,ESTAT:LFSA_ERGAN(1.0),A,PC,T,Y20-64,TOTAL,DE,2021,79.6,b,
dataflow,ESTAT:LFSA_ERGAN(1.0),A,PC,T,Y20-64,TOTAL,DE,2022,80.8,,
dataflow,ESTAT:LFSA_ERGAN(1.0),A,PC,T,Y20-64,TOTAL,DE,2023,81.1,,
dataflow,ESTAT:LFSA_ERGAN(1.0),A,PC,T,Y20-64,TOTAL,DE,2024,81.1,,
dataflow,ESTAT:LFSA_ERGAN(1.0),A,PC,T,Y20-64,TOTAL,DE,2025,81.1,,
dataflow,ESTAT:LFSA_ERGAN(1.0),A,PC,T,Y20-64,TOTAL,DK,1995,75.3,,
dataflow,ESTAT:LFSA_ERGAN(1.0),A,PC,T,Y20-64,TOTAL,DK,1996,75.5,,
dataflow,ESTAT:LFSA_ERGAN(1.0),A,PC,T,Y20-64,TOTAL,DK,1997,76.7,,
dataflow,ESTAT:LFSA_ERGAN(1.0),A,PC,T,Y20-64,TOTAL,DK,1998,76.9,,
dataflow,ESTAT:LFSA_ERGAN(1.0),A,PC,T,Y20-64,TOTAL,DK,1999,77.9,,
dataflow,ESTAT:LFSA_ERGAN(1.0),A,PC,T,Y20-64,TOTAL,DK,2000,77.9,,
dataflow,ESTAT:LFSA_ERGAN(1.0),A,PC,T,Y20-64,TOTAL,DK,2001,78.2,,
dataflow,ESTAT:LFSA_ERGAN(1.0),A,PC,T,Y20-64,TOTAL,DK,2002,78.3,,
dataflow,ESTAT:LFSA_ERGAN(1.0),A,PC,T,Y20-64,TOTAL,DK,2003,77.4,,
dataflow,ESTAT:LFSA_ERGAN(1.0),A,PC,T,Y20-64,TOTAL,DK,2004,78.1,,
dataflow,ESTAT:LFSA_ERGAN(1.0),A,PC,T,Y20-64,TOTAL,DK,2005,78.0,b,
dataflow,ESTAT:LFSA_ERGAN(1.0),A,PC,T,Y20-64,TOTAL,DK,2006,79.4,,
dataflow,ESTAT:LFSA_ERGAN(1.0),A,PC,T,Y20-64,TOTAL,DK,2007,79.0,,
dataflow,ESTAT:LFSA_ERGAN(1.0),A,PC,T,Y20-64,TOTAL,DK,2008,78.7,b,
dataflow,ESTAT:LFSA_ERGAN(1.0),A,PC,T,Y20-64,TOTAL,DK,2009,76.1,,
dataflow,ESTAT:LFSA_ERGAN(1.0),A,PC,T,Y20-64,TOTAL,DK,2010,74.9,,
dataflow,ESTAT:LFSA_ERGAN(1.0),A,PC,T,Y20-64,TOTAL,DK,2011,74.8,,
dataflow,ESTAT:LFSA_ERGAN(1.0),A,PC,T,Y20-64,TOTAL,DK,2012,74.3,,
dataflow,ESTAT:LFSA_ERGAN(1.0),A,PC,T,Y20-64,TOTAL,DK,2013,74.3,,
dataflow,ESTAT:LFSA_ERGAN(1.0),A,PC,T,Y20-64,TOTAL,DK,2014,74.7,,
dataflow,ESTAT:LFSA_ERGAN(1.0),A,PC,T,Y20-64,TOTAL,DK,2015,75.4,,
dataflow,ESTAT:LFSA_ERGAN(1.0),A,PC,T,Y20-64,TOTAL,DK,2016,76.0,b,
dataflow,ESTAT:LFSA_ERGAN(1.0),A,PC,T,Y20-64,TOTAL,DK,2017,76.6,b,
dataflow,ESTAT:LFSA_ERGAN(1.0),A,PC,T,Y20-64,TOTAL,DK,2018,77.5,,
dataflow,ESTAT:LFSA_ERGAN(1.0),A,PC,T,Y20-64,TOTAL,DK,2019,78.3,,
dataflow,ESTAT:LFSA_ERGAN(1.0),A,PC,T,Y20-64,TOTAL,DK,2020,77.8,,
dataflow,ESTAT:LFSA_ERGAN(1.0),A,PC,T,Y20-64,TOTAL,DK,2021,79.0,b,
dataflow,ESTAT:LFSA_ERGAN(1.0),A,PC,T,Y20-64,TOTAL,DK,2022,80.1,,
dataflow,ESTAT:LFSA_ERGAN(1.0),A,PC,T,Y20-64,TOTAL,DK,2023,79.8,b,
dataflow,ESTAT:LFSA_ERGAN(1.0),A,PC,T,Y20-64,TOTAL,DK,2024,80.2,,
dataflow,ESTAT:LFSA_ERGAN(1.0),A,PC,T,Y20-64,TOTAL,DK,2025,79.8,,
dataflow,ESTAT:LFSA_ERGAN(1.0),A,PC,T,Y20-64,TOTAL,EE,1997,70.7,,
dataflow,ESTAT:LFSA_ERGAN(1.0),A,PC,T,Y20-64,TOTAL,EE,1998,71.7,,
dataflow,ESTAT:LFSA_ERGAN(1.0),A,PC,T,Y20-64,TOTAL,EE,1999,68.8,,
dataflow,ESTAT:LFSA_ERGAN(1.0),A,PC,T,Y20-64,TOTAL,EE,2000,67.5,b,
dataflow,ESTAT:LFSA_ERGAN(1.0),A,PC,T,Y20-64,TOTAL,EE,2001,66.8,,
dataflow,ESTAT:LFSA_ERGAN(1.0),A,PC,T,Y20-64,TOTAL,EE,2002,68.3,,
dataflow,ESTAT:LFSA_ERGAN(1.0),A,PC,T,Y20-64,TOTAL,EE,2003,69.1,,
dataflow,ESTAT:LFSA_ERGAN(1.0),A,PC,T,Y20-64,TOTAL,EE,2004,70.2,,
dataflow,ESTAT:LFSA_ERGAN(1.0),A,PC,T,Y20-64,TOTAL,EE,2005,72.0,b,
dataflow,ESTAT:LFSA_ERGAN(1.0),A,PC,T,Y20-64,TOTAL,EE,2006,75.9,,
dataflow,ESTAT:LFSA_ERGAN(1.0),A,PC,T,Y20-64,TOTAL,EE,2007,76.9,,
dataflow,ESTAT:LFSA_ERGAN(1.0),A,PC,T,Y20-64,TOTAL,EE,2008,77.1,,
dataflow,ESTAT:LFSA_ERGAN(1.0),A,PC,T,Y20-64,TOTAL,EE,2009,70.0,,
dataflow,ESTAT:LFSA_ERGAN(1.0),A,PC,T,Y20-64,TOTAL,EE,2010,66.8,,
dataflow,ESTAT:LFSA_ERGAN(1.0),A,PC,T,Y20-64,TOTAL,EE,2011,70.6,,
dataflow,ESTAT:LFSA_ERGAN(1.0),A,PC,T,Y20-64,TOTAL,EE,2012,72.2,,
dataflow,ESTAT:LFSA_ERGAN(1.0),A,PC,T,Y20-64,TOTAL,EE,2013,73.3,,
dataflow,ESTAT:LFSA_ERGAN(1.0),A,PC,T,Y20-64,TOTAL,EE,2014,74.3,,
dataflow,ESTAT:LFSA_ERGAN(1.0),A,PC,T,Y20-64,TOTAL,EE,2015,76.0,,
dataflow,ESTAT:LFSA_ERGAN(1.0),A,PC,T,Y20-64,TOTAL,EE,2016,76.4,,
dataflow,ESTAT:LFSA_ERGAN(1.0),A,PC,T,Y20-64,TOTAL,EE,2017,78.3,,
dataflow,ESTAT:LFSA_ERGAN(1.0),A,PC,T,Y20-64,TOTAL,EE,2018,79.1,,
dataflow,ESTAT:LFSA_ERGAN(1.0),A,PC,T,Y20-64,TOTAL,EE,2019,79.7,,
dataflow,ESTAT:LFSA_ERGAN(1.0),A,PC,T,Y20-64,TOTAL,EE,2020,78.2,,
dataflow,ESTAT:LFSA_ERGAN(1.0),A,PC,T,Y20-64,TOTAL,EE,2021,79.3,b,
dataflow,ESTAT:LFSA_ERGAN(1.0),A,PC,T,Y20-64,TOTAL,EE,2022,81.9,,
dataflow,ESTAT:LFSA_ERGAN(1.0),A,PC,T,Y20-64,TOTAL,EE,2023,82.1,,
dataflow,ESTAT:LFSA_ERGAN(1.0),A,PC,T,Y20-64,TOTAL,EE,2024,81.8,,
dataflow,ESTAT:LFSA_ERGAN(1.0),A,PC,T,Y20-64,TOTAL,EE,2025,81.7,,
dataflow,ESTAT:LFSA_ERGAN(1.0),A,PC,T,Y20-64,TOTAL,EL,1995,59.9,,
dataflow,ESTAT:LFSA_ERGAN(1.0),A,PC,T,Y20-64,TOTAL,EL,1996,60.4,,
dataflow,ESTAT:LFSA_ERGAN(1.0),A,PC,T,Y20-64,TOTAL,EL,1997,60.4,,
dataflow,ESTAT:LFSA_ERGAN(1.0),A,PC,T,Y20-64,TOTAL,EL,1998,61.4,b,
dataflow,ESTAT:LFSA_ERGAN(1.0),A,PC,T,Y20-64,TOTAL,EL,1999,61.6,,
dataflow,ESTAT:LFSA_ERGAN(1.0),A,PC,T,Y20-64,TOTAL,EL,2000,62.1,,
dataflow,ESTAT:LFSA_ERGAN(1.0),A,PC,T,Y20-64,TOTAL,EL,2001,61.8,b,
dataflow,ESTAT:LFSA_ERGAN(1.0),A,PC,T,Y20-64,TOTAL,EL,2002,62.8,,
dataflow,ESTAT:LFSA_ERGAN(1.0),A,PC,T,Y20-64,TOTAL,EL,2003,63.8,,
dataflow,ESTAT:LFSA_ERGAN(1.0),A,PC,T,Y20-64,TOTAL,EL,2004,64.3,b,
dataflow,ESTAT:LFSA_ERGAN(1.0),A,PC,T,Y20-64,TOTAL,EL,2005,64.4,b,
dataflow,ESTAT:LFSA_ERGAN(1.0),A,PC,T,Y20-64,TOTAL,EL,2006,65.6,,
dataflow,ESTAT:LFSA_ERGAN(1.0),A,PC,T,Y20-64,TOTAL,EL,2007,65.8,,
dataflow,ESTAT:LFSA_ERGAN(1.0),A,PC,T,Y20-64,TOTAL,EL,2008,66.3,,
dataflow,ESTAT:LFSA_ERGAN(1.0),A,PC,T,Y20-64,TOTAL,EL,2009,65.6,b,
dataflow,ESTAT:LFSA_ERGAN(1.0),A,PC,T,Y20-64,TOTAL,EL,2010,63.8,,
dataflow,ESTAT:LFSA_ERGAN(1.0),A,PC,T,Y20-64,TOTAL,EL,2011,59.6,,
dataflow,ESTAT:LFSA_ERGAN(1.0),A,PC,T,Y20-64,TOTAL,EL,2012,55.0,,
dataflow,ESTAT:LFSA_ERGAN(1.0),A,PC,T,Y20-64,TOTAL,EL,2013,52.9,,
dataflow,ESTAT:LFSA_ERGAN(1.0),A,PC,T,Y20-64,TOTAL,EL,2014,53.3,,
dataflow,ESTAT:LFSA_ERGAN(1.0),A,PC,T,Y20-64,TOTAL,EL,2015,54.9,,
dataflow,ESTAT:LFSA_ERGAN(1.0),A,PC,T,Y20-64,TOTAL,EL,2016,56.2,,
dataflow,ESTAT:LFSA_ERGAN(1.0),A,PC,T,Y20-64,TOTAL,EL,2017,57.8,,
dataflow,ESTAT:LFSA_ERGAN(1.0),A,PC,T,Y20-64,TOTAL,EL,2018,59.5,,
dataflow,ESTAT:LFSA_ERGAN(1.0),A,PC,T,Y20-64,TOTAL,EL,2019,61.2,,
dataflow,ESTAT:LFSA_ERGAN(1.0),A,PC,T,Y20-64,TOTAL,EL,2020,61.1,,
dataflow,ESTAT:LFSA_ERGAN(1.0),A,PC,T,Y20-64,TOTAL,EL,2021,62.6,b,
dataflow,ESTAT:LFSA_ERGAN(1.0),A,PC,T,Y20-64,TOTAL,EL,2022,66.3,,
dataflow,ESTAT:LFSA_ERGAN(1.0),A,PC,T,Y20-64,TOTAL,EL,2023,67.4,,
dataflow,ESTAT:LFSA_ERGAN(1.0),A,PC,T,Y20-64,TOTAL,EL,2024,69.3,,
dataflow,ESTAT:LFSA_ERGAN(1.0),A,PC,T,Y20-64,TOTAL,EL,2025,71.0,,
dataflow,ESTAT:LFSA_ERGAN(1.0),A,PC,T,Y20-64,TOTAL,ES,1995,51.6,,
dataflow,ESTAT:LFSA_ERGAN(1.0),A,PC,T,Y20-64,TOTAL,ES,1996,52.5,,
dataflow,ESTAT:LFSA_ERGAN(1.0),A,PC,T,Y20-64,TOTAL,ES,1997,54.0,,
dataflow,ESTAT:LFSA_ERGAN(1.0),A,PC,T,Y20-64,TOTAL,ES,1998,55.6,,
dataflow,ESTAT:LFSA_ERGAN(1.0),A,PC,T,Y20-64,TOTAL,ES,1999,58.2,,
dataflow,ESTAT:LFSA_ERGAN(1.0),A,PC,T,Y20-64,TOTAL,ES,2000,60.6,,
dataflow,ESTAT:LFSA_ERGAN(1.0),A,PC,T,Y20-64,TOTAL,ES,2001,62.0,b,
dataflow,ESTAT:LFSA_ERGAN(1.0),A,PC,T,Y20-64,TOTAL,ES,2002,63.2,,
dataflow,ESTAT:LFSA_ERGAN(1.0),A,PC,T,Y20-64,TOTAL,ES,2003,64.3,,
dataflow,ESTAT:LFSA_ERGAN(1.0),A,PC,T,Y20-64,TOTAL,ES,2004,65.2,,
dataflow,ESTAT:LFSA_ERGAN(1.0),A,PC,T,Y20-64,TOTAL,ES,2005,67.5,b,
dataflow,ESTAT:LFSA_ERGAN(1.0),A,PC,T,Y20-64,TOTAL,ES,2006,69.0,b,
dataflow,ESTAT:LFSA_ERGAN(1.0),A,PC,T,Y20-64,TOTAL,ES,2007,69.7,,
dataflow,ESTAT:LFSA_ERGAN(1.0),A,PC,T,Y20-64,TOTAL,ES,2008,68.5,,
dataflow,ESTAT:LFSA_ERGAN(1.0),A,PC,T,Y20-64,TOTAL,ES,2009,64.0,,
dataflow,ESTAT:LFSA_ERGAN(1.0),A,PC,T,Y20-64,TOTAL,ES,2010,62.8,,
dataflow,ESTAT:LFSA_ERGAN(1.0),A,PC,T,Y20-64,TOTAL,ES,2011,62.0,,
dataflow,ESTAT:LFSA_ERGAN(1.0),A,PC,T,Y20-64,TOTAL,ES,2012,59.6,,
dataflow,ESTAT:LFSA_ERGAN(1.0),A,PC,T,Y20-64,TOTAL,ES,2013,58.6,,
dataflow,ESTAT:LFSA_ERGAN(1.0),A,PC,T,Y20-64,TOTAL,ES,2014,59.9,,
dataflow,ESTAT:LFSA_ERGAN(1.0),A,PC,T,Y20-64,TOTAL,ES,2015,62.0,,
dataflow,ESTAT:LFSA_ERGAN(1.0),A,PC,T,Y20-64,TOTAL,ES,2016,63.9,,
dataflow,ESTAT:LFSA_ERGAN(1.0),A,PC,T,Y20-64,TOTAL,ES,2017,65.5,,
dataflow,ESTAT:LFSA_ERGAN(1.0),A,PC,T,Y20-64,TOTAL,ES,2018,67.0,,
dataflow,ESTAT:LFSA_ERGAN(1.0),A,PC,T,Y20-64,TOTAL,ES,2019,68.0,,
dataflow,ESTAT:LFSA_ERGAN(1.0),A,PC,T,Y20-64,TOTAL,ES,2020,65.7,,
dataflow,ESTAT:LFSA_ERGAN(1.0),A,PC,T,Y20-64,TOTAL,ES,2021,67.5,bd,
dataflow,ESTAT:LFSA_ERGAN(1.0),A,PC,T,Y20-64,TOTAL,ES,2022,69.3,d,
dataflow,ESTAT:LFSA_ERGAN(1.0),A,PC,T,Y20-64,TOTAL,ES,2023,70.5,d,
dataflow,ESTAT:LFSA_ERGAN(1.0),A,PC,T,Y20-64,TOTAL,ES,2024,71.4,d,
dataflow,ESTAT:LFSA_ERGAN(1.0),A,PC,T,Y20-64,TOTAL,ES,2025,72.4,d,
dataflow,ESTAT:LFSA_ERGAN(1.0),A,PC,T,Y20-64,TOTAL,FI,1995,64.2,,
dataflow,ESTAT:LFSA_ERGAN(1.0),A,PC,T,Y20-64,TOTAL,FI,1996,65.1,,
dataflow,ESTAT:LFSA_ERGAN(1.0),A,PC,T,Y20-64,TOTAL,FI,1997,66.6,,
dataflow,ESTAT:LFSA_ERGAN(1.0),A,PC,T,Y20-64,TOTAL,FI,1998,68.1,,
dataflow,ESTAT:LFSA_ERGAN(1.0),A,PC,T,Y20-64,TOTAL,FI,1999,71.4,,
dataflow,ESTAT:LFSA_ERGAN(1.0),A,PC,T,Y20-64,TOTAL,FI,2000,72.3,b,
dataflow,ESTAT:LFSA_ERGAN(1.0),A,PC,T,Y20-64,TOTAL,FI,2001,73.3,,
dataflow,ESTAT:LFSA_ERGAN(1.0),A,PC,T,Y20-64,TOTAL,FI,2002,73.2,,
dataflow,ESTAT:LFSA_ERGAN(1.0),A,PC,T,Y20-64,TOTAL,FI,2003,72.9,,
dataflow,ESTAT:LFSA_ERGAN(1.0),A,PC,T,Y20-64,TOTAL,FI,2004,72.5,,
dataflow,ESTAT:LFSA_ERGAN(1.0),A,PC,T,Y20-64,TOTAL,FI,2005,73.0,b,
dataflow,ESTAT:LFSA_ERGAN(1.0),A,PC,T,Y20-64,TOTAL,FI,2006,73.9,,
dataflow,ESTAT:LFSA_ERGAN(1.0),A,PC,T,Y20-64,TOTAL,FI,2007,74.8,b,
dataflow,ESTAT:LFSA_ERGAN(1.0),A,PC,T,Y20-64,TOTAL,FI,2008,75.8,b,
dataflow,ESTAT:LFSA_ERGAN(1.0),A,PC,T,Y20-64,TOTAL,FI,2009,73.5,,
dataflow,ESTAT:LFSA_ERGAN(1.0),A,PC,T,Y20-64,TOTAL,FI,2010,73.0,,
dataflow,ESTAT:LFSA_ERGAN(1.0),A,PC,T,Y20-64,TOTAL,FI,2011,73.8,,
dataflow,ESTAT:LFSA_ERGAN(1.0),A,PC,T,Y20-64,TOTAL,FI,2012,74.0,,
dataflow,ESTAT:LFSA_ERGAN(1.0),A,PC,T,Y20-64,TOTAL,FI,2013,73.3,,
dataflow,ESTAT:LFSA_ERGAN(1.0),A,PC,T,Y20-64,TOTAL,FI,2014,73.1,,
dataflow,ESTAT:LFSA_ERGAN(1.0),A,PC,T,Y20-64,TOTAL,FI,2015,72.9,,
dataflow,ESTAT:LFSA_ERGAN(1.0),A,PC,T,Y20-64,TOTAL,FI,2016,73.4,,
dataflow,ESTAT:LFSA_ERGAN(1.0),A,PC,T,Y20-64,TOTAL,FI,2017,74.2,,
dataflow,ESTAT:LFSA_ERGAN(1.0),A,PC,T,Y20-64,TOTAL,FI,2018,76.3,,
dataflow,ESTAT:LFSA_ERGAN(1.0),A,PC,T,Y20-64,TOTAL,FI,2019,77.2,,
dataflow,ESTAT:LFSA_ERGAN(1.0),A,PC,T,Y20-64,TOTAL,FI,2020,76.5,,
dataflow,ESTAT:LFSA_ERGAN(1.0),A,PC,T,Y20-64,TOTAL,FI,2021,76.8,b,
dataflow,ESTAT:LFSA_ERGAN(1.0),A,PC,T,Y20-64,TOTAL,FI,2022,78.4,,
dataflow,ESTAT:LFSA_ERGAN(1.0),A,PC,T,Y20-64,TOTAL,FI,2023,78.2,,
dataflow,ESTAT:LFSA_ERGAN(1.0),A,PC,T,Y20-64,TOTAL,FI,2024,77.0,,
dataflow,ESTAT:LFSA_ERGAN(1.0),A,PC,T,Y20-64,TOTAL,FI,2025,76.3,,
dataflow,ESTAT:LFSA_ERGAN(1.0),A,PC,T,Y20-64,TOTAL,FR,1995,65.1,,
dataflow,ESTAT:LFSA_ERGAN(1.0),A,PC,T,Y20-64,TOTAL,FR,1996,65.4,,
dataflow,ESTAT:LFSA_ERGAN(1.0),A,PC,T,Y20-64,TOTAL,FR,1997,65.2,,
dataflow,ESTAT:LFSA_ERGAN(1.0),A,PC,T,Y20-64,TOTAL,FR,1998,65.6,,
dataflow,ESTAT:LFSA_ERGAN(1.0),A,PC,T,Y20-64,TOTAL,FR,1999,66.1,,
dataflow,ESTAT:LFSA_ERGAN(1.0),A,PC,T,Y20-64,TOTAL,FR,2000,67.4,,
dataflow,ESTAT:LFSA_ERGAN(1.0),A,PC,T,Y20-64,TOTAL,FR,2001,68.4,,
dataflow,ESTAT:LFSA_ERGAN(1.0),A,PC,T,Y20-64,TOTAL,FR,2002,68.6,,
dataflow,ESTAT:LFSA_ERGAN(1.0),A,PC,T,Y20-64,TOTAL,FR,2003,69.7,b,
dataflow,ESTAT:LFSA_ERGAN(1.0),A,PC,T,Y20-64,TOTAL,FR,2004,69.2,,
dataflow,ESTAT:LFSA_ERGAN(1.0),A,PC,T,Y20-64,TOTAL,FR,2005,69.4,b,
dataflow,ESTAT:LFSA_ERGAN(1.0),A,PC,T,Y20-64,TOTAL,FR,2006,69.4,b,
dataflow,ESTAT:LFSA_ERGAN(1.0),A,PC,T,Y20-64,TOTAL,FR,2007,69.9,,
dataflow,ESTAT:LFSA_ERGAN(1.0),A,PC,T,Y20-64,TOTAL,FR,2008,70.5,,
dataflow,ESTAT:LFSA_ERGAN(1.0),A,PC,T,Y20-64,TOTAL,FR,2009,69.5,,
dataflow,ESTAT:LFSA_ERGAN(1.0),A,PC,T,Y20-64,TOTAL,FR,2010,69.3,,
dataflow,ESTAT:LFSA_ERGAN(1.0),A,PC,T,Y20-64,TOTAL,FR,2011,69.2,,
dataflow,ESTAT:LFSA_ERGAN(1.0),A,PC,T,Y20-64,TOTAL,FR,2012,69.4,,
dataflow,ESTAT:LFSA_ERGAN(1.0),A,PC,T,Y20-64,TOTAL,FR,2013,69.5,,
dataflow,ESTAT:LFSA_ERGAN(1.0),A,PC,T,Y20-64,TOTAL,FR,2014,69.2,b,
dataflow,ESTAT:LFSA_ERGAN(1.0),A,PC,T,Y20-64,TOTAL,FR,2015,69.5,,
dataflow,ESTAT:LFSA_ERGAN(1.0),A,PC,T,Y20-64,TOTAL,FR,2016,70.0,,
dataflow,ESTAT:LFSA_ERGAN(1.0),A,PC,T,Y20-64,TOTAL,FR,2017,70.6,,
dataflow,ESTAT:LFSA_ERGAN(1.0),A,PC,T,Y20-64,TOTAL,FR,2018,71.3,,
dataflow,ESTAT:LFSA_ERGAN(1.0),A,PC,T,Y20-64,TOTAL,FR,2019,71.6,,
dataflow,ESTAT:LFSA_ERGAN(1.0),A,PC,T,Y20-64,TOTAL,FR,2020,71.4,,
dataflow,ESTAT:LFSA_ERGAN(1.0),A,PC,T,Y20-64,TOTAL,FR,2021,73.2,bd,
dataflow,ESTAT:LFSA_ERGAN(1.0),A,PC,T,Y20-64,TOTAL,FR,2022,74.0,d,
dataflow,ESTAT:LFSA_ERGAN(1.0),A,PC,T,Y20-64,TOTAL,FR,2023,74.4,d,
dataflow,ESTAT:LFSA_ERGAN(1.0),A,PC,T,Y20-64,TOTAL,FR,2024,75.1,bd,
dataflow,ESTAT:LFSA_ERGAN(1.0),A,PC,T,Y20-64,TOTAL,FR,2025,75.5,d,
dataflow,ESTAT:LFSA_ERGAN(1.0),A,PC,T,Y20-64,TOTAL,HR,2002,57.9,,
dataflow,ESTAT:LFSA_ERGAN(1.0),A,PC,T,Y20-64,TOTAL,HR,2003,58.4,b,
dataflow,ESTAT:LFSA_ERGAN(1.0),A,PC,T,Y20-64,TOTAL,HR,2004,59.7,,
dataflow,ESTAT:LFSA_ERGAN(1.0),A,PC,T,Y20-64,TOTAL,HR,2005,60.0,b,
dataflow,ESTAT:LFSA_ERGAN(1.0),A,PC,T,Y20-64,TOTAL,HR,2006,60.6,b,
dataflow,ESTAT:LFSA_ERGAN(1.0),A,PC,T,Y20-64,TOTAL,HR,2007,64.2,b,
dataflow,ESTAT:LFSA_ERGAN(1.0),A,PC,T,Y20-64,TOTAL,HR,2008,65.1,,
dataflow,ESTAT:LFSA_ERGAN(1.0),A,PC,T,Y20-64,TOTAL,HR,2009,64.2,,
dataflow,ESTAT:LFSA_ERGAN(1.0),A,PC,T,Y20-64,TOTAL,HR,2010,62.0,,
dataflow,ESTAT:LFSA_ERGAN(1.0),A,PC,T,Y20-64,TOTAL,HR,2011,60.0,,
dataflow,ESTAT:LFSA_ERGAN(1.0),A,PC,T,Y20-64,TOTAL,HR,2012,58.1,,
dataflow,ESTAT:LFSA_ERGAN(1.0),A,PC,T,Y20-64,TOTAL,HR,2013,57.2,,
dataflow,ESTAT:LFSA_ERGAN(1.0),A,PC,T,Y20-64,TOTAL,HR,2014,59.1,,
dataflow,ESTAT:LFSA_ERGAN(1.0),A,PC,T,Y20-64,TOTAL,HR,2015,60.5,,
dataflow,ESTAT:LFSA_ERGAN(1.0),A,PC,T,Y20-64,TOTAL,HR,2016,61.3,,
dataflow,ESTAT:LFSA_ERGAN(1.0),A,PC,T,Y20-64,TOTAL,HR,2017,63.2,,
dataflow,ESTAT:LFSA_ERGAN(1.0),A,PC,T,Y20-64,TOTAL,HR,2018,64.9,,
dataflow,ESTAT:LFSA_ERGAN(1.0),A,PC,T,Y20-64,TOTAL,HR,2019,66.4,,
dataflow,ESTAT:LFSA_ERGAN(1.0),A,PC,T,Y20-64,TOTAL,HR,2020,66.9,,
dataflow,ESTAT:LFSA_ERGAN(1.0),A,PC,T,Y20-64,TOTAL,HR,2021,68.6,b,
dataflow,ESTAT:LFSA_ERGAN(1.0),A,PC,T,Y20-64,TOTAL,HR,2022,70.2,,
dataflow,ESTAT:LFSA_ERGAN(1.0),A,PC,T,Y20-64,TOTAL,HR,2023,70.8,,
dataflow,ESTAT:LFSA_ERGAN(1.0),A,PC,T,Y20-64,TOTAL,HR,2024,73.6,,
dataflow,ESTAT:LFSA_ERGAN(1.0),A,PC,T,Y20-64,TOTAL,HR,2025,74.4,,
dataflow,ESTAT:LFSA_ERGAN(1.0),A,PC,T,Y20-64,TOTAL,HU,1996,58.1,,
dataflow,ESTAT:LFSA_ERGAN(1.0),A,PC,T,Y20-64,TOTAL,HU,1997,57.8,,
dataflow,ESTAT:LFSA_ERGAN(1.0),A,PC,T,Y20-64,TOTAL,HU,1998,58.3,,
dataflow,ESTAT:LFSA_ERGAN(1.0),A,PC,T,Y20-64,TOTAL,HU,1999,60.5,,
dataflow,ESTAT:LFSA_ERGAN(1.0),A,PC,T,Y20-64,TOTAL,HU,2000,60.9,,
dataflow,ESTAT:LFSA_ERGAN(1.0),A,PC,T,Y20-64,TOTAL,HU,2001,61.1,b,
dataflow,ESTAT:LFSA_ERGAN(1.0),A,PC,T,Y20-64,TOTAL,HU,2002,61.4,,
dataflow,ESTAT:LFSA_ERGAN(1.0),A,PC,T,Y20-64,TOTAL,HU,2003,62.4,,
dataflow,ESTAT:LFSA_ERGAN(1.0),A,PC,T,Y20-64,TOTAL,HU,2004,62.0,,
dataflow,ESTAT:LFSA_ERGAN(1.0),A,PC,T,Y20-64,TOTAL,HU,2005,62.2,b,
dataflow,ESTAT:LFSA_ERGAN(1.0),A,PC,T,Y20-64,TOTAL,HU,2006,62.6,,
dataflow,ESTAT:LFSA_ERGAN(1.0),A,PC,T,Y20-64,TOTAL,HU,2007,62.3,,
dataflow,ESTAT:LFSA_ERGAN(1.0),A,PC,T,Y20-64,TOTAL,HU,2008,61.5,,
dataflow,ESTAT:LFSA_ERGAN(1.0),A,PC,T,Y20-64,TOTAL,HU,2009,60.1,,
dataflow,ESTAT:LFSA_ERGAN(1.0),A,PC,T,Y20-64,TOTAL,HU,2010,59.9,,
dataflow,ESTAT:LFSA_ERGAN(1.0),A,PC,T,Y20-64,TOTAL,HU,2011,60.4,,
dataflow,ESTAT:LFSA_ERGAN(1.0),A,PC,T,Y20-64,TOTAL,HU,2012,61.6,,
dataflow,ESTAT:LFSA_ERGAN(1.0),A,PC,T,Y20-64,TOTAL,HU,2013,63.0,,
dataflow,ESTAT:LFSA_ERGAN(1.0),A,PC,T,Y20-64,TOTAL,HU,2014,66.7,,
dataflow,ESTAT:LFSA_ERGAN(1.0),A,PC,T,Y20-64,TOTAL,HU,2015,68.9,,
dataflow,ESTAT:LFSA_ERGAN(1.0),A,PC,T,Y20-64,TOTAL,HU,2016,71.5,,
dataflow,ESTAT:LFSA_ERGAN(1.0),A,PC,T,Y20-64,TOTAL,HU,2017,73.3,,
dataflow,ESTAT:LFSA_ERGAN(1.0),A,PC,T,Y20-64,TOTAL,HU,2018,74.5,b,
dataflow,ESTAT:LFSA_ERGAN(1.0),A,PC,T,Y20-64,TOTAL,HU,2019,75.4,,
dataflow,ESTAT:LFSA_ERGAN(1.0),A,PC,T,Y20-64,TOTAL,HU,2020,75.2,,
dataflow,ESTAT:LFSA_ERGAN(1.0),A,PC,T,Y20-64,TOTAL,HU,2021,78.9,b,
dataflow,ESTAT:LFSA_ERGAN(1.0),A,PC,T,Y20-64,TOTAL,HU,2022,80.3,,
dataflow,ESTAT:LFSA_ERGAN(1.0),A,PC,T,Y20-64,TOTAL,HU,2023,80.7,,
dataflow,ESTAT:LFSA_ERGAN(1.0),A,PC,T,Y20-64,TOTAL,HU,2024,81.1,,
dataflow,ESTAT:LFSA_ERGAN(1.0),A,PC,T,Y20-64,TOTAL,HU,2025,81.1,,
dataflow,ESTAT:LFSA_ERGAN(1.0),A,PC,T,Y20-64,TOTAL,IE,1995,60.7,,
dataflow,ESTAT:LFSA_ERGAN(1.0),A,PC,T,Y20-64,TOTAL,IE,1996,61.7,,
dataflow,ESTAT:LFSA_ERGAN(1.0),A,PC,T,Y20-64,TOTAL,IE,1997,62.8,,
dataflow,ESTAT:LFSA_ERGAN(1.0),A,PC,T,Y20-64,TOTAL,IE,1998,65.6,b,
dataflow,ESTAT:LFSA_ERGAN(1.0),A,PC,T,Y20-64,TOTAL,IE,1999,68.2,,
dataflow,ESTAT:LFSA_ERGAN(1.0),A,PC,T,Y20-64,TOTAL,IE,2000,70.1,,
dataflow,ESTAT:LFSA_ERGAN(1.0),A,PC,T,Y20-64,TOTAL,IE,2001,70.8,,
dataflow,ESTAT:LFSA_ERGAN(1.0),A,PC,T,Y20-64,TOTAL,IE,2002,70.8,,
dataflow,ESTAT:LFSA_ERGAN(1.0),A,PC,T,Y20-64,TOTAL,IE,2003,70.4,,
dataflow,ESTAT:LFSA_ERGAN(1.0),A,PC,T,Y20-64,TOTAL,IE,2004,71.0,,
dataflow,ESTAT:LFSA_ERGAN(1.0),A,PC,T,Y20-64,TOTAL,IE,2005,72.6,b,
dataflow,ESTAT:LFSA_ERGAN(1.0),A,PC,T,Y20-64,TOTAL,IE,2006,73.4,,
dataflow,ESTAT:LFSA_ERGAN(1.0),A,PC,T,Y20-64,TOTAL,IE,2007,75.1,b,
dataflow,ESTAT:LFSA_ERGAN(1.0),A,PC,T,Y20-64,TOTAL,IE,2008,73.5,,
dataflow,ESTAT:LFSA_ERGAN(1.0),A,PC,T,Y20-64,TOTAL,IE,2009,68.0,,
dataflow,ESTAT:LFSA_ERGAN(1.0),A,PC,T,Y20-64,TOTAL,IE,2010,65.5,,
dataflow,ESTAT:LFSA_ERGAN(1.0),A,PC,T,Y20-64,TOTAL,IE,2011,64.6,,
dataflow,ESTAT:LFSA_ERGAN(1.0),A,PC,T,Y20-64,TOTAL,IE,2012,64.5,,
dataflow,ESTAT:LFSA_ERGAN(1.0),A,PC,T,Y20-64,TOTAL,IE,2013,66.5,,
dataflow,ESTAT:LFSA_ERGAN(1.0),A,PC,T,Y20-64,TOTAL,IE,2014,68.1,,
dataflow,ESTAT:LFSA_ERGAN(1.0),A,PC,T,Y20-64,TOTAL,IE,2015,69.9,,
dataflow,ESTAT:LFSA_ERGAN(1.0),A,PC,T,Y20-64,TOTAL,IE,2016,71.4,,
dataflow,ESTAT:LFSA_ERGAN(1.0),A,PC,T,Y20-64,TOTAL,IE,2017,73.0,b,
dataflow,ESTAT:LFSA_ERGAN(1.0),A,PC,T,Y20-64,TOTAL,IE,2018,74.1,,
dataflow,ESTAT:LFSA_ERGAN(1.0),A,PC,T,Y20-64,TOTAL,IE,2019,75.1,,
dataflow,ESTAT:LFSA_ERGAN(1.0),A,PC,T,Y20-64,TOTAL,IE,2020,73.4,,
dataflow,ESTAT:LFSA_ERGAN(1.0),A,PC,T,Y20-64,TOTAL,IE,2021,74.9,b,
dataflow,ESTAT:LFSA_ERGAN(1.0),A,PC,T,Y20-64,TOTAL,IE,2022,78.2,,
dataflow,ESTAT:LFSA_ERGAN(1.0),A,PC,T,Y20-64,TOTAL,IE,2023,79.1,,
dataflow,ESTAT:LFSA_ERGAN(1.0),A,PC,T,Y20-64,TOTAL,IE,2024,79.8,,
dataflow,ESTAT:LFSA_ERGAN(1.0),A,PC,T,Y20-64,TOTAL,IE,2025,80.2,,
dataflow,ESTAT:LFSA_ERGAN(1.0),A,PC,T,Y20-64,TOTAL,IS,1995,85.1,,
dataflow,ESTAT:LFSA_ERGAN(1.0),A,PC,T,Y20-64,TOTAL,IS,1996,86.3,,
dataflow,ESTAT:LFSA_ERGAN(1.0),A,PC,T,Y20-64,TOTAL,IS,1997,84.6,,
dataflow,ESTAT:LFSA_ERGAN(1.0),A,PC,T,Y20-64,TOTAL,IS,1998,85.9,,
dataflow,ESTAT:LFSA_ERGAN(1.0),A,PC,T,Y20-64,TOTAL,IS,1999,88.1,,
dataflow,ESTAT:LFSA_ERGAN(1.0),A,PC,T,Y20-64,TOTAL,IS,2000,89.4,,
dataflow,ESTAT:LFSA_ERGAN(1.0),A,PC,T,Y20-64,TOTAL,IS,2001,88.6,,
dataflow,ESTAT:LFSA_ERGAN(1.0),A,PC,T,Y20-64,TOTAL,IS,2002,87.8,,
dataflow,ESTAT:LFSA_ERGAN(1.0),A,PC,T,Y20-64,TOTAL,IS,2003,86.0,b,
dataflow,ESTAT:LFSA_ERGAN(1.0),A,PC,T,Y20-64,TOTAL,IS,2004,84.9,,
dataflow,ESTAT:LFSA_ERGAN(1.0),A,PC,T,Y20-64,TOTAL,IS,2005,85.5,b,
dataflow,ESTAT:LFSA_ERGAN(1.0),A,PC,T,Y20-64,TOTAL,IS,2006,86.3,,
dataflow,ESTAT:LFSA_ERGAN(1.0),A,PC,T,Y20-64,TOTAL,IS,2007,86.7,,
dataflow,ESTAT:LFSA_ERGAN(1.0),A,PC,T,Y20-64,TOTAL,IS,2008,85.3,,
dataflow,ESTAT:LFSA_ERGAN(1.0),A,PC,T,Y20-64,TOTAL,IS,2009,80.6,,
dataflow,ESTAT:LFSA_ERGAN(1.0),A,PC,T,Y20-64,TOTAL,IS,2010,80.4,,
dataflow,ESTAT:LFSA_ERGAN(1.0),A,PC,T,Y20-64,TOTAL,IS,2011,80.6,,
dataflow,ESTAT:LFSA_ERGAN(1.0),A,PC,T,Y20-64,TOTAL,IS,2012,81.8,,
dataflow,ESTAT:LFSA_ERGAN(1.0),A,PC,T,Y20-64,TOTAL,IS,2013,82.8,,
dataflow,ESTAT:LFSA_ERGAN(1.0),A,PC,T,Y20-64,TOTAL,IS,2014,84.9,,
dataflow,ESTAT:LFSA_ERGAN(1.0),A,PC,T,Y20-64,TOTAL,IS,2015,86.5,,
dataflow,ESTAT:LFSA_ERGAN(1.0),A,PC,T,Y20-64,TOTAL,IS,2016,87.8,,
dataflow,ESTAT:LFSA_ERGAN(1.0),A,PC,T,Y20-64,TOTAL,IS,2017,87.6,,
dataflow,ESTAT:LFSA_ERGAN(1.0),A,PC,T,Y20-64,TOTAL,IS,2018,86.5,,
dataflow,ESTAT:LFSA_ERGAN(1.0),A,PC,T,Y20-64,TOTAL,IS,2019,85.9,,
dataflow,ESTAT:LFSA_ERGAN(1.0),A,PC,T,Y20-64,TOTAL,IS,2020,82.3,b,
dataflow,ESTAT:LFSA_ERGAN(1.0),A,PC,T,Y20-64,TOTAL,IS,2021,81.4,b,
dataflow,ESTAT:LFSA_ERGAN(1.0),A,PC,T,Y20-64,TOTAL,IS,2022,84.8,,
dataflow,ESTAT:LFSA_ERGAN(1.0),A,PC,T,Y20-64,TOTAL,IS,2023,85.3,,
dataflow,ESTAT:LFSA_ERGAN(1.0),A,PC,T,Y20-64,TOTAL,IS,2024,87.0,,
dataflow,ESTAT:LFSA_ERGAN(1.0),A,PC,T,Y20-64,TOTAL,IS,2025,85.8,,
dataflow,ESTAT:LFSA_ERGAN(1.0),A,PC,T,Y20-64,TOTAL,IT,1995,54.9,,
dataflow,ESTAT:LFSA_ERGAN(1.0),A,PC,T,Y20-64,TOTAL,IT,1996,55.1,,
dataflow,ESTAT:LFSA_ERGAN(1.0),A,PC,T,Y20-64,TOTAL,IT,1997,55.2,,
dataflow,ESTAT:LFSA_ERGAN(1.0),A,PC,T,Y20-64,TOTAL,IT,1998,55.6,,
dataflow,ESTAT:LFSA_ERGAN(1.0),A,PC,T,Y20-64,TOTAL,IT,1999,56.3,,
dataflow,ESTAT:LFSA_ERGAN(1.0),A,PC,T,Y20-64,TOTAL,IT,2000,57.1,,
dataflow,ESTAT:LFSA_ERGAN(1.0),A,PC,T,Y20-64,TOTAL,IT,2001,58.2,,
dataflow,ESTAT:LFSA_ERGAN(1.0),A,PC,T,Y20-64,TOTAL,IT,2002,59.2,,
dataflow,ESTAT:LFSA_ERGAN(1.0),A,PC,T,Y20-64,TOTAL,IT,2003,60.1,,
dataflow,ESTAT:LFSA_ERGAN(1.0),A,PC,T,Y20-64,TOTAL,IT,2004,61.7,b,
dataflow,ESTAT:LFSA_ERGAN(1.0),A,PC,T,Y20-64,TOTAL,IT,2005,61.5,b,
dataflow,ESTAT:LFSA_ERGAN(1.0),A,PC,T,Y20-64,TOTAL,IT,2006,62.4,,
dataflow,ESTAT:LFSA_ERGAN(1.0),A,PC,T,Y20-64,TOTAL,IT,2007,62.7,,
dataflow,ESTAT:LFSA_ERGAN(1.0),A,PC,T,Y20-64,TOTAL,IT,2008,62.9,,
dataflow,ESTAT:LFSA_ERGAN(1.0),A,PC,T,Y20-64,TOTAL,IT,2009,61.6,,
dataflow,ESTAT:LFSA_ERGAN(1.0),A,PC,T,Y20-64,TOTAL,IT,2010,61.0,,
dataflow,ESTAT:LFSA_ERGAN(1.0),A,PC,T,Y20-64,TOTAL,IT,2011,61.0,,
dataflow,ESTAT:LFSA_ERGAN(1.0),A,PC,T,Y20-64,TOTAL,IT,2012,60.9,,
dataflow,ESTAT:LFSA_ERGAN(1.0),A,PC,T,Y20-64,TOTAL,IT,2013,59.7,,
dataflow,ESTAT:LFSA_ERGAN(1.0),A,PC,T,Y20-64,TOTAL,IT,2014,59.9,,
dataflow,ESTAT:LFSA_ERGAN(1.0),A,PC,T,Y20-64,TOTAL,IT,2015,60.5,,
dataflow,ESTAT:LFSA_ERGAN(1.0),A,PC,T,Y20-64,TOTAL,IT,2016,61.6,,
dataflow,ESTAT:LFSA_ERGAN(1.0),A,PC,T,Y20-64,TOTAL,IT,2017,62.3,,
dataflow,ESTAT:LFSA_ERGAN(1.0),A,PC,T,Y20-64,TOTAL,IT,2018,63.0,b,
dataflow,ESTAT:LFSA_ERGAN(1.0),A,PC,T,Y20-64,TOTAL,IT,2019,63.6,,
dataflow,ESTAT:LFSA_ERGAN(1.0),A,PC,T,Y20-64,TOTAL,IT,2020,62.5,,
dataflow,ESTAT:LFSA_ERGAN(1.0),A,PC,T,Y20-64,TOTAL,IT,2021,62.7,b,
dataflow,ESTAT:LFSA_ERGAN(1.0),A,PC,T,Y20-64,TOTAL,IT,2022,64.8,,
dataflow,ESTAT:LFSA_ERGAN(1.0),A,PC,T,Y20-64,TOTAL,IT,2023,66.3,,
dataflow,ESTAT:LFSA_ERGAN(1.0),A,PC,T,Y20-64,TOTAL,IT,2024,67.1,,
dataflow,ESTAT:LFSA_ERGAN(1.0),A,PC,T,Y20-64,TOTAL,IT,2025,67.6,,
dataflow,ESTAT:LFSA_ERGAN(1.0),A,PC,T,Y20-64,TOTAL,LT,1998,68.0,,
dataflow,ESTAT:LFSA_ERGAN(1.0),A,PC,T,Y20-64,TOTAL,LT,1999,68.6,,
dataflow,ESTAT:LFSA_ERGAN(1.0),A,PC,T,Y20-64,TOTAL,LT,2000,66.1,,
dataflow,ESTAT:LFSA_ERGAN(1.0),A,PC,T,Y20-64,TOTAL,LT,2001,64.9,,
dataflow,ESTAT:LFSA_ERGAN(1.0),A,PC,T,Y20-64,TOTAL,LT,2002,68.0,b,
dataflow,ESTAT:LFSA_ERGAN(1.0),A,PC,T,Y20-64,TOTAL,LT,2003,70.7,,
dataflow,ESTAT:LFSA_ERGAN(1.0),A,PC,T,Y20-64,TOTAL,LT,2004,69.6,,
dataflow,ESTAT:LFSA_ERGAN(1.0),A,PC,T,Y20-64,TOTAL,LT,2005,70.7,b,
dataflow,ESTAT:LFSA_ERGAN(1.0),A,PC,T,Y20-64,TOTAL,LT,2006,71.3,,
dataflow,ESTAT:LFSA_ERGAN(1.0),A,PC,T,Y20-64,TOTAL,LT,2007,72.7,,
dataflow,ESTAT:LFSA_ERGAN(1.0),A,PC,T,Y20-64,TOTAL,LT,2008,72.0,,
dataflow,ESTAT:LFSA_ERGAN(1.0),A,PC,T,Y20-64,TOTAL,LT,2009,67.0,,
dataflow,ESTAT:LFSA_ERGAN(1.0),A,PC,T,Y20-64,TOTAL,LT,2010,64.3,,
dataflow,ESTAT:LFSA_ERGAN(1.0),A,PC,T,Y20-64,TOTAL,LT,2011,66.9,,
dataflow,ESTAT:LFSA_ERGAN(1.0),A,PC,T,Y20-64,TOTAL,LT,2012,68.5,,
dataflow,ESTAT:LFSA_ERGAN(1.0),A,PC,T,Y20-64,TOTAL,LT,2013,69.9,,
dataflow,ESTAT:LFSA_ERGAN(1.0),A,PC,T,Y20-64,TOTAL,LT,2014,71.8,,
dataflow,ESTAT:LFSA_ERGAN(1.0),A,PC,T,Y20-64,TOTAL,LT,2015,73.3,,
dataflow,ESTAT:LFSA_ERGAN(1.0),A,PC,T,Y20-64,TOTAL,LT,2016,75.2,,
dataflow,ESTAT:LFSA_ERGAN(1.0),A,PC,T,Y20-64,TOTAL,LT,2017,76.0,,
dataflow,ESTAT:LFSA_ERGAN(1.0),A,PC,T,Y20-64,TOTAL,LT,2018,77.8,,
dataflow,ESTAT:LFSA_ERGAN(1.0),A,PC,T,Y20-64,TOTAL,LT,2019,78.2,,
dataflow,ESTAT:LFSA_ERGAN(1.0),A,PC,T,Y20-64,TOTAL,LT,2020,76.7,,
dataflow,ESTAT:LFSA_ERGAN(1.0),A,PC,T,Y20-64,TOTAL,LT,2021,77.4,b,
dataflow,ESTAT:LFSA_ERGAN(1.0),A,PC,T,Y20-64,TOTAL,LT,2022,79.0,,
dataflow,ESTAT:LFSA_ERGAN(1.0),A,PC,T,Y20-64,TOTAL,LT,2023,78.5,,
dataflow,ESTAT:LFSA_ERGAN(1.0),A,PC,T,Y20-64,TOTAL,LT,2024,79.2,,
dataflow,ESTAT:LFSA_ERGAN(1.0),A,PC,T,Y20-64,TOTAL,LT,2025,80.0,,
dataflow,ESTAT:LFSA_ERGAN(1.0),A,PC,T,Y20-64,TOTAL,LU,1995,62.4,,
dataflow,ESTAT:LFSA_ERGAN(1.0),A,PC,T,Y20-64,TOTAL,LU,1996,63.2,,
dataflow,ESTAT:LFSA_ERGAN(1.0),A,PC,T,Y20-64,TOTAL,LU,1997,64.4,,
dataflow,ESTAT:LFSA_ERGAN(1.0),A,PC,T,Y20-64,TOTAL,LU,1998,64.7,,
dataflow,ESTAT:LFSA_ERGAN(1.0),A,PC,T,Y20-64,TOTAL,LU,1999,66.0,,
dataflow,ESTAT:LFSA_ERGAN(1.0),A,PC,T,Y20-64,TOTAL,LU,2000,67.5,,
dataflow,ESTAT:LFSA_ERGAN(1.0),A,PC,T,Y20-64,TOTAL,LU,2001,67.6,,
dataflow,ESTAT:LFSA_ERGAN(1.0),A,PC,T,Y20-64,TOTAL,LU,2002,68.4,,
dataflow,ESTAT:LFSA_ERGAN(1.0),A,PC,T,Y20-64,TOTAL,LU,2003,67.2,b,
dataflow,ESTAT:LFSA_ERGAN(1.0),A,PC,T,Y20-64,TOTAL,LU,2004,67.7,,
dataflow,ESTAT:LFSA_ERGAN(1.0),A,PC,T,Y20-64,TOTAL,LU,2005,69.0,b,
dataflow,ESTAT:LFSA_ERGAN(1.0),A,PC,T,Y20-64,TOTAL,LU,2006,69.1,,
dataflow,ESTAT:LFSA_ERGAN(1.0),A,PC,T,Y20-64,TOTAL,LU,2007,69.6,b,
dataflow,ESTAT:LFSA_ERGAN(1.0),A,PC,T,Y20-64,TOTAL,LU,2008,68.8,,
dataflow,ESTAT:LFSA_ERGAN(1.0),A,PC,T,Y20-64,TOTAL,LU,2009,70.4,b,
dataflow,ESTAT:LFSA_ERGAN(1.0),A,PC,T,Y20-64,TOTAL,LU,2010,70.7,,
dataflow,ESTAT:LFSA_ERGAN(1.0),A,PC,T,Y20-64,TOTAL,LU,2011,70.1,,
dataflow,ESTAT:LFSA_ERGAN(1.0),A,PC,T,Y20-64,TOTAL,LU,2012,71.4,,
dataflow,ESTAT:LFSA_ERGAN(1.0),A,PC,T,Y20-64,TOTAL,LU,2013,71.1,,
dataflow,ESTAT:LFSA_ERGAN(1.0),A,PC,T,Y20-64,TOTAL,LU,2014,72.1,,
dataflow,ESTAT:LFSA_ERGAN(1.0),A,PC,T,Y20-64,TOTAL,LU,2015,70.9,b,
dataflow,ESTAT:LFSA_ERGAN(1.0),A,PC,T,Y20-64,TOTAL,LU,2016,70.7,,
dataflow,ESTAT:LFSA_ERGAN(1.0),A,PC,T,Y20-64,TOTAL,LU,2017,71.5,,
dataflow,ESTAT:LFSA_ERGAN(1.0),A,PC,T,Y20-64,TOTAL,LU,2018,72.1,,
dataflow,ESTAT:LFSA_ERGAN(1.0),A,PC,T,Y20-64,TOTAL,LU,2019,72.8,,
dataflow,ESTAT:LFSA_ERGAN(1.0),A,PC,T,Y20-64,TOTAL,LU,2020,72.1,,
dataflow,ESTAT:LFSA_ERGAN(1.0),A,PC,T,Y20-64,TOTAL,LU,2021,74.1,b,
dataflow,ESTAT:LFSA_ERGAN(1.0),A,PC,T,Y20-64,TOTAL,LU,2022,74.8,,
dataflow,ESTAT:LFSA_ERGAN(1.0),A,PC,T,Y20-64,TOTAL,LU,2023,74.8,,
dataflow,ESTAT:LFSA_ERGAN(1.0),A,PC,T,Y20-64,TOTAL,LU,2024,74.2,,
dataflow,ESTAT:LFSA_ERGAN(1.0),A,PC,T,Y20-64,TOTAL,LU,2025,73.9,,
dataflow,ESTAT:LFSA_ERGAN(1.0),A,PC,T,Y20-64,TOTAL,LV,1998,65.3,,
dataflow,ESTAT:LFSA_ERGAN(1.0),A,PC,T,Y20-64,TOTAL,LV,1999,64.5,,
dataflow,ESTAT:LFSA_ERGAN(1.0),A,PC,T,Y20-64,TOTAL,LV,2000,63.4,,
dataflow,ESTAT:LFSA_ERGAN(1.0),A,PC,T,Y20-64,TOTAL,LV,2001,64.5,,
dataflow,ESTAT:LFSA_ERGAN(1.0),A,PC,T,Y20-64,TOTAL,LV,2002,66.3,b,
dataflow,ESTAT:LFSA_ERGAN(1.0),A,PC,T,Y20-64,TOTAL,LV,2003,67.4,,
dataflow,ESTAT:LFSA_ERGAN(1.0),A,PC,T,Y20-64,TOTAL,LV,2004,67.4,,
dataflow,ESTAT:LFSA_ERGAN(1.0),A,PC,T,Y20-64,TOTAL,LV,2005,69.1,b,
dataflow,ESTAT:LFSA_ERGAN(1.0),A,PC,T,Y20-64,TOTAL,LV,2006,73.2,,
dataflow,ESTAT:LFSA_ERGAN(1.0),A,PC,T,Y20-64,TOTAL,LV,2007,75.2,,
dataflow,ESTAT:LFSA_ERGAN(1.0),A,PC,T,Y20-64,TOTAL,LV,2008,75.4,,
dataflow,ESTAT:LFSA_ERGAN(1.0),A,PC,T,Y20-64,TOTAL,LV,2009,66.6,,
dataflow,ESTAT:LFSA_ERGAN(1.0),A,PC,T,Y20-64,TOTAL,LV,2010,64.3,,
dataflow,ESTAT:LFSA_ERGAN(1.0),A,PC,T,Y20-64,TOTAL,LV,2011,66.3,,
dataflow,ESTAT:LFSA_ERGAN(1.0),A,PC,T,Y20-64,TOTAL,LV,2012,68.1,,
dataflow,ESTAT:LFSA_ERGAN(1.0),A,PC,T,Y20-64,TOTAL,LV,2013,69.7,,
dataflow,ESTAT:LFSA_ERGAN(1.0),A,PC,T,Y20-64,TOTAL,LV,2014,70.7,,
dataflow,ESTAT:LFSA_ERGAN(1.0),A,PC,T,Y20-64,TOTAL,LV,2015,72.5,,
dataflow,ESTAT:LFSA_ERGAN(1.0),A,PC,T,Y20-64,TOTAL,LV,2016,73.2,,
dataflow,ESTAT:LFSA_ERGAN(1.0),A,PC,T,Y20-64,TOTAL,LV,2017,74.8,,
dataflow,ESTAT:LFSA_ERGAN(1.0),A,PC,T,Y20-64,TOTAL,LV,2018,76.8,,
dataflow,ESTAT:LFSA_ERGAN(1.0),A,PC,T,Y20-64,TOTAL,LV,2019,77.4,,
dataflow,ESTAT:LFSA_ERGAN(1.0),A,PC,T,Y20-64,TOTAL,LV,2020,77.0,,
dataflow,ESTAT:LFSA_ERGAN(1.0),A,PC,T,Y20-64,TOTAL,LV,2021,75.3,b,
dataflow,ESTAT:LFSA_ERGAN(1.0),A,PC,T,Y20-64,TOTAL,LV,2022,77.0,,
dataflow,ESTAT:LFSA_ERGAN(1.0),A,PC,T,Y20-64,TOTAL,LV,2023,77.5,,
dataflow,ESTAT:LFSA_ERGAN(1.0),A,PC,T,Y20-64,TOTAL,LV,2024,77.4,,
dataflow,ESTAT:LFSA_ERGAN(1.0),A,PC,T,Y20-64,TOTAL,LV,2025,78.2,,
dataflow,ESTAT:LFSA_ERGAN(1.0),A,PC,T,Y20-64,TOTAL,ME,2011,50.7,,
dataflow,ESTAT:LFSA_ERGAN(1.0),A,PC,T,Y20-64,TOTAL,ME,2012,52.0,,
dataflow,ESTAT:LFSA_ERGAN(1.0),A,PC,T,Y20-64,TOTAL,ME,2013,52.7,,
dataflow,ESTAT:LFSA_ERGAN(1.0),A,PC,T,Y20-64,TOTAL,ME,2014,55.6,,
dataflow,ESTAT:LFSA_ERGAN(1.0),A,PC,T,Y20-64,TOTAL,ME,2015,56.7,,
dataflow,ESTAT:LFSA_ERGAN(1.0),A,PC,T,Y20-64,TOTAL,ME,2016,57.1,,
dataflow,ESTAT:LFSA_ERGAN(1.0),A,PC,T,Y20-64,TOTAL,ME,2017,58.2,,
dataflow,ESTAT:LFSA_ERGAN(1.0),A,PC,T,Y20-64,TOTAL,ME,2018,59.8,,
dataflow,ESTAT:LFSA_ERGAN(1.0),A,PC,T,Y20-64,TOTAL,ME,2019,60.8,,
dataflow,ESTAT:LFSA_ERGAN(1.0),A,PC,T,Y20-64,TOTAL,ME,2020,55.2,,
dataflow,ESTAT:LFSA_ERGAN(1.0),A,PC,T,Y20-64,TOTAL,MK,2006,43.9,,
dataflow,ESTAT:LFSA_ERGAN(1.0),A,PC,T,Y20-64,TOTAL,MK,2007,45.0,,
dataflow,ESTAT:LFSA_ERGAN(1.0),A,PC,T,Y20-64,TOTAL,MK,2008,46.3,,
dataflow,ESTAT:LFSA_ERGAN(1.0),A,PC,T,Y20-64,TOTAL,MK,2009,47.9,,
dataflow,ESTAT:LFSA_ERGAN(1.0),A,PC,T,Y20-64,TOTAL,MK,2010,48.1,,
dataflow,ESTAT:LFSA_ERGAN(1.0),A,PC,T,Y20-64,TOTAL,MK,2011,48.4,,
dataflow,ESTAT:LFSA_ERGAN(1.0),A,PC,T,Y20-64,TOTAL,MK,2012,48.2,,
dataflow,ESTAT:LFSA_ERGAN(1.0),A,PC,T,Y20-64,TOTAL,MK,2013,50.3,,
dataflow,ESTAT:LFSA_ERGAN(1.0),A,PC,T,Y20-64,TOTAL,MK,2014,51.3,,
dataflow,ESTAT:LFSA_ERGAN(1.0),A,PC,T,Y20-64,TOTAL,MK,2015,51.9,,
dataflow,ESTAT:LFSA_ERGAN(1.0),A,PC,T,Y20-64,TOTAL,MK,2016,53.3,,
dataflow,ESTAT:LFSA_ERGAN(1.0),A,PC,T,Y20-64,TOTAL,MK,2017,54.8,,
dataflow,ESTAT:LFSA_ERGAN(1.0),A,PC,T,Y20-64,TOTAL,MK,2018,56.1,,
dataflow,ESTAT:LFSA_ERGAN(1.0),A,PC,T,Y20-64,TOTAL,MK,2019,59.2,,
dataflow,ESTAT:LFSA_ERGAN(1.0),A,PC,T,Y20-64,TOTAL,MK,2020,59.1,,
dataflow,ESTAT:LFSA_ERGAN(1.0),A,PC,T,Y20-64,TOTAL,MK,2021,61.2,b,
dataflow,ESTAT:LFSA_ERGAN(1.0),A,PC,T,Y20-64,TOTAL,MK,2022,61.8,,
dataflow,ESTAT:LFSA_ERGAN(1.0),A,PC,T,Y20-64,TOTAL,MK,2023,61.7,,
dataflow,ESTAT:LFSA_ERGAN(1.0),A,PC,T,Y20-64,TOTAL,MK,2024,62.7,,
dataflow,ESTAT:LFSA_ERGAN(1.0),A,PC,T,Y20-64,TOTAL,MK,2025,63.7,,
dataflow,ESTAT:LFSA_ERGAN(1.0),A,PC,T,Y20-64,TOTAL,MT,2000,57.5,,
dataflow,ESTAT:LFSA_ERGAN(1.0),A,PC,T,Y20-64,TOTAL,MT,2001,57.6,,
dataflow,ESTAT:LFSA_ERGAN(1.0),A,PC,T,Y20-64,TOTAL,MT,2002,58.2,,
dataflow,ESTAT:LFSA_ERGAN(1.0),A,PC,T,Y20-64,TOTAL,MT,2003,57.8,,
dataflow,ESTAT:LFSA_ERGAN(1.0),A,PC,T,Y20-64,TOTAL,MT,2004,57.3,b,
dataflow,ESTAT:LFSA_ERGAN(1.0),A,PC,T,Y20-64,TOTAL,MT,2005,57.4,b,
dataflow,ESTAT:LFSA_ERGAN(1.0),A,PC,T,Y20-64,TOTAL,MT,2006,57.9,,
dataflow,ESTAT:LFSA_ERGAN(1.0),A,PC,T,Y20-64,TOTAL,MT,2007,58.6,,
dataflow,ESTAT:LFSA_ERGAN(1.0),A,PC,T,Y20-64,TOTAL,MT,2008,59.2,,
dataflow,ESTAT:LFSA_ERGAN(1.0),A,PC,T,Y20-64,TOTAL,MT,2009,59.0,,
dataflow,ESTAT:LFSA_ERGAN(1.0),A,PC,T,Y20-64,TOTAL,MT,2010,60.1,,
dataflow,ESTAT:LFSA_ERGAN(1.0),A,PC,T,Y20-64,TOTAL,MT,2011,61.6,,
dataflow,ESTAT:LFSA_ERGAN(1.0),A,PC,T,Y20-64,TOTAL,MT,2012,63.9,,
dataflow,ESTAT:LFSA_ERGAN(1.0),A,PC,T,Y20-64,TOTAL,MT,2013,66.2,,
dataflow,ESTAT:LFSA_ERGAN(1.0),A,PC,T,Y20-64,TOTAL,MT,2014,67.9,,
dataflow,ESTAT:LFSA_ERGAN(1.0),A,PC,T,Y20-64,TOTAL,MT,2015,69.0,,
dataflow,ESTAT:LFSA_ERGAN(1.0),A,PC,T,Y20-64,TOTAL,MT,2016,71.1,,
dataflow,ESTAT:LFSA_ERGAN(1.0),A,PC,T,Y20-64,TOTAL,MT,2017,73.0,,
dataflow,ESTAT:LFSA_ERGAN(1.0),A,PC,T,Y20-64,TOTAL,MT,2018,74.9,,
dataflow,ESTAT:LFSA_ERGAN(1.0),A,PC,T,Y20-64,TOTAL,MT,2019,75.6,,
dataflow,ESTAT:LFSA_ERGAN(1.0),A,PC,T,Y20-64,TOTAL,MT,2020,76.0,,
dataflow,ESTAT:LFSA_ERGAN(1.0),A,PC,T,Y20-64,TOTAL,MT,2021,77.8,b,
dataflow,ESTAT:LFSA_ERGAN(1.0),A,PC,T,Y20-64,TOTAL,MT,2022,80.1,,
dataflow,ESTAT:LFSA_ERGAN(1.0),A,PC,T,Y20-64,TOTAL,MT,2023,81.3,,
dataflow,ESTAT:LFSA_ERGAN(1.0),A,PC,T,Y20-64,TOTAL,MT,2024,82.7,,
dataflow,ESTAT:LFSA_ERGAN(1.0),A,PC,T,Y20-64,TOTAL,MT,2025,83.6,,
dataflow,ESTAT:LFSA_ERGAN(1.0),A,PC,T,Y20-64,TOTAL,NL,1995,66.8,,
dataflow,ESTAT:LFSA_ERGAN(1.0),A,PC,T,Y20-64,TOTAL,NL,1996,68.0,,
dataflow,ESTAT:LFSA_ERGAN(1.0),A,PC,T,Y20-64,TOTAL,NL,1997,70.0,,
dataflow,ESTAT:LFSA_ERGAN(1.0),A,PC,T,Y20-64,TOTAL,NL,1998,71.5,,
dataflow,ESTAT:LFSA_ERGAN(1.0),A,PC,T,Y20-64,TOTAL,NL,1999,72.9,,
dataflow,ESTAT:LFSA_ERGAN(1.0),A,PC,T,Y20-64,TOTAL,NL,2000,74.2,,
dataflow,ESTAT:LFSA_ERGAN(1.0),A,PC,T,Y20-64,TOTAL,NL,2001,75.3,,
dataflow,ESTAT:LFSA_ERGAN(1.0),A,PC,T,Y20-64,TOTAL,NL,2002,75.8,,
dataflow,ESTAT:LFSA_ERGAN(1.0),A,PC,T,Y20-64,TOTAL,NL,2003,75.3,,
dataflow,ESTAT:LFSA_ERGAN(1.0),A,PC,T,Y20-64,TOTAL,NL,2004,74.9,,
dataflow,ESTAT:LFSA_ERGAN(1.0),A,PC,T,Y20-64,TOTAL,NL,2005,72.7,b,
dataflow,ESTAT:LFSA_ERGAN(1.0),A,PC,T,Y20-64,TOTAL,NL,2006,73.7,b,
dataflow,ESTAT:LFSA_ERGAN(1.0),A,PC,T,Y20-64,TOTAL,NL,2007,75.5,,
dataflow,ESTAT:LFSA_ERGAN(1.0),A,PC,T,Y20-64,TOTAL,NL,2008,76.9,,
dataflow,ESTAT:LFSA_ERGAN(1.0),A,PC,T,Y20-64,TOTAL,NL,2009,76.8,,
dataflow,ESTAT:LFSA_ERGAN(1.0),A,PC,T,Y20-64,TOTAL,NL,2010,76.2,,
dataflow,ESTAT:LFSA_ERGAN(1.0),A,PC,T,Y20-64,TOTAL,NL,2011,76.4,,
dataflow,ESTAT:LFSA_ERGAN(1.0),A,PC,T,Y20-64,TOTAL,NL,2012,76.6,,
dataflow,ESTAT:LFSA_ERGAN(1.0),A,PC,T,Y20-64,TOTAL,NL,2013,75.9,b,
dataflow,ESTAT:LFSA_ERGAN(1.0),A,PC,T,Y20-64,TOTAL,NL,2014,75.4,,
dataflow,ESTAT:LFSA_ERGAN(1.0),A,PC,T,Y20-64,TOTAL,NL,2015,76.4,,
dataflow,ESTAT:LFSA_ERGAN(1.0),A,PC,T,Y20-64,TOTAL,NL,2016,77.1,,
dataflow,ESTAT:LFSA_ERGAN(1.0),A,PC,T,Y20-64,TOTAL,NL,2017,78.0,,
dataflow,ESTAT:LFSA_ERGAN(1.0),A,PC,T,Y20-64,TOTAL,NL,2018,79.2,,
dataflow,ESTAT:LFSA_ERGAN(1.0),A,PC,T,Y20-64,TOTAL,NL,2019,80.1,,
dataflow,ESTAT:LFSA_ERGAN(1.0),A,PC,T,Y20-64,TOTAL,NL,2020,80.0,,
dataflow,ESTAT:LFSA_ERGAN(1.0),A,PC,T,Y20-64,TOTAL,NL,2021,81.7,b,
dataflow,ESTAT:LFSA_ERGAN(1.0),A,PC,T,Y20-64,TOTAL,NL,2022,82.9,,
dataflow,ESTAT:LFSA_ERGAN(1.0),A,PC,T,Y20-64,TOTAL,NL,2023,83.5,,
dataflow,ESTAT:LFSA_ERGAN(1.0),A,PC,T,Y20-64,TOTAL,NL,2024,83.5,,
dataflow,ESTAT:LFSA_ERGAN(1.0),A,PC,T,Y20-64,TOTAL,NL,2025,83.4,,
dataflow,ESTAT:LFSA_ERGAN(1.0),A,PC,T,Y20-64,TOTAL,NO,1995,76.5,,
dataflow,ESTAT:LFSA_ERGAN(1.0),A,PC,T,Y20-64,TOTAL,NO,1996,78.1,,
dataflow,ESTAT:LFSA_ERGAN(1.0),A,PC,T,Y20-64,TOTAL,NO,1997,79.9,,
dataflow,ESTAT:LFSA_ERGAN(1.0),A,PC,T,Y20-64,TOTAL,NO,1998,81.4,,
dataflow,ESTAT:LFSA_ERGAN(1.0),A,PC,T,Y20-64,TOTAL,NO,1999,81.0,,
dataflow,ESTAT:LFSA_ERGAN(1.0),A,PC,T,Y20-64,TOTAL,NO,2000,80.7,,
dataflow,ESTAT:LFSA_ERGAN(1.0),A,PC,T,Y20-64,TOTAL,NO,2001,80.4,,
dataflow,ESTAT:LFSA_ERGAN(1.0),A,PC,T,Y20-64,TOTAL,NO,2002,80.3,,
dataflow,ESTAT:LFSA_ERGAN(1.0),A,PC,T,Y20-64,TOTAL,NO,2003,78.6,,
dataflow,ESTAT:LFSA_ERGAN(1.0),A,PC,T,Y20-64,TOTAL,NO,2004,78.4,,
dataflow,ESTAT:LFSA_ERGAN(1.0),A,PC,T,Y20-64,TOTAL,NO,2005,78.2,b,
dataflow,ESTAT:LFSA_ERGAN(1.0),A,PC,T,Y20-64,TOTAL,NO,2006,79.5,b,
dataflow,ESTAT:LFSA_ERGAN(1.0),A,PC,T,Y20-64,TOTAL,NO,2007,80.9,,
dataflow,ESTAT:LFSA_ERGAN(1.0),A,PC,T,Y20-64,TOTAL,NO,2008,81.8,,
dataflow,ESTAT:LFSA_ERGAN(1.0),A,PC,T,Y20-64,TOTAL,NO,2009,80.6,,
dataflow,ESTAT:LFSA_ERGAN(1.0),A,PC,T,Y20-64,TOTAL,NO,2010,79.6,,
dataflow,ESTAT:LFSA_ERGAN(1.0),A,PC,T,Y20-64,TOTAL,NO,2011,79.6,,
dataflow,ESTAT:LFSA_ERGAN(1.0),A,PC,T,Y20-64,TOTAL,NO,2012,79.9,,
dataflow,ESTAT:LFSA_ERGAN(1.0),A,PC,T,Y20-64,TOTAL,NO,2013,79.6,,
dataflow,ESTAT:LFSA_ERGAN(1.0),A,PC,T,Y20-64,TOTAL,NO,2014,79.6,,
dataflow,ESTAT:LFSA_ERGAN(1.0),A,PC,T,Y20-64,TOTAL,NO,2015,79.1,,
dataflow,ESTAT:LFSA_ERGAN(1.0),A,PC,T,Y20-64,TOTAL,NO,2016,78.6,,
dataflow,ESTAT:LFSA_ERGAN(1.0),A,PC,T,Y20-64,TOTAL,NO,2017,78.3,,
dataflow,ESTAT:LFSA_ERGAN(1.0),A,PC,T,Y20-64,TOTAL,NO,2018,79.2,,
dataflow,ESTAT:LFSA_ERGAN(1.0),A,PC,T,Y20-64,TOTAL,NO,2019,79.5,,
dataflow,ESTAT:LFSA_ERGAN(1.0),A,PC,T,Y20-64,TOTAL,NO,2020,78.8,,
dataflow,ESTAT:LFSA_ERGAN(1.0),A,PC,T,Y20-64,TOTAL,NO,2021,80.0,b,
dataflow,ESTAT:LFSA_ERGAN(1.0),A,PC,T,Y20-64,TOTAL,NO,2022,80.9,,
dataflow,ESTAT:LFSA_ERGAN(1.0),A,PC,T,Y20-64,TOTAL,NO,2023,80.4,,
dataflow,ESTAT:LFSA_ERGAN(1.0),A,PC,T,Y20-64,TOTAL,NO,2024,80.0,,
dataflow,ESTAT:LFSA_ERGAN(1.0),A,PC,T,Y20-64,TOTAL,NO,2025,79.5,,
dataflow,ESTAT:LFSA_ERGAN(1.0),A,PC,T,Y20-64,TOTAL,PL,1997,65.0,,
dataflow,ESTAT:LFSA_ERGAN(1.0),A,PC,T,Y20-64,TOTAL,PL,1998,65.5,,
dataflow,ESTAT:LFSA_ERGAN(1.0),A,PC,T,Y20-64,TOTAL,PL,1999,63.5,,
dataflow,ESTAT:LFSA_ERGAN(1.0),A,PC,T,Y20-64,TOTAL,PL,2000,61.1,b,
dataflow,ESTAT:LFSA_ERGAN(1.0),A,PC,T,Y20-64,TOTAL,PL,2001,59.8,b,
dataflow,ESTAT:LFSA_ERGAN(1.0),A,PC,T,Y20-64,TOTAL,PL,2002,57.7,,
dataflow,ESTAT:LFSA_ERGAN(1.0),A,PC,T,Y20-64,TOTAL,PL,2003,57.3,b,
dataflow,ESTAT:LFSA_ERGAN(1.0),A,PC,T,Y20-64,TOTAL,PL,2004,57.0,b,
dataflow,ESTAT:LFSA_ERGAN(1.0),A,PC,T,Y20-64,TOTAL,PL,2005,58.3,b,
dataflow,ESTAT:LFSA_ERGAN(1.0),A,PC,T,Y20-64,TOTAL,PL,2006,60.1,,
dataflow,ESTAT:LFSA_ERGAN(1.0),A,PC,T,Y20-64,TOTAL,PL,2007,62.7,,
dataflow,ESTAT:LFSA_ERGAN(1.0),A,PC,T,Y20-64,TOTAL,PL,2008,65.0,,
dataflow,ESTAT:LFSA_ERGAN(1.0),A,PC,T,Y20-64,TOTAL,PL,2009,64.9,,
dataflow,ESTAT:LFSA_ERGAN(1.0),A,PC,T,Y20-64,TOTAL,PL,2010,64.3,b,
dataflow,ESTAT:LFSA_ERGAN(1.0),A,PC,T,Y20-64,TOTAL,PL,2011,64.5,,
dataflow,ESTAT:LFSA_ERGAN(1.0),A,PC,T,Y20-64,TOTAL,PL,2012,64.7,,
dataflow,ESTAT:LFSA_ERGAN(1.0),A,PC,T,Y20-64,TOTAL,PL,2013,64.9,,
dataflow,ESTAT:LFSA_ERGAN(1.0),A,PC,T,Y20-64,TOTAL,PL,2014,66.5,,
dataflow,ESTAT:LFSA_ERGAN(1.0),A,PC,T,Y20-64,TOTAL,PL,2015,67.8,,
dataflow,ESTAT:LFSA_ERGAN(1.0),A,PC,T,Y20-64,TOTAL,PL,2016,69.3,,
dataflow,ESTAT:LFSA_ERGAN(1.0),A,PC,T,Y20-64,TOTAL,PL,2017,70.9,,
dataflow,ESTAT:LFSA_ERGAN(1.0),A,PC,T,Y20-64,TOTAL,PL,2018,72.2,,
dataflow,ESTAT:LFSA_ERGAN(1.0),A,PC,T,Y20-64,TOTAL,PL,2019,73.3,b,
dataflow,ESTAT:LFSA_ERGAN(1.0),A,PC,T,Y20-64,TOTAL,PL,2020,73.7,,
dataflow,ESTAT:LFSA_ERGAN(1.0),A,PC,T,Y20-64,TOTAL,PL,2021,75.5,b,
dataflow,ESTAT:LFSA_ERGAN(1.0),A,PC,T,Y20-64,TOTAL,PL,2022,76.7,,
dataflow,ESTAT:LFSA_ERGAN(1.0),A,PC,T,Y20-64,TOTAL,PL,2023,77.9,,
dataflow,ESTAT:LFSA_ERGAN(1.0),A,PC,T,Y20-64,TOTAL,PL,2024,78.4,,
dataflow,ESTAT:LFSA_ERGAN(1.0),A,PC,T,Y20-64,TOTAL,PL,2025,78.8,,
dataflow,ESTAT:LFSA_ERGAN(1.0),A,PC,T,Y20-64,TOTAL,PT,1995,68.2,,
dataflow,ESTAT:LFSA_ERGAN(1.0),A,PC,T,Y20-64,TOTAL,PT,1996,68.3,,
dataflow,ESTAT:LFSA_ERGAN(1.0),A,PC,T,Y20-64,TOTAL,PT,1997,69.0,,
dataflow,ESTAT:LFSA_ERGAN(1.0),A,PC,T,Y20-64,TOTAL,PT,1998,72.5,b,
dataflow,ESTAT:LFSA_ERGAN(1.0),A,PC,T,Y20-64,TOTAL,PT,1999,72.7,,
dataflow,ESTAT:LFSA_ERGAN(1.0),A,PC,T,Y20-64,TOTAL,PT,2000,73.5,,
dataflow,ESTAT:LFSA_ERGAN(1.0),A,PC,T,Y20-64,TOTAL,PT,2001,74.0,,
dataflow,ESTAT:LFSA_ERGAN(1.0),A,PC,T,Y20-64,TOTAL,PT,2002,74.1,,
dataflow,ESTAT:LFSA_ERGAN(1.0),A,PC,T,Y20-64,TOTAL,PT,2003,73.0,,
dataflow,ESTAT:LFSA_ERGAN(1.0),A,PC,T,Y20-64,TOTAL,PT,2004,72.6,,
dataflow,ESTAT:LFSA_ERGAN(1.0),A,PC,T,Y20-64,TOTAL,PT,2005,72.2,b,
dataflow,ESTAT:LFSA_ERGAN(1.0),A,PC,T,Y20-64,TOTAL,PT,2006,72.6,,
dataflow,ESTAT:LFSA_ERGAN(1.0),A,PC,T,Y20-64,TOTAL,PT,2007,72.5,,
dataflow,ESTAT:LFSA_ERGAN(1.0),A,PC,T,Y20-64,TOTAL,PT,2008,73.1,,
dataflow,ESTAT:LFSA_ERGAN(1.0),A,PC,T,Y20-64,TOTAL,PT,2009,71.1,,
dataflow,ESTAT:LFSA_ERGAN(1.0),A,PC,T,Y20-64,TOTAL,PT,2010,70.3,,
dataflow,ESTAT:LFSA_ERGAN(1.0),A,PC,T,Y20-64,TOTAL,PT,2011,68.8,b,
dataflow,ESTAT:LFSA_ERGAN(1.0),A,PC,T,Y20-64,TOTAL,PT,2012,66.3,,
dataflow,ESTAT:LFSA_ERGAN(1.0),A,PC,T,Y20-64,TOTAL,PT,2013,65.3,,
dataflow,ESTAT:LFSA_ERGAN(1.0),A,PC,T,Y20-64,TOTAL,PT,2014,67.6,,
dataflow,ESTAT:LFSA_ERGAN(1.0),A,PC,T,Y20-64,TOTAL,PT,2015,69.1,,
dataflow,ESTAT:LFSA_ERGAN(1.0),A,PC,T,Y20-64,TOTAL,PT,2016,70.6,,
dataflow,ESTAT:LFSA_ERGAN(1.0),A,PC,T,Y20-64,TOTAL,PT,2017,73.4,,
dataflow,ESTAT:LFSA_ERGAN(1.0),A,PC,T,Y20-64,TOTAL,PT,2018,75.4,,
dataflow,ESTAT:LFSA_ERGAN(1.0),A,PC,T,Y20-64,TOTAL,PT,2019,76.1,,
dataflow,ESTAT:LFSA_ERGAN(1.0),A,PC,T,Y20-64,TOTAL,PT,2020,74.4,,
dataflow,ESTAT:LFSA_ERGAN(1.0),A,PC,T,Y20-64,TOTAL,PT,2021,75.5,b,
dataflow,ESTAT:LFSA_ERGAN(1.0),A,PC,T,Y20-64,TOTAL,PT,2022,77.1,,
dataflow,ESTAT:LFSA_ERGAN(1.0),A,PC,T,Y20-64,TOTAL,PT,2023,78.0,,
dataflow,ESTAT:LFSA_ERGAN(1.0),A,PC,T,Y20-64,TOTAL,PT,2024,78.5,,
dataflow,ESTAT:LFSA_ERGAN(1.0),A,PC,T,Y20-64,TOTAL,PT,2025,79.6,,
dataflow,ESTAT:LFSA_ERGAN(1.0),A,PC,T,Y20-64,TOTAL,RO,1997,73.6,,
dataflow,ESTAT:LFSA_ERGAN(1.0),A,PC,T,Y20-64,TOTAL,RO,1998,72.2,,
dataflow,ESTAT:LFSA_ERGAN(1.0),A,PC,T,Y20-64,TOTAL,RO,1999,71.4,,
dataflow,ESTAT:LFSA_ERGAN(1.0),A,PC,T,Y20-64,TOTAL,RO,2000,70.5,,
dataflow,ESTAT:LFSA_ERGAN(1.0),A,PC,T,Y20-64,TOTAL,RO,2001,69.4,,
dataflow,ESTAT:LFSA_ERGAN(1.0),A,PC,T,Y20-64,TOTAL,RO,2002,64.3,b,
dataflow,ESTAT:LFSA_ERGAN(1.0),A,PC,T,Y20-64,TOTAL,RO,2003,64.8,b,
dataflow,ESTAT:LFSA_ERGAN(1.0),A,PC,T,Y20-64,TOTAL,RO,2004,64.7,,
dataflow,ESTAT:LFSA_ERGAN(1.0),A,PC,T,Y20-64,TOTAL,RO,2005,63.6,b,
dataflow,ESTAT:LFSA_ERGAN(1.0),A,PC,T,Y20-64,TOTAL,RO,2006,64.8,,
dataflow,ESTAT:LFSA_ERGAN(1.0),A,PC,T,Y20-64,TOTAL,RO,2007,64.4,,
dataflow,ESTAT:LFSA_ERGAN(1.0),A,PC,T,Y20-64,TOTAL,RO,2008,64.4,,
dataflow,ESTAT:LFSA_ERGAN(1.0),A,PC,T,Y20-64,TOTAL,RO,2009,63.5,,
dataflow,ESTAT:LFSA_ERGAN(1.0),A,PC,T,Y20-64,TOTAL,RO,2010,64.8,b,
dataflow,ESTAT:LFSA_ERGAN(1.0),A,PC,T,Y20-64,TOTAL,RO,2011,63.8,,
dataflow,ESTAT:LFSA_ERGAN(1.0),A,PC,T,Y20-64,TOTAL,RO,2012,64.8,,
dataflow,ESTAT:LFSA_ERGAN(1.0),A,PC,T,Y20-64,TOTAL,RO,2013,64.7,,
dataflow,ESTAT:LFSA_ERGAN(1.0),A,PC,T,Y20-64,TOTAL,RO,2014,65.7,,
dataflow,ESTAT:LFSA_ERGAN(1.0),A,PC,T,Y20-64,TOTAL,RO,2015,66.0,,
dataflow,ESTAT:LFSA_ERGAN(1.0),A,PC,T,Y20-64,TOTAL,RO,2016,66.3,,
dataflow,ESTAT:LFSA_ERGAN(1.0),A,PC,T,Y20-64,TOTAL,RO,2017,68.8,,
dataflow,ESTAT:LFSA_ERGAN(1.0),A,PC,T,Y20-64,TOTAL,RO,2018,69.9,,
dataflow,ESTAT:LFSA_ERGAN(1.0),A,PC,T,Y20-64,TOTAL,RO,2019,70.9,,
dataflow,ESTAT:LFSA_ERGAN(1.0),A,PC,T,Y20-64,TOTAL,RO,2020,70.8,,
dataflow,ESTAT:LFSA_ERGAN(1.0),A,PC,T,Y20-64,TOTAL,RO,2021,67.1,b,
dataflow,ESTAT:LFSA_ERGAN(1.0),A,PC,T,Y20-64,TOTAL,RO,2022,68.5,,
dataflow,ESTAT:LFSA_ERGAN(1.0),A,PC,T,Y20-64,TOTAL,RO,2023,68.7,,
dataflow,ESTAT:LFSA_ERGAN(1.0),A,PC,T,Y20-64,TOTAL,RO,2024,69.5,,
dataflow,ESTAT:LFSA_ERGAN(1.0),A,PC,T,Y20-64,TOTAL,RO,2025,69.0,,
dataflow,ESTAT:LFSA_ERGAN(1.0),A,PC,T,Y20-64,TOTAL,RS,2010,51.4,,
dataflow,ESTAT:LFSA_ERGAN(1.0),A,PC,T,Y20-64,TOTAL,RS,2011,49.3,,
dataflow,ESTAT:LFSA_ERGAN(1.0),A,PC,T,Y20-64,TOTAL,RS,2012,49.0,,
dataflow,ESTAT:LFSA_ERGAN(1.0),A,PC,T,Y20-64,TOTAL,RS,2013,51.3,,
dataflow,ESTAT:LFSA_ERGAN(1.0),A,PC,T,Y20-64,TOTAL,RS,2014,54.8,b,
dataflow,ESTAT:LFSA_ERGAN(1.0),A,PC,T,Y20-64,TOTAL,RS,2015,56.0,,
dataflow,ESTAT:LFSA_ERGAN(1.0),A,PC,T,Y20-64,TOTAL,RS,2016,59.1,,
dataflow,ESTAT:LFSA_ERGAN(1.0),A,PC,T,Y20-64,TOTAL,RS,2017,61.4,,
dataflow,ESTAT:LFSA_ERGAN(1.0),A,PC,T,Y20-64,TOTAL,RS,2018,63.1,,
dataflow,ESTAT:LFSA_ERGAN(1.0),A,PC,T,Y20-64,TOTAL,RS,2019,65.2,,
dataflow,ESTAT:LFSA_ERGAN(1.0),A,PC,T,Y20-64,TOTAL,RS,2020,65.9,,
dataflow,ESTAT:LFSA_ERGAN(1.0),A,PC,T,Y20-64,TOTAL,RS,2021,66.2,b,
dataflow,ESTAT:LFSA_ERGAN(1.0),A,PC,T,Y20-64,TOTAL,RS,2022,68.8,,
dataflow,ESTAT:LFSA_ERGAN(1.0),A,PC,T,Y20-64,TOTAL,RS,2023,69.6,,
dataflow,ESTAT:LFSA_ERGAN(1.0),A,PC,T,Y20-64,TOTAL,RS,2024,71.3,,
dataflow,ESTAT:LFSA_ERGAN(1.0),A,PC,T,Y20-64,TOTAL,RS,2025,71.6,,
dataflow,ESTAT:LFSA_ERGAN(1.0),A,PC,T,Y20-64,TOTAL,SE,1995,76.2,,
dataflow,ESTAT:LFSA_ERGAN(1.0),A,PC,T,Y20-64,TOTAL,SE,1996,75.0,,
dataflow,ESTAT:LFSA_ERGAN(1.0),A,PC,T,Y20-64,TOTAL,SE,1997,73.8,,
dataflow,ESTAT:LFSA_ERGAN(1.0),A,PC,T,Y20-64,TOTAL,SE,1998,74.0,,
dataflow,ESTAT:LFSA_ERGAN(1.0),A,PC,T,Y20-64,TOTAL,SE,1999,75.8,,
dataflow,ESTAT:LFSA_ERGAN(1.0),A,PC,T,Y20-64,TOTAL,SE,2000,76.3,,
dataflow,ESTAT:LFSA_ERGAN(1.0),A,PC,T,Y20-64,TOTAL,SE,2001,78.9,b,
dataflow,ESTAT:LFSA_ERGAN(1.0),A,PC,T,Y20-64,TOTAL,SE,2002,78.8,,
dataflow,ESTAT:LFSA_ERGAN(1.0),A,PC,T,Y20-64,TOTAL,SE,2003,78.5,,
dataflow,ESTAT:LFSA_ERGAN(1.0),A,PC,T,Y20-64,TOTAL,SE,2004,77.8,,
dataflow,ESTAT:LFSA_ERGAN(1.0),A,PC,T,Y20-64,TOTAL,SE,2005,77.9,b,
dataflow,ESTAT:LFSA_ERGAN(1.0),A,PC,T,Y20-64,TOTAL,SE,2006,78.8,,
dataflow,ESTAT:LFSA_ERGAN(1.0),A,PC,T,Y20-64,TOTAL,SE,2007,80.1,,
dataflow,ESTAT:LFSA_ERGAN(1.0),A,PC,T,Y20-64,TOTAL,SE,2008,80.4,,
dataflow,ESTAT:LFSA_ERGAN(1.0),A,PC,T,Y20-64,TOTAL,SE,2009,78.3,,
dataflow,ESTAT:LFSA_ERGAN(1.0),A,PC,T,Y20-64,TOTAL,SE,2010,78.1,,
dataflow,ESTAT:LFSA_ERGAN(1.0),A,PC,T,Y20-64,TOTAL,SE,2011,79.4,,
dataflow,ESTAT:LFSA_ERGAN(1.0),A,PC,T,Y20-64,TOTAL,SE,2012,79.4,,
dataflow,ESTAT:LFSA_ERGAN(1.0),A,PC,T,Y20-64,TOTAL,SE,2013,79.8,,
dataflow,ESTAT:LFSA_ERGAN(1.0),A,PC,T,Y20-64,TOTAL,SE,2014,80.0,,
dataflow,ESTAT:LFSA_ERGAN(1.0),A,PC,T,Y20-64,TOTAL,SE,2015,80.5,,
dataflow,ESTAT:LFSA_ERGAN(1.0),A,PC,T,Y20-64,TOTAL,SE,2016,81.2,,
dataflow,ESTAT:LFSA_ERGAN(1.0),A,PC,T,Y20-64,TOTAL,SE,2017,81.8,,
dataflow,ESTAT:LFSA_ERGAN(1.0),A,PC,T,Y20-64,TOTAL,SE,2018,82.4,b,
dataflow,ESTAT:LFSA_ERGAN(1.0),A,PC,T,Y20-64,TOTAL,SE,2019,82.1,,
dataflow,ESTAT:LFSA_ERGAN(1.0),A,PC,T,Y20-64,TOTAL,SE,2020,80.8,,
dataflow,ESTAT:LFSA_ERGAN(1.0),A,PC,T,Y20-64,TOTAL,SE,2021,80.4,b,
dataflow,ESTAT:LFSA_ERGAN(1.0),A,PC,T,Y20-64,TOTAL,SE,2022,82.0,,
dataflow,ESTAT:LFSA_ERGAN(1.0),A,PC,T,Y20-64,TOTAL,SE,2023,82.6,,
dataflow,ESTAT:LFSA_ERGAN(1.0),A,PC,T,Y20-64,TOTAL,SE,2024,81.9,,
dataflow,ESTAT:LFSA_ERGAN(1.0),A,PC,T,Y20-64,TOTAL,SE,2025,81.8,,
dataflow,ESTAT:LFSA_ERGAN(1.0),A,PC,T,Y20-64,TOTAL,SI,1996,68.6,,
dataflow,ESTAT:LFSA_ERGAN(1.0),A,PC,T,Y20-64,TOTAL,SI,1997,68.4,,
dataflow,ESTAT:LFSA_ERGAN(1.0),A,PC,T,Y20-64,TOTAL,SI,1998,69.3,,
dataflow,ESTAT:LFSA_ERGAN(1.0),A,PC,T,Y20-64,TOTAL,SI,1999,68.6,,
dataflow,ESTAT:LFSA_ERGAN(1.0),A,PC,T,Y20-64,TOTAL,SI,2000,68.5,,
dataflow,ESTAT:LFSA_ERGAN(1.0),A,PC,T,Y20-64,TOTAL,SI,2001,69.4,,
dataflow,ESTAT:LFSA_ERGAN(1.0),A,PC,T,Y20-64,TOTAL,SI,2002,70.0,,
dataflow,ESTAT:LFSA_ERGAN(1.0),A,PC,T,Y20-64,TOTAL,SI,2003,68.1,,
dataflow,ESTAT:LFSA_ERGAN(1.0),A,PC,T,Y20-64,TOTAL,SI,2004,71.0,,
dataflow,ESTAT:LFSA_ERGAN(1.0),A,PC,T,Y20-64,TOTAL,SI,2005,71.1,b,
dataflow,ESTAT:LFSA_ERGAN(1.0),A,PC,T,Y20-64,TOTAL,SI,2006,71.5,,
dataflow,ESTAT:LFSA_ERGAN(1.0),A,PC,T,Y20-64,TOTAL,SI,2007,72.4,,
dataflow,ESTAT:LFSA_ERGAN(1.0),A,PC,T,Y20-64,TOTAL,SI,2008,73.0,,
dataflow,ESTAT:LFSA_ERGAN(1.0),A,PC,T,Y20-64,TOTAL,SI,2009,71.9,,
dataflow,ESTAT:LFSA_ERGAN(1.0),A,PC,T,Y20-64,TOTAL,SI,2010,70.3,,
dataflow,ESTAT:LFSA_ERGAN(1.0),A,PC,T,Y20-64,TOTAL,SI,2011,68.4,,
dataflow,ESTAT:LFSA_ERGAN(1.0),A,PC,T,Y20-64,TOTAL,SI,2012,68.3,,
dataflow,ESTAT:LFSA_ERGAN(1.0),A,PC,T,Y20-64,TOTAL,SI,2013,67.2,,
dataflow,ESTAT:LFSA_ERGAN(1.0),A,PC,T,Y20-64,TOTAL,SI,2014,67.7,,
dataflow,ESTAT:LFSA_ERGAN(1.0),A,PC,T,Y20-64,TOTAL,SI,2015,69.1,,
dataflow,ESTAT:LFSA_ERGAN(1.0),A,PC,T,Y20-64,TOTAL,SI,2016,70.1,,
dataflow,ESTAT:LFSA_ERGAN(1.0),A,PC,T,Y20-64,TOTAL,SI,2017,73.4,,
dataflow,ESTAT:LFSA_ERGAN(1.0),A,PC,T,Y20-64,TOTAL,SI,2018,75.4,,
dataflow,ESTAT:LFSA_ERGAN(1.0),A,PC,T,Y20-64,TOTAL,SI,2019,76.4,,
dataflow,ESTAT:LFSA_ERGAN(1.0),A,PC,T,Y20-64,TOTAL,SI,2020,75.6,,
dataflow,ESTAT:LFSA_ERGAN(1.0),A,PC,T,Y20-64,TOTAL,SI,2021,76.1,b,
dataflow,ESTAT:LFSA_ERGAN(1.0),A,PC,T,Y20-64,TOTAL,SI,2022,77.9,,
dataflow,ESTAT:LFSA_ERGAN(1.0),A,PC,T,Y20-64,TOTAL,SI,2023,77.5,,
dataflow,ESTAT:LFSA_ERGAN(1.0),A,PC,T,Y20-64,TOTAL,SI,2024,78.3,,
dataflow,ESTAT:LFSA_ERGAN(1.0),A,PC,T,Y20-64,TOTAL,SI,2025,78.3,,
dataflow,ESTAT:LFSA_ERGAN(1.0),A,PC,T,Y20-64,TOTAL,SK,1998,67.5,,
dataflow,ESTAT:LFSA_ERGAN(1.0),A,PC,T,Y20-64,TOTAL,SK,1999,64.7,b,
dataflow,ESTAT:LFSA_ERGAN(1.0),A,PC,T,Y20-64,TOTAL,SK,2000,63.0,,
dataflow,ESTAT:LFSA_ERGAN(1.0),A,PC,T,Y20-64,TOTAL,SK,2001,63.4,,
dataflow,ESTAT:LFSA_ERGAN(1.0),A,PC,T,Y20-64,TOTAL,SK,2002,63.2,,
dataflow,ESTAT:LFSA_ERGAN(1.0),A,PC,T,Y20-64,TOTAL,SK,2003,65.0,b,
dataflow,ESTAT:LFSA_ERGAN(1.0),A,PC,T,Y20-64,TOTAL,SK,2004,63.5,,
dataflow,ESTAT:LFSA_ERGAN(1.0),A,PC,T,Y20-64,TOTAL,SK,2005,64.5,b,
dataflow,ESTAT:LFSA_ERGAN(1.0),A,PC,T,Y20-64,TOTAL,SK,2006,66.0,,
dataflow,ESTAT:LFSA_ERGAN(1.0),A,PC,T,Y20-64,TOTAL,SK,2007,67.2,,
dataflow,ESTAT:LFSA_ERGAN(1.0),A,PC,T,Y20-64,TOTAL,SK,2008,68.8,,
dataflow,ESTAT:LFSA_ERGAN(1.0),A,PC,T,Y20-64,TOTAL,SK,2009,66.4,,
dataflow,ESTAT:LFSA_ERGAN(1.0),A,PC,T,Y20-64,TOTAL,SK,2010,64.6,,
dataflow,ESTAT:LFSA_ERGAN(1.0),A,PC,T,Y20-64,TOTAL,SK,2011,65.0,b,
dataflow,ESTAT:LFSA_ERGAN(1.0),A,PC,T,Y20-64,TOTAL,SK,2012,65.1,,
dataflow,ESTAT:LFSA_ERGAN(1.0),A,PC,T,Y20-64,TOTAL,SK,2013,65.0,,
dataflow,ESTAT:LFSA_ERGAN(1.0),A,PC,T,Y20-64,TOTAL,SK,2014,65.9,,
dataflow,ESTAT:LFSA_ERGAN(1.0),A,PC,T,Y20-64,TOTAL,SK,2015,67.7,,
dataflow,ESTAT:LFSA_ERGAN(1.0),A,PC,T,Y20-64,TOTAL,SK,2016,69.8,,
dataflow,ESTAT:LFSA_ERGAN(1.0),A,PC,T,Y20-64,TOTAL,SK,2017,71.1,,
dataflow,ESTAT:LFSA_ERGAN(1.0),A,PC,T,Y20-64,TOTAL,SK,2018,72.4,,
dataflow,ESTAT:LFSA_ERGAN(1.0),A,PC,T,Y20-64,TOTAL,SK,2019,73.4,,
dataflow,ESTAT:LFSA_ERGAN(1.0),A,PC,T,Y20-64,TOTAL,SK,2020,72.5,,
dataflow,ESTAT:LFSA_ERGAN(1.0),A,PC,T,Y20-64,TOTAL,SK,2021,74.6,b,
dataflow,ESTAT:LFSA_ERGAN(1.0),A,PC,T,Y20-64,TOTAL,SK,2022,76.7,,
dataflow,ESTAT:LFSA_ERGAN(1.0),A,PC,T,Y20-64,TOTAL,SK,2023,77.5,,
dataflow,ESTAT:LFSA_ERGAN(1.0),A,PC,T,Y20-64,TOTAL,SK,2024,78.1,,
dataflow,ESTAT:LFSA_ERGAN(1.0),A,PC,T,Y20-64,TOTAL,SK,2025,78.1,,
dataflow,ESTAT:LFSA_ERGAN(1.0),A,PC,T,Y20-64,TOTAL,TR,2006,48.2,,
dataflow,ESTAT:LFSA_ERGAN(1.0),A,PC,T,Y20-64,TOTAL,TR,2007,48.2,,
dataflow,ESTAT:LFSA_ERGAN(1.0),A,PC,T,Y20-64,TOTAL,TR,2008,48.4,,
dataflow,ESTAT:LFSA_ERGAN(1.0),A,PC,T,Y20-64,TOTAL,TR,2009,47.8,,
dataflow,ESTAT:LFSA_ERGAN(1.0),A,PC,T,Y20-64,TOTAL,TR,2010,50.0,,
dataflow,ESTAT:LFSA_ERGAN(1.0),A,PC,T,Y20-64,TOTAL,TR,2011,52.2,,
dataflow,ESTAT:LFSA_ERGAN(1.0),A,PC,T,Y20-64,TOTAL,TR,2012,52.8,,
dataflow,ESTAT:LFSA_ERGAN(1.0),A,PC,T,Y20-64,TOTAL,TR,2013,53.4,,
dataflow,ESTAT:LFSA_ERGAN(1.0),A,PC,T,Y20-64,TOTAL,TR,2014,53.2,b,
dataflow,ESTAT:LFSA_ERGAN(1.0),A,PC,T,Y20-64,TOTAL,TR,2015,53.9,,
dataflow,ESTAT:LFSA_ERGAN(1.0),A,PC,T,Y20-64,TOTAL,TR,2016,54.4,,
dataflow,ESTAT:LFSA_ERGAN(1.0),A,PC,T,Y20-64,TOTAL,TR,2017,55.3,,
dataflow,ESTAT:LFSA_ERGAN(1.0),A,PC,T,Y20-64,TOTAL,TR,2018,55.6,,
dataflow,ESTAT:LFSA_ERGAN(1.0),A,PC,T,Y20-64,TOTAL,TR,2019,53.8,,
dataflow,ESTAT:LFSA_ERGAN(1.0),A,PC,T,Y20-64,TOTAL,TR,2020,51.0,,
dataflow,ESTAT:LFSA_ERGAN(1.0),A,PC,T,Y20-64,TOTAL,TR,2021,53.9,b,
dataflow,ESTAT:LFSA_ERGAN(1.0),A,PC,T,Y20-64,TOTAL,TR,2022,56.5,,
dataflow,ESTAT:LFSA_ERGAN(1.0),A,PC,T,Y20-64,TOTAL,TR,2023,57.3,,
dataflow,ESTAT:LFSA_ERGAN(1.0),A,PC,T,Y20-64,TOTAL,TR,2024,58.5,,
dataflow,ESTAT:LFSA_ERGAN(1.0),A,PC,T,Y20-64,TOTAL,TR,2025,58.1,,
dataflow,ESTAT:LFSA_ERGAN(1.0),A,PC,T,Y20-64,TOTAL,UK,1995,71.0,,
dataflow,ESTAT:LFSA_ERGAN(1.0),A,PC,T,Y20-64,TOTAL,UK,1996,71.5,,
dataflow,ESTAT:LFSA_ERGAN(1.0),A,PC,T,Y20-64,TOTAL,UK,1997,72.5,,
dataflow,ESTAT:LFSA_ERGAN(1.0),A,PC,T,Y20-64,TOTAL,UK,1998,73.0,,
dataflow,ESTAT:LFSA_ERGAN(1.0),A,PC,T,Y20-64,TOTAL,UK,1999,73.3,b,
dataflow,ESTAT:LFSA_ERGAN(1.0),A,PC,T,Y20-64,TOTAL,UK,2000,73.9,,
dataflow,ESTAT:LFSA_ERGAN(1.0),A,PC,T,Y20-64,TOTAL,UK,2001,74.3,,
dataflow,ESTAT:LFSA_ERGAN(1.0),A,PC,T,Y20-64,TOTAL,UK,2002,74.3,,
dataflow,ESTAT:LFSA_ERGAN(1.0),A,PC,T,Y20-64,TOTAL,UK,2003,74.7,,
dataflow,ESTAT:LFSA_ERGAN(1.0),A,PC,T,Y20-64,TOTAL,UK,2004,74.9,b,
dataflow,ESTAT:LFSA_ERGAN(1.0),A,PC,T,Y20-64,TOTAL,UK,2005,75.2,b,
dataflow,ESTAT:LFSA_ERGAN(1.0),A,PC,T,Y20-64,TOTAL,UK,2006,75.2,,
dataflow,ESTAT:LFSA_ERGAN(1.0),A,PC,T,Y20-64,TOTAL,UK,2007,75.2,b,
dataflow,ESTAT:LFSA_ERGAN(1.0),A,PC,T,Y20-64,TOTAL,UK,2008,75.2,b,
dataflow,ESTAT:LFSA_ERGAN(1.0),A,PC,T,Y20-64,TOTAL,UK,2009,73.9,,
dataflow,ESTAT:LFSA_ERGAN(1.0),A,PC,T,Y20-64,TOTAL,UK,2010,73.5,,
dataflow,ESTAT:LFSA_ERGAN(1.0),A,PC,T,Y20-64,TOTAL,UK,2011,73.5,,
dataflow,ESTAT:LFSA_ERGAN(1.0),A,PC,T,Y20-64,TOTAL,UK,2012,74.1,,
dataflow,ESTAT:LFSA_ERGAN(1.0),A,PC,T,Y20-64,TOTAL,UK,2013,74.8,,
dataflow,ESTAT:LFSA_ERGAN(1.0),A,PC,T,Y20-64,TOTAL,UK,2014,76.2,,
dataflow,ESTAT:LFSA_ERGAN(1.0),A,PC,T,Y20-64,TOTAL,UK,2015,76.8,,
dataflow,ESTAT:LFSA_ERGAN(1.0),A,PC,T,Y20-64,TOTAL,UK,2016,77.5,,
dataflow,ESTAT:LFSA_ERGAN(1.0),A,PC,T,Y20-64,TOTAL,UK,2017,78.2,,
dataflow,ESTAT:LFSA_ERGAN(1.0),A,PC,T,Y20-64,TOTAL,UK,2018,78.7,,
dataflow,ESTAT:LFSA_ERGAN(1.0),A,PC,T,Y20-64,TOTAL,UK,2019,79.3,,
